timestamp,date_GMT,status,attendance,home_team_name,away_team_name,referee,Game Week,Pre-Match PPG (Home),Pre-Match PPG (Away),home_ppg,away_ppg,home_team_goal_count,away_team_goal_count,total_goal_count,total_goals_at_half_time,home_team_goal_count_half_time,away_team_goal_count_half_time,home_team_goal_timings,away_team_goal_timings,home_team_corner_count,away_team_corner_count,home_team_yellow_cards,home_team_red_cards,away_team_yellow_cards,away_team_red_cards,home_team_first_half_cards,home_team_second_half_cards,away_team_first_half_cards,away_team_second_half_cards,home_team_shots,away_team_shots,home_team_shots_on_target,away_team_shots_on_target,home_team_shots_off_target,away_team_shots_off_target,home_team_fouls,away_team_fouls,home_team_possession,away_team_possession,Home Team Pre-Match xG,Away Team Pre-Match xG,team_a_xg,team_b_xg,average_goals_per_match_pre_match,btts_percentage_pre_match,over_15_percentage_pre_match,over_25_percentage_pre_match,over_35_percentage_pre_match,over_45_percentage_pre_match,over_15_HT_FHG_percentage_pre_match,over_05_HT_FHG_percentage_pre_match,over_15_2HG_percentage_pre_match,over_05_2HG_percentage_pre_match,average_corners_per_match_pre_match,average_cards_per_match_pre_match,odds_ft_home_team_win,odds_ft_draw,odds_ft_away_team_win,odds_ft_over15,odds_ft_over25,odds_ft_over35,odds_ft_over45,odds_btts_yes,odds_btts_no,stadium_name
1723226400,Aug 09 2024 - 6:00pm,complete,N/A,Eindhoven,Den Bosch,Laurens Gerrets,1,0.00,0.00,1.34,1.45,2,0,2,1,1,0,"45,48","",2,5,1,0,1,0,1,0,1,0,9,7,6,3,3,4,7,16,52,48,0.00,0.00,1.51,1.29,0.00,0,0,0,0,0,0,0,0,0,0.00,0.00,1.85,3.50,3.70,1.22,1.70,2.85,5.00,1.62,2.20,Jan Louwers Stadion (Eindhoven)
1723226400,Aug 09 2024 - 6:00pm,complete,N/A,Emmen,Dordrecht,Martijn Vos,1,0.00,0.00,1.47,1.79,1,2,3,2,0,2,"49","5,18",8,5,0,0,4,0,0,0,1,3,14,13,9,7,5,6,15,20,63,37,0.00,0.00,2.03,1.70,0.00,0,0,0,0,0,0,0,0,0,0.00,0.00,2.30,3.70,2.55,1.16,1.50,2.20,4.00,1.44,2.63,De Oude Meerdijk (Emmen)
1723226400,Aug 09 2024 - 6:00pm,complete,N/A,Helmond Sport,Utrecht II,Kevin Puts,1,0.00,0.00,1.21,0.61,1,1,2,2,1,1,"25","8",3,4,2,0,1,0,0,2,0,1,8,6,2,1,6,5,17,8,60,40,0.00,0.00,0.96,0.77,0.00,0,0,0,0,0,0,0,0,0,0.00,0.00,1.57,3.70,5.25,1.18,1.62,2.45,4.20,1.67,2.10,GS Staalwerken Stadion (Helmond)
1723226400,Aug 09 2024 - 6:00pm,complete,N/A,MVV,Cambuur,Stan Teuben,1,0.00,0.00,1.05,1.87,0,1,1,0,0,0,"","70",2,7,2,0,1,0,1,1,0,1,7,10,2,3,5,7,8,12,50,50,0.00,0.00,0.99,1.22,0.00,0,0,0,0,0,0,0,0,0,0.00,0.00,2.45,3.60,2.45,1.13,1.57,2.30,3.74,1.50,2.50,De Geusselt (Maastricht)
1723226400,Aug 09 2024 - 6:00pm,complete,N/A,Oss,Excelsior,Martin Perez,1,0.00,0.00,1.00,1.95,3,1,4,1,0,1,"46,49,90'3","7",2,10,1,0,1,0,0,1,0,1,7,16,3,7,4,9,8,12,47,53,0.00,0.00,1.01,2.10,0.00,0,0,0,0,0,0,0,0,0,0.00,0.00,3.60,3.90,1.80,1.17,1.57,2.40,4.20,1.57,2.25,Frans Heesen Stadion (Oss)
1723226400,Aug 09 2024 - 6:00pm,complete,N/A,Vitesse,Telstar,Robin Hensgens,1,0.00,0.00,1.16,1.61,2,3,5,1,0,1,"70,73","35,81,86",4,2,3,0,2,0,1,2,1,1,15,10,4,3,11,7,11,10,63,37,0.00,0.00,1.69,1.07,0.00,0,0,0,0,0,0,0,0,0,0.00,0.00,1.80,3.50,4.10,1.20,1.65,2.70,4.75,1.57,2.25,GelreDome (Arnhem)
1723300200,Aug 10 2024 - 2:30pm,complete,N/A,ADO Den Haag,VVV,Ingmar Oostrom,1,0.00,0.00,1.84,1.08,1,1,2,1,1,0,"38","69",2,0,3,1,0,0,2,2,0,0,7,6,3,3,4,3,15,15,50,50,0.00,0.00,1.04,1.08,0.00,0,0,0,0,0,0,0,0,0,0.00,0.00,1.60,4.10,4.33,1.14,1.57,2.39,3.98,1.62,2.20,Bingoal Stadion (Den Haag (‘s-Gravenhage))
1723387500,Aug 11 2024 - 2:45pm,complete,N/A,De Graafschap,Volendam,Edwin van de Graaf,1,0.00,0.00,1.71,2.16,4,3,7,3,2,1,"10,16,90'1,90'4","36,52,60",4,5,3,0,2,1,1,2,0,3,10,8,7,6,3,2,11,4,58,42,0.00,0.00,1.45,1.21,0.00,0,0,0,0,0,0,0,0,0,0.00,0.00,2.15,3.90,2.70,1.17,1.60,2.38,4.00,1.53,2.38,Stadion De Vijverberg (Doetinchem)
1723485600,Aug 12 2024 - 6:00pm,complete,N/A,AZ II,Roda JC,N/A,1,0.00,0.00,1.37,1.29,6,1,7,5,4,1,"12,15,29,34,56,59","32",7,10,0,0,3,0,0,0,2,1,16,12,9,7,7,5,10,11,55,45,0.00,0.00,2.07,1.72,0.00,0,0,0,0,0,0,0,0,0,0.00,0.00,2.60,3.90,2.38,1.14,1.57,2.38,3.95,1.53,2.38,AFAS Trainingscomplex (Wijdewormer)
1723485600,Aug 12 2024 - 6:00pm,complete,1450,PSV II,Ajax II,N/A,1,0.00,0.00,0.79,0.95,2,2,4,0,0,0,"55,90","85,90'5",7,7,1,0,2,0,0,1,0,2,23,21,11,9,12,12,12,7,58,42,0.00,0.00,2.62,2.36,0.00,0,0,0,0,0,0,0,0,0,0.00,0.00,2.30,3.75,2.75,1.18,1.53,2.25,4.20,1.50,2.50,Sportcomplex De Herdgang
1723831200,Aug 16 2024 - 6:00pm,complete,N/A,Excelsior,De Graafschap,Alex Bos,2,0.00,3.00,1.95,1.71,3,1,4,1,1,0,"13,59,66","90'5",6,4,3,0,1,0,1,2,0,1,12,12,4,6,8,6,14,3,45,55,2.10,1.45,1.50,1.72,5.50,100,100,100,100,50,50,100,100,100,14.00,4.00,1.91,3.80,3.75,1.13,1.50,2.20,3.60,1.50,2.50,Van Donge & De Roo Stadion (Rotterdam)
1723831200,Aug 16 2024 - 6:00pm,complete,N/A,Utrecht II,PSV II,Martijn Vos,2,1.00,1.00,0.61,0.79,0,2,2,1,0,1,"","4,51",2,3,1,0,1,0,1,0,0,1,3,9,2,6,1,3,14,10,41,59,0.77,2.62,0.67,1.33,3.00,100,100,50,50,0,50,50,50,50,11.00,2.00,2.50,3.80,2.55,1.09,1.44,2.00,3.14,1.40,2.75,Sportcomplex Zoudenbalch (Utrecht)
1723831200,Aug 16 2024 - 6:00pm,complete,N/A,Roda JC,Oss,Stan Teuben,2,0.00,3.00,1.29,1.00,0,0,0,0,0,0,"","",5,5,0,0,2,0,0,0,0,2,15,7,5,3,10,4,13,12,53,47,1.72,1.01,1.64,0.88,5.50,100,100,100,100,50,50,100,100,100,12.00,4.00,1.30,5.50,9.00,1.15,1.44,2.10,3.55,1.80,1.91,Parkstad Limburg Stadion (Kerkrade)
1723831200,Aug 16 2024 - 6:00pm,complete,N/A,Telstar,Eindhoven,Sander van der Eijk,2,3.00,3.00,1.61,1.34,0,3,3,1,0,1,"","23,54,74",8,1,0,0,1,0,0,0,1,0,7,5,2,3,5,2,11,13,54,46,1.07,1.51,1.13,0.75,3.50,50,100,50,50,50,0,100,50,100,4.00,3.00,1.87,3.75,3.75,1.16,1.63,2.45,4.33,1.60,2.30,711 Stadion (Velsen-Zuid)
1723831200,Aug 16 2024 - 6:00pm,complete,N/A,VVV,Vitesse,R Vereijken,2,1.00,0.00,1.08,1.16,0,1,1,0,0,0,"","53",11,4,0,0,3,0,0,0,2,1,15,5,6,3,9,2,7,15,46,54,1.08,1.69,2.00,0.94,3.50,100,100,50,50,50,0,100,50,100,4.00,3.00,2.25,3.75,2.90,1.18,1.60,2.40,4.00,1.53,2.38,Covebo Stadion - De Koel - (Venlo)
1723832100,Aug 16 2024 - 6:15pm,complete,N/A,Den Bosch,AZ II,Martin Perez,2,0.00,3.00,1.45,1.37,6,0,6,3,3,0,"16,23,28,50,81,85","",6,1,1,0,3,1,1,0,2,2,17,7,11,2,6,5,11,9,45,55,1.29,2.07,2.36,0.80,4.50,50,100,50,50,50,50,100,50,100,12.00,1.00,2.75,3.50,2.50,1.21,1.75,2.78,5.05,1.62,2.20,Stadion De Vliert ('s-Hertogenbosch)
1723905000,Aug 17 2024 - 2:30pm,complete,N/A,Dordrecht,ADO Den Haag,Marc Nagtegaal,2,3.00,1.00,1.79,1.84,1,1,2,1,0,1,"67","36",5,5,2,0,2,0,1,1,1,1,8,8,3,3,5,5,16,16,57,43,1.70,1.04,1.05,0.99,2.50,100,100,50,0,0,50,100,0,100,7.00,8.00,2.30,3.75,2.75,1.14,1.42,2.05,3.35,1.35,2.85,M-Scores Stadion (Dordrecht)
1723976100,Aug 18 2024 - 10:15am,complete,N/A,Cambuur,Helmond Sport,Allard Lindhout,2,3.00,1.00,1.87,1.21,0,1,1,1,0,1,"","25",8,4,1,0,3,1,1,0,2,2,15,1,8,1,7,0,10,15,63,37,1.22,0.96,1.92,0.40,1.50,50,50,0,0,0,50,50,0,50,10.00,3.00,1.65,4.13,4.67,1.15,1.57,2.32,4.05,1.58,2.23,Kooi Stadion (Leeuwarden)
1723992300,Aug 18 2024 - 2:45pm,complete,N/A,Volendam,Emmen,Laurens Gerrets,2,0.00,0.00,2.16,1.47,0,1,1,0,0,0,"","75",6,5,0,1,1,0,0,1,0,1,10,16,2,8,8,8,9,12,44,56,1.21,2.03,1.51,2.35,5.00,100,100,100,50,50,100,100,50,100,13.00,4.00,1.91,3.80,3.80,1.09,1.44,2.00,3.08,1.40,2.75,Kras Stadion (Volendam)
1724090400,Aug 19 2024 - 6:00pm,complete,N/A,Ajax II,MVV,Martijn Vos,2,1.00,0.00,0.95,1.05,0,0,0,0,0,0,"","",7,4,1,0,2,0,0,1,1,1,10,8,6,2,4,6,8,13,60,40,2.36,0.99,2.09,1.17,2.50,50,50,50,50,0,0,0,50,100,9.00,4.00,2.20,4.10,2.80,1.08,1.40,1.99,2.95,1.36,3.00,Sportpark De Toekomst (Amsterdam-Duivendrecht)
1724436000,Aug 23 2024 - 6:00pm,complete,N/A,ADO Den Haag,Volendam,Kevin Puts,3,1.00,0.00,1.84,2.16,2,1,3,1,1,0,"31,55","62",6,2,2,0,1,1,0,2,1,1,16,8,8,6,8,2,16,9,56,44,1.02,1.36,1.90,1.16,3.00,75,75,25,25,25,25,75,25,100,9.00,6.00,1.74,4.25,3.32,1.10,1.48,2.15,3.34,1.45,2.55,Bingoal Stadion (Den Haag (‘s-Gravenhage))
1724436000,Aug 23 2024 - 6:00pm,complete,N/A,De Graafschap,Utrecht II,Luuk Timmer,3,1.50,0.50,1.71,0.61,2,2,4,1,1,0,"44,81","66,68",4,3,1,0,1,0,0,1,0,1,9,10,5,6,4,4,10,8,48,52,1.59,0.72,1.34,1.54,3.75,75,100,50,50,25,50,100,50,75,7.00,3.00,1.35,5.34,7.50,1.07,1.33,1.94,2.91,1.55,2.25,Stadion De Vijverberg (Doetinchem)
1724436000,Aug 23 2024 - 6:00pm,complete,N/A,Den Bosch,MVV,Bas Nijhuis,3,1.50,0.50,1.45,1.05,1,1,2,1,1,0,"41","52",3,7,3,0,0,0,2,1,0,0,17,9,8,3,9,6,7,5,53,47,1.82,1.08,2.19,1.15,2.25,0,50,25,25,25,25,50,25,75,8.50,3.00,2.39,3.62,2.77,1.14,1.60,2.38,4.10,1.50,2.55,Stadion De Vliert ('s-Hertogenbosch)
1724436000,Aug 23 2024 - 6:00pm,complete,N/A,Emmen,Helmond Sport,Wouter Wiersma,3,1.50,2.00,1.47,1.21,0,0,0,0,0,0,"","",7,2,2,0,1,0,0,2,0,1,7,5,4,4,3,1,15,5,64,36,2.19,0.68,1.29,0.85,1.75,50,50,25,0,0,50,75,0,50,10.00,3.50,1.96,3.67,3.61,1.20,1.67,2.62,4.75,1.57,2.25,De Oude Meerdijk (Emmen)
1724436000,Aug 23 2024 - 6:00pm,complete,N/A,Oss,Cambuur,Martin van den Kerkhof,3,2.00,1.50,1.00,1.87,1,0,1,0,0,0,"65","",10,2,1,0,1,0,1,0,0,1,11,17,4,4,7,13,13,6,43,57,0.95,1.57,1.33,1.78,1.50,25,25,25,25,0,0,50,25,50,11.00,2.50,3.11,3.68,2.16,1.20,1.62,2.55,4.33,1.50,2.38,Frans Heesen Stadion (Oss)
1724509800,Aug 24 2024 - 2:30pm,complete,N/A,Eindhoven,Ajax II,Jannick van der Laan,3,3.00,1.00,1.34,0.95,0,3,3,1,0,1,"","8,66,80",4,11,1,0,2,0,0,1,1,1,4,11,4,9,0,2,15,11,57,43,1.13,2.22,1.02,1.75,2.25,25,75,50,25,0,0,50,50,75,8.50,2.50,1.95,3.88,3.34,1.10,1.42,2.20,3.70,1.44,2.57,Jan Louwers Stadion (Eindhoven)
1724580900,Aug 25 2024 - 10:15am,complete,N/A,Vitesse,Excelsior,Rob Dieperink,3,1.50,1.50,1.16,1.95,1,1,2,0,0,0,"52","90'2",0,12,1,0,6,0,1,0,4,2,4,16,3,7,1,9,12,19,38,62,1.32,1.80,0.59,1.93,3.50,75,75,75,75,25,0,75,75,100,12.00,5.00,2.46,3.80,2.65,1.18,1.62,2.40,4.33,1.53,2.38,GelreDome (Arnhem)
1724597100,Aug 25 2024 - 2:45pm,complete,N/A,VVV,Roda JC,Martijn Vos,3,0.50,0.50,1.08,1.29,1,1,2,1,1,0,"10","90'7",8,3,4,0,1,0,1,3,0,1,9,8,2,3,7,5,13,7,33,67,1.54,1.68,1.09,1.31,2.50,50,50,25,25,25,25,50,25,75,13.00,1.50,2.50,3.40,2.55,1.22,1.70,2.70,5.00,1.55,2.30,Covebo Stadion - De Koel - (Venlo)
1724695200,Aug 26 2024 - 6:00pm,complete,N/A,AZ II,Dordrecht,R Vereijken,3,1.50,2.00,1.37,1.79,3,1,4,0,0,0,"55,70,85","57",7,5,1,0,0,0,1,0,0,0,12,11,8,5,4,6,13,12,58,42,1.43,1.38,1.85,1.61,4.50,75,100,75,50,50,75,100,50,100,9.00,5.50,2.10,4.00,3.00,1.11,1.38,1.98,3.20,1.36,3.00,AFAS Trainingscomplex (Wijdewormer)
1724695200,Aug 26 2024 - 6:00pm,complete,N/A,PSV II,Telstar,N/A,3,2.00,1.50,0.79,1.61,0,2,2,1,0,1,"","27,85",4,8,1,0,1,0,0,1,0,1,10,17,5,6,5,11,9,19,63,37,1.97,1.10,1.32,1.81,3.50,50,100,75,50,25,0,75,75,100,10.00,2.00,2.17,3.90,2.95,1.14,1.45,2.20,3.60,1.42,2.80,PSV Campus De Herdgang (Eindhoven)
1725040800,Aug 30 2024 - 6:00pm,complete,N/A,ADO Den Haag,Excelsior,Stan Teuben,4,1.67,1.33,1.84,1.95,0,5,5,1,0,1,"","22,58,63,82,88",4,3,2,0,1,0,0,2,1,0,8,9,2,7,6,2,12,8,54,46,1.31,1.85,0.90,1.27,2.83,100,100,50,34,0,0,84,67,100,13.66,6.00,2.38,3.75,2.63,1.12,1.53,2.25,4.50,1.44,2.63,Bingoal Stadion (Den Haag (‘s-Gravenhage))
1725040800,Aug 30 2024 - 6:00pm,complete,N/A,Dordrecht,Cambuur,Laurens Gerrets,4,1.33,1.00,1.79,1.87,2,0,2,2,2,0,"14,17","",3,12,4,1,3,1,0,5,2,2,11,9,7,4,4,5,14,13,36,64,1.45,1.64,1.64,1.57,2.00,50,50,34,17,0,17,50,17,84,10.67,3.00,2.43,4.01,2.54,1.11,1.40,1.95,3.25,1.38,2.88,M-Scores Stadion (Dordrecht)
1725040800,Aug 30 2024 - 6:00pm,complete,N/A,Helmond Sport,VVV,Luuk Timmer,4,1.67,0.67,1.21,1.08,3,0,3,1,1,0,"27,71,90'1","",7,3,2,0,2,0,1,1,2,0,12,11,8,3,4,8,5,13,60,40,0.74,1.39,1.73,1.32,1.34,50,50,0,0,0,17,67,0,50,9.33,3.66,2.38,3.48,2.77,1.23,1.81,2.88,5.30,1.65,2.10,GS Staalwerken Stadion (Helmond)
1725040800,Aug 30 2024 - 6:00pm,complete,N/A,Ajax II,Den Bosch,N/A,4,1.67,1.33,0.95,1.45,1,2,3,2,1,1,"24","6,88",9,3,2,0,4,0,1,1,2,2,13,11,3,8,10,3,7,18,58,42,2.06,1.95,1.57,1.63,2.83,33,84,50,33,17,17,67,50,84,13.00,3.34,2.00,3.80,3.25,1.13,1.49,2.32,3.74,1.45,2.50,Sportpark De Toekomst (Amsterdam-Duivendrecht)
1725040800,Aug 30 2024 - 6:00pm,complete,N/A,Utrecht II,Emmen,Martin Perez,4,0.67,1.33,0.61,1.47,1,2,3,1,1,0,"37","53,72",4,6,1,0,4,0,0,1,1,3,10,11,4,4,6,7,11,18,39,61,0.99,1.89,1.18,1.46,2.00,50,67,33,17,0,33,67,17,67,9.67,2.00,3.25,3.75,2.05,1.20,1.65,2.65,4.75,1.57,2.35,Sportcomplex Zoudenbalch (Utrecht)
1725040800,Aug 30 2024 - 6:00pm,complete,N/A,MVV,PSV II,R Vereijken,4,0.67,1.33,1.05,0.79,3,2,5,0,0,0,"55,66,90","53,86",7,4,1,0,1,0,0,1,1,0,20,14,13,8,7,6,13,12,37,63,1.10,1.76,2.55,1.83,1.84,33,67,17,17,0,0,50,17,84,9.00,2.33,2.10,3.87,3.12,1.07,1.33,1.96,3.20,1.33,3.25,De Geusselt (Maastricht)
1725040800,Aug 30 2024 - 6:00pm,complete,N/A,Telstar,AZ II,Kevin Puts,4,2.00,2.00,1.61,1.37,0,0,0,0,0,0,"","",11,3,2,0,2,0,0,2,1,1,13,5,8,2,5,3,19,20,52,48,1.34,1.57,2.42,1.06,4.50,50,100,84,67,50,34,84,84,100,11.00,3.00,1.89,3.86,3.70,1.13,1.50,2.30,4.00,1.50,2.55,711 Stadion (Velsen-Zuid)
1725040800,Aug 30 2024 - 6:00pm,complete,N/A,Vitesse,Eindhoven,Ingmar Oostrom,4,1.33,2.00,1.16,1.34,1,1,2,1,1,0,"27","49",13,2,2,0,1,0,1,1,0,1,11,7,3,3,8,4,13,10,53,47,1.07,1.09,1.30,0.78,2.67,34,84,50,17,17,0,67,67,100,5.00,3.33,2.30,3.75,2.75,1.15,1.53,2.25,3.80,1.44,2.63,GelreDome (Arnhem)
1725114600,Aug 31 2024 - 2:30pm,complete,N/A,Volendam,Oss,Jochem Kamphuis,4,0.00,2.33,2.16,1.00,4,0,4,3,3,0,"10,31,37,52","",10,3,1,0,0,0,1,0,0,0,15,9,8,2,7,7,10,19,60,40,1.29,1.07,1.50,0.74,2.67,50,50,50,33,17,17,50,50,84,10.00,4.00,1.77,3.59,3.76,1.10,1.40,1.90,3.20,1.40,2.75,Kras Stadion (Volendam)
1725201900,Sep 01 2024 - 2:45pm,complete,N/A,Roda JC,De Graafschap,Jannick van der Laan,4,0.67,1.33,1.29,1.71,1,4,5,2,1,1,"36","18,68,83,90'2",4,0,1,0,4,0,0,1,2,2,9,14,5,7,4,7,12,6,47,53,1.56,1.50,1.30,1.71,4.00,84,84,67,67,33,33,84,67,84,10.00,3.00,1.95,3.75,3.10,1.12,1.47,2.26,3.65,1.50,2.50,Parkstad Limburg Stadion (Kerkrade)
1725645600,Sep 06 2024 - 6:00pm,complete,N/A,De Graafschap,Eindhoven,Martin van den Kerkhof,5,1.75,1.75,1.71,1.34,2,0,2,1,1,0,"24,84","",3,2,2,0,2,0,0,2,0,2,12,5,2,3,10,2,10,9,52,48,1.55,1.01,1.57,0.85,3.75,63,100,75,50,25,25,100,75,100,5.25,3.25,1.79,3.98,3.86,1.13,1.49,2.32,3.74,1.50,2.41,Stadion De Vijverberg (Doetinchem)
1725798600,Sep 08 2024 - 12:30pm,complete,N/A,Telstar,MVV,Wouter Wiersma,5,1.75,1.25,1.61,1.05,4,0,4,1,1,0,"18,57,65,73","",7,1,4,0,2,0,1,3,0,2,13,9,7,2,6,7,13,19,49,51,1.61,1.47,1.63,0.95,2.25,38,63,38,25,25,0,50,38,75,12.25,2.50,1.83,3.70,3.95,1.25,1.75,2.85,5.25,1.62,2.10,711 Stadion (Velsen-Zuid)
1726250400,Sep 13 2024 - 6:00pm,complete,N/A,De Graafschap,Helmond Sport,Robin Hensgens,6,2.00,2.00,1.71,1.21,2,3,5,2,0,2,"68,90'1","12,27,83",4,2,2,0,2,0,1,1,1,1,11,9,4,7,7,2,9,12,56,44,1.56,0.98,1.73,1.40,2.95,53,75,53,40,20,33,88,53,63,7.00,4.45,1.60,3.90,4.80,1.14,1.52,2.30,4.30,1.55,2.25,Stadion De Vijverberg (Doetinchem)
1726250400,Sep 13 2024 - 6:00pm,complete,N/A,Excelsior,Telstar,Joey Kooij,6,1.75,2.00,1.95,1.61,3,2,5,2,2,0,"30,42,76","68,89",4,7,2,0,3,0,1,1,1,2,13,9,5,7,8,2,14,17,52,48,1.70,1.61,1.64,1.50,3.28,48,90,68,58,23,0,78,80,90,14.95,4.55,1.67,3.70,4.50,1.18,1.57,2.25,4.20,1.57,2.25,Van Donge & De Roo Stadion (Rotterdam)
1726250400,Sep 13 2024 - 6:00pm,complete,N/A,Den Bosch,ADO Den Haag,Rob Dieperink,6,1.75,1.25,1.45,1.84,2,0,2,1,1,0,"15,46","",3,10,2,0,2,0,0,2,0,2,9,9,6,4,3,5,18,14,45,55,1.87,1.21,1.41,1.49,3.13,63,100,50,25,25,25,100,38,100,8.50,4.75,3.46,3.85,1.92,1.14,1.51,2.38,3.90,1.50,2.41,Stadion De Vliert ('s-Hertogenbosch)
1726250400,Sep 13 2024 - 6:00pm,complete,N/A,Eindhoven,Dordrecht,Martin Perez,6,1.40,1.75,1.34,1.79,0,0,0,0,0,0,"","",2,3,1,0,2,0,1,0,0,2,11,9,4,4,7,5,7,15,53,47,0.98,1.50,1.34,1.22,2.58,48,100,45,13,0,25,88,33,88,6.70,3.95,2.50,3.60,2.50,1.11,1.45,2.10,3.50,1.40,2.70,Jan Louwers Stadion (Eindhoven)
1726250400,Sep 13 2024 - 6:00pm,complete,N/A,Emmen,Roda JC,Marc Nagtegaal,6,1.75,0.50,1.47,1.29,1,3,4,1,0,1,"49","11,61,90'2",6,4,3,0,4,0,0,3,2,2,12,9,8,7,4,2,10,15,65,35,1.78,1.49,1.94,1.39,2.63,63,63,50,25,25,38,63,38,75,12.00,3.00,2.20,3.25,2.70,1.15,1.59,2.38,4.10,1.50,2.41,De Oude Meerdijk (Emmen)
1726250400,Sep 13 2024 - 6:00pm,complete,N/A,AZ II,Vitesse,Stan Teuben,6,1.75,1.25,1.37,1.16,0,1,1,0,0,0,"","56",4,2,2,0,1,0,1,1,0,1,8,6,6,3,2,3,14,19,61,39,1.44,1.13,1.39,1.05,3.38,63,75,50,50,38,25,50,63,88,9.75,4.25,2.30,3.70,2.60,1.14,1.57,2.39,3.95,1.50,2.50,AFAS Trainingscomplex (Wijdewormer)
1726250400,Sep 13 2024 - 6:00pm,complete,N/A,MVV,Volendam,T Hardeman,6,1.00,0.75,1.05,2.16,2,2,4,2,1,1,"13,90'3","42,62",5,4,3,0,1,0,1,2,1,0,9,11,6,8,3,3,14,16,43,57,1.36,1.35,1.38,1.58,3.08,45,68,58,45,23,25,58,45,90,9.95,3.65,2.30,3.60,2.63,1.12,1.53,2.22,3.56,1.44,2.63,De Geusselt (Maastricht)
1726250400,Sep 13 2024 - 6:00pm,complete,N/A,Cambuur,Ajax II,Kevin Puts,6,0.75,1.25,1.87,0.95,0,1,1,0,0,0,"","51",14,6,3,0,3,0,1,2,1,2,14,9,6,6,8,3,12,15,66,34,1.62,1.94,1.81,1.33,1.88,25,50,38,13,0,25,50,25,63,15.75,3.75,1.55,4.50,4.50,1.08,1.35,1.90,3.30,1.42,2.60,Kooi Stadion (Leeuwarden)
1726250400,Sep 13 2024 - 6:00pm,complete,N/A,Oss,PSV II,Luuk Timmer,6,1.75,1.00,1.00,0.79,0,3,3,2,0,2,"","2,6,78",11,5,3,0,1,0,1,2,1,0,12,16,5,8,7,8,10,10,48,52,0.99,1.77,1.57,1.94,2.75,38,75,50,50,13,13,50,38,88,9.50,2.00,2.15,3.70,2.90,1.11,1.45,2.25,4.00,1.45,2.50,Frans Heesen Stadion (Oss)
1726250400,Sep 13 2024 - 6:00pm,complete,N/A,VVV,Utrecht II,N/A,6,0.50,0.50,1.08,0.61,3,2,5,2,1,1,"5,70,76","40,49",6,6,3,0,1,0,1,2,1,0,10,11,8,4,2,7,13,3,42,58,1.37,1.04,1.56,1.33,2.38,63,88,38,13,0,13,88,38,88,8.75,2.50,1.60,3.90,4.80,1.18,1.62,2.50,4.70,1.65,2.10,Covebo Stadion - De Koel - (Venlo)
1726509600,Sep 16 2024 - 6:00pm,complete,N/A,Excelsior,VVV,Jeroen Manschot,5,2.00,1.00,1.95,1.08,4,0,4,3,3,0,"6,17,22,85","",5,2,0,0,1,0,0,0,1,0,12,4,9,3,3,1,8,11,62,38,1.69,1.41,1.71,0.61,3.30,70,90,60,50,30,20,80,70,100,12.60,4.40,1.65,4.17,4.70,1.17,1.55,2.40,4.15,1.61,2.17,Van Donge & De Roo Stadion (Rotterdam)
1726509600,Sep 16 2024 - 6:00pm,complete,N/A,Emmen,Vitesse,Alex Bos,5,1.40,1.60,1.47,1.16,3,3,6,2,1,1,"30,51,69","44,60,90",11,9,3,0,5,0,1,2,3,2,15,14,7,10,8,4,16,11,43,57,1.81,1.12,1.77,1.97,2.20,60,60,40,20,10,10,50,40,90,11.00,4.00,1.90,3.93,3.60,1.17,1.55,2.30,4.04,1.50,2.55,De Oude Meerdijk (Emmen)
1726509600,Sep 16 2024 - 6:00pm,complete,N/A,Helmond Sport,Oss,Erwin Blank,5,2.20,1.40,1.21,1.00,1,0,1,0,0,0,"90'2","",11,7,2,0,3,0,1,1,3,0,7,4,5,3,2,1,17,13,66,34,1.07,1.11,1.28,0.78,2.30,30,60,50,30,10,40,70,30,60,9.80,3.60,1.99,3.67,3.56,1.23,1.87,2.91,5.60,1.77,2.03,GS Staalwerken Stadion (Helmond)
1726509600,Sep 16 2024 - 6:00pm,complete,431,Utrecht II,Den Bosch,N/A,5,0.40,2.00,0.61,1.45,0,3,3,2,0,2,"","12,29,51",4,9,1,0,1,0,0,1,0,1,22,12,7,5,15,7,8,13,56,44,1.10,1.77,2.20,1.45,3.10,60,100,50,30,20,40,100,40,90,7.80,3.20,2.42,3.50,2.81,1.22,1.70,2.88,5.50,1.57,2.38,N/A
1726509600,Sep 16 2024 - 6:00pm,complete,N/A,PSV II,ADO Den Haag,Clay Ruperti,5,1.40,1.00,0.79,1.84,2,2,4,1,1,0,"23,88","48,60",1,8,3,0,2,0,1,2,0,2,11,11,3,3,8,8,15,20,56,44,1.81,1.26,1.21,1.58,3.00,50,100,50,30,20,10,80,40,100,10.00,3.40,3.30,3.98,2.00,1.08,1.36,2.01,3.08,1.35,2.90,PSV Campus De Herdgang (Eindhoven)
1726509600,Sep 16 2024 - 6:00pm,complete,N/A,Cambuur,Roda JC,Ingmar Oostrom,5,0.60,1.00,1.87,1.29,0,0,0,0,0,0,"","",7,3,2,0,4,1,0,2,0,5,12,11,6,6,6,5,7,14,51,49,1.66,1.47,1.65,1.43,2.40,40,50,30,30,20,30,60,30,70,13.80,4.00,2.12,3.68,3.19,1.13,1.50,2.25,3.90,1.45,2.50,Kooi Stadion (Leeuwarden)
1726596000,Sep 17 2024 - 6:00pm,complete,N/A,Volendam,Dordrecht,Richard Martens,5,0.80,1.60,2.16,1.79,2,0,2,2,2,0,"22,40","",6,8,2,0,1,0,1,1,1,0,12,8,7,4,5,4,17,14,48,52,1.39,1.44,1.58,1.11,3.00,60,80,60,40,10,50,70,40,80,9.60,4.60,2.13,3.98,2.98,1.11,1.36,1.85,2.95,1.33,3.25,Kras Stadion (Volendam)
1726596000,Sep 17 2024 - 6:00pm,complete,N/A,Ajax II,AZ II,Wouter Wiersma,5,1.60,1.40,0.95,1.37,1,2,3,1,1,0,"45","55,58",4,10,6,1,3,0,3,4,1,2,6,19,4,9,2,10,16,14,37,63,1.82,1.43,0.97,2.38,2.90,40,60,60,40,20,30,40,50,80,12.40,4.00,2.11,3.93,3.06,1.08,1.35,1.94,3.04,1.35,2.90,Sportpark De Toekomst (Amsterdam-Duivendrecht)
1726855200,Sep 20 2024 - 6:00pm,complete,N/A,ADO Den Haag,Telstar,Erwin Blank,7,1.00,1.67,1.84,1.61,1,1,2,2,1,1,"10","25",10,4,2,0,3,0,2,0,1,2,11,10,5,3,6,7,11,11,50,50,1.32,1.59,1.54,1.19,3.09,50,92,59,42,25,9,92,59,92,13.00,4.33,1.75,3.60,4.10,1.15,1.57,2.25,3.80,1.53,2.38,Bingoal Stadion (Den Haag (‘s-Gravenhage))
1726855200,Sep 20 2024 - 6:00pm,complete,N/A,Den Bosch,Emmen,Edwin van de Graaf,7,2.17,1.33,1.45,1.47,1,0,1,1,1,0,"18","",6,6,2,0,2,0,0,2,1,1,10,10,4,4,6,6,9,8,37,63,1.72,1.81,1.32,1.45,2.92,50,84,59,25,17,42,84,34,92,12.00,4.17,2.50,3.50,2.40,1.13,1.40,1.95,3.60,1.36,3.00,Stadion De Vliert ('s-Hertogenbosch)
1726855200,Sep 20 2024 - 6:00pm,complete,N/A,Dordrecht,Excelsior,Robin Hensgens,7,1.33,2.17,1.79,1.95,2,2,4,0,0,0,"71,85","51,69",5,4,3,1,2,0,2,2,2,0,10,20,6,9,4,11,8,12,52,48,1.39,1.69,1.89,2.84,3.09,59,92,58,50,17,42,75,50,75,11.50,4.50,2.05,3.40,3.20,1.11,1.44,2.00,3.20,1.36,3.00,M-Scores Stadion (Dordrecht)
1726855200,Sep 20 2024 - 6:00pm,complete,N/A,Helmond Sport,Volendam,Alex Bos,7,2.33,1.17,1.21,2.16,2,3,5,2,1,1,"7,73","21,51,90'3",5,6,3,0,1,0,0,3,0,1,19,14,10,7,9,7,17,17,51,49,1.10,1.42,2.33,1.69,2.75,42,67,50,34,17,50,75,42,67,10.33,4.17,1.62,3.75,4.75,1.12,1.50,2.20,3.48,1.53,2.38,SolarUnie Stadion
1726855200,Sep 20 2024 - 6:00pm,complete,N/A,VVV,PSV II,T Hardeman,7,0.83,1.33,1.08,0.79,0,2,2,1,0,1,"","23,90'1",3,6,2,0,3,0,1,1,1,2,12,7,10,5,2,2,16,13,44,56,1.28,1.71,1.88,1.14,3.08,50,92,59,42,17,25,75,42,100,9.00,3.00,2.00,3.40,3.30,1.11,1.53,2.20,3.80,1.44,2.63,Covebo Stadion - De Koel - (Venlo)
1726929000,Sep 21 2024 - 2:30pm,complete,N/A,Roda JC,MVV,Rob Dieperink,7,1.00,1.00,1.29,1.05,1,0,1,0,0,0,"90","",6,2,2,0,0,0,1,1,0,0,13,9,5,5,8,4,11,12,62,38,1.46,1.37,1.64,1.15,2.84,59,67,50,50,25,25,59,50,75,9.16,4.00,1.67,3.70,4.50,1.12,1.48,2.10,3.30,1.50,2.50,Parkstad Limburg Stadion (Kerkrade)
1726937100,Sep 21 2024 - 4:45pm,complete,N/A,Vitesse,Ajax II,R Vereijken,7,1.50,1.33,1.16,0.95,2,2,4,3,1,2,"31,62","20,34",15,3,2,0,1,0,0,2,0,1,18,6,10,3,8,3,14,9,57,43,1.26,1.68,2.63,0.94,2.58,59,67,50,25,17,17,50,50,92,12.66,5.33,1.75,3.70,4.00,1.11,1.44,2.10,3.80,1.44,2.63,GelreDome (Arnhem)
1727016300,Sep 22 2024 - 2:45pm,complete,N/A,Oss,Eindhoven,Laurens Gerrets,7,1.17,1.33,1.00,1.34,0,4,4,1,0,1,"","41,48,57,72",5,2,6,0,1,0,2,4,1,0,4,14,1,7,3,7,19,8,45,55,1.05,1.04,0.92,1.89,2.09,17,67,42,17,0,17,67,25,83,8.50,2.84,2.38,3.60,2.55,1.12,1.57,2.26,3.84,1.44,2.63,Frans Heesen Stadion (Oss)
1727114400,Sep 23 2024 - 6:00pm,complete,N/A,AZ II,De Graafschap,N/A,7,1.67,1.67,1.37,1.71,2,2,4,1,0,1,"70,72","41,82",12,4,2,0,1,0,0,2,0,1,12,9,6,4,6,5,8,8,67,33,1.59,1.59,1.96,1.17,4.00,67,84,75,67,42,42,75,75,92,8.50,4.34,2.45,3.60,2.45,1.08,1.40,1.90,3.30,1.36,3.00,AFAS Trainingscomplex (Wijdewormer)
1727114400,Sep 23 2024 - 6:00pm,complete,N/A,Utrecht II,Cambuur,Stan Teuben,7,0.33,0.67,0.61,1.87,0,4,4,1,0,1,"","30,53,72,82",4,7,0,1,0,0,1,0,0,0,9,15,4,9,5,6,12,8,31,69,1.28,1.66,1.29,2.76,2.09,34,59,34,17,9,34,67,25,67,12.16,3.17,3.40,3.50,1.91,1.15,1.62,2.50,4.60,1.57,2.25,Stadion Galgenwaard (Utrecht)
1727460000,Sep 27 2024 - 6:00pm,complete,N/A,ADO Den Haag,Utrecht II,Wouter Wiersma,8,1.00,0.29,1.84,0.61,1,1,2,2,1,1,"11","30",9,2,1,0,4,0,0,1,1,3,15,4,8,2,7,2,12,15,59,41,1.35,1.28,2.64,0.93,3.08,64,100,57,36,14,29,100,50,86,10.29,3.43,1.40,4.33,7.00,1.13,1.44,2.10,3.40,1.54,2.30,Bingoal Stadion (Den Haag (‘s-Gravenhage))
1727460000,Sep 27 2024 - 6:00pm,complete,N/A,Excelsior,AZ II,Richard Martens,8,2.00,1.57,1.95,1.37,4,2,6,3,1,2,"19,65,76,90'4","6,11",5,1,3,0,3,0,2,1,2,1,15,4,7,4,8,0,15,11,45,55,1.86,1.64,1.94,0.83,3.79,64,86,79,72,29,29,64,79,93,12.58,4.28,1.40,4.50,6.50,1.08,1.40,2.00,3.60,1.53,2.45,Van Donge & De Roo Stadion (Rotterdam)
1727460000,Sep 27 2024 - 6:00pm,complete,N/A,Eindhoven,Roda JC,Edwin van de Graaf,8,1.57,1.29,1.34,1.29,0,0,0,0,0,0,"","",2,4,2,0,3,0,0,2,1,2,6,7,3,4,3,3,8,10,46,54,1.16,1.49,0.85,1.07,2.50,36,72,43,29,15,15,72,43,79,7.14,3.43,2.50,3.60,2.64,1.20,1.60,2.50,4.33,1.48,2.40,Jan Louwers Stadion (Eindhoven)
1727460000,Sep 27 2024 - 6:00pm,complete,N/A,Volendam,VVV,Joey Kooij,8,1.43,0.71,2.16,1.08,2,4,6,2,0,2,"78,89","33,39,58,90'6",5,6,1,0,3,0,0,1,0,3,16,11,5,6,11,5,12,18,63,37,1.46,1.36,2.07,1.53,3.21,50,86,57,43,22,50,86,43,93,10.28,3.57,1.77,3.94,4.15,1.15,1.50,2.25,3.80,1.55,2.30,Kras Stadion (Volendam)
1727460000,Sep 27 2024 - 6:00pm,complete,N/A,MVV,Oss,Martin Perez,8,0.86,1.00,1.05,1.00,2,2,4,1,0,1,"85,87","14,82",8,5,3,0,2,0,1,2,1,1,11,8,4,7,7,1,14,14,64,36,1.33,1.03,1.51,1.32,2.43,29,57,50,43,7,22,50,36,86,10.14,3.72,1.83,4.01,3.80,1.18,1.55,2.35,4.00,1.48,2.40,De Geusselt (Maastricht)
1727533800,Sep 28 2024 - 2:30pm,complete,N/A,Telstar,Den Bosch,Marc Nagtegaal,8,1.57,2.29,1.61,1.45,0,0,0,0,0,0,"","",9,6,0,0,3,0,0,0,1,2,11,8,4,1,7,7,15,8,54,46,1.53,1.66,1.31,0.84,2.86,36,86,50,29,22,36,93,36,79,11.71,4.14,1.92,3.66,3.80,1.22,1.70,2.80,5.25,1.62,2.10,711 Stadion (Velsen-Zuid)
1727613000,Sep 29 2024 - 12:30pm,complete,N/A,De Graafschap,Vitesse,Dennis Higler,8,1.57,1.43,1.71,1.16,3,1,4,1,1,0,"36,67,75","63",6,2,1,0,3,1,0,1,0,4,14,6,11,3,3,3,13,12,55,45,1.53,1.45,1.99,0.86,3.72,79,86,65,65,36,36,79,65,100,10.00,4.43,1.85,3.80,3.40,1.11,1.50,2.20,4.00,1.44,2.70,Stadion De Vijverberg (Doetinchem)
1727621100,Sep 29 2024 - 2:45pm,complete,N/A,Cambuur,Emmen,Jannick van der Laan,8,1.00,1.14,1.87,1.47,1,3,4,4,1,3,"44","24,33,45",5,5,1,0,7,0,0,1,2,5,8,8,4,4,4,4,14,21,51,49,1.81,1.76,1.18,1.08,2.00,29,43,36,22,7,22,57,29,64,15.14,4.00,2.05,3.70,2.90,1.14,1.62,2.55,4.80,1.50,2.55,Kooi Stadion (Leeuwarden)
1727719200,Sep 30 2024 - 6:00pm,complete,N/A,Ajax II,Dordrecht,Luuk Timmer,8,1.29,1.29,0.95,1.79,0,1,1,1,0,1,"","41",2,6,5,1,1,0,2,4,0,1,6,8,4,4,2,4,15,11,54,46,1.57,1.46,0.79,0.83,2.50,57,79,57,29,0,36,57,36,72,11.57,5.28,2.30,3.80,2.75,1.12,1.44,2.00,3.40,1.40,2.75,Sportpark De Toekomst (Amsterdam-Duivendrecht)
1727719200,Sep 30 2024 - 6:00pm,complete,N/A,PSV II,Helmond Sport,Martijn Vos,8,1.57,2.00,0.79,1.21,1,3,4,3,0,3,"58","3,10,15",5,7,1,0,1,0,0,1,0,1,5,15,4,12,1,3,6,11,61,39,1.63,1.28,0.97,2.15,2.79,43,79,50,36,22,29,71,43,79,9.15,3.86,2.30,3.75,2.75,1.17,1.53,2.25,4.20,1.50,2.50,PSV Campus De Herdgang (Eindhoven)
1728064800,Oct 04 2024 - 6:00pm,complete,N/A,Den Bosch,De Graafschap,Martin van den Kerkhof,9,2.13,1.75,1.45,1.71,2,2,4,1,0,1,"70,73","35,90'5",9,5,0,0,3,0,0,0,1,2,4,16,2,7,2,9,11,13,49,51,1.56,1.58,0.97,2.06,3.38,57,88,63,51,26,38,94,51,88,8.76,4.01,2.55,3.55,2.50,1.18,1.55,2.35,4.20,1.44,2.55,N/A
1728064800,Oct 04 2024 - 6:00pm,complete,N/A,Dordrecht,PSV II,N/A,9,1.50,1.38,1.79,0.79,2,0,2,1,1,0,"45'2,82","",10,0,0,0,2,1,0,0,1,2,18,5,10,1,8,4,11,7,54,46,1.38,1.54,2.98,1.03,2.75,50,88,51,38,7,32,69,32,75,9.38,4.00,1.91,4.20,3.00,1.06,1.33,1.85,3.00,1.36,3.00,M-Scores Stadion (Dordrecht)
1728064800,Oct 04 2024 - 6:00pm,complete,N/A,Emmen,MVV,Martijn Vos,9,1.38,0.88,1.47,1.05,1,1,2,0,0,0,"48","78",3,7,1,0,5,0,0,1,2,3,11,9,4,5,7,4,11,10,55,45,1.67,1.36,1.39,1.41,2.69,57,63,57,44,13,26,63,44,76,11.25,4.38,1.65,4.20,4.50,1.11,1.45,2.25,4.00,1.49,2.54,N/A
1728064800,Oct 04 2024 - 6:00pm,complete,N/A,Helmond Sport,Ajax II,Laurens Gerrets,9,2.13,1.13,1.21,0.95,1,1,2,0,0,0,"84","53",10,4,2,1,3,0,0,3,0,3,19,4,11,4,8,0,15,10,52,48,1.39,1.47,2.47,0.78,2.51,50,63,57,32,13,38,69,38,69,11.26,5.13,1.80,4.00,3.50,1.15,1.53,2.25,3.80,1.53,2.38,GS Staalwerken Stadion (Helmond)
1728064800,Oct 04 2024 - 6:00pm,complete,N/A,AZ II,Eindhoven,Wouter Wiersma,9,1.38,1.50,1.37,1.34,2,3,5,1,0,1,"68,80","19,57,64",8,4,1,0,6,0,1,0,3,3,9,9,6,6,3,3,13,12,71,29,1.54,1.12,1.68,1.25,2.94,38,75,57,38,19,19,69,57,82,7.76,3.50,2.00,3.75,3.40,1.13,1.50,2.25,4.00,1.47,2.55,AFAS Trainingscomplex (Wijdewormer)
1728064800,Oct 04 2024 - 6:00pm,complete,N/A,Utrecht II,Telstar,T Hardeman,9,0.38,1.50,0.61,1.61,1,1,2,1,0,1,"90'5","27",4,3,2,0,4,0,0,2,3,1,7,10,3,3,4,7,15,10,49,51,1.24,1.51,1.15,1.48,2.88,51,88,57,38,19,38,88,50,69,10.63,3.38,3.20,3.60,2.10,1.22,1.67,2.65,4.75,1.53,2.30,Sportcomplex Zoudenbalch (Utrecht)
1728064800,Oct 04 2024 - 6:00pm,complete,N/A,Roda JC,Excelsior,Bas Nijhuis,9,1.25,2.13,1.29,1.95,3,0,3,2,2,0,"32,45'3,71","",8,3,1,0,2,0,0,1,0,2,17,4,7,2,10,2,5,10,51,49,1.44,1.87,1.96,0.80,3.32,63,75,63,63,32,32,63,63,82,11.01,4.63,2.75,3.70,2.30,1.15,1.48,2.15,3.65,1.38,2.70,Parkstad Limburg Stadion (Kerkrade)
1728064800,Oct 04 2024 - 6:00pm,complete,N/A,Oss,ADO Den Haag,Shona Shukrula,9,1.00,1.00,1.00,1.84,1,5,6,3,0,3,"57","5,15,24,74,90'3",4,5,2,1,0,0,0,3,0,0,4,21,1,11,3,10,20,11,51,49,1.07,1.51,0.63,2.51,2.69,50,82,51,38,7,25,82,38,82,12.75,4.38,3.85,3.77,1.77,1.18,1.60,2.55,4.33,1.58,2.25,Frans Heesen Stadion (Oss)
1728064800,Oct 04 2024 - 6:00pm,complete,N/A,Vitesse,Volendam,Robin Hensgens,9,1.25,1.25,1.16,2.16,1,2,3,2,0,2,"60","40,45'1",7,5,2,0,2,0,0,2,1,1,7,10,2,6,5,4,15,19,61,39,1.38,1.54,1.24,1.64,3.57,69,82,63,57,32,50,76,57,94,11.63,4.38,2.20,3.75,2.85,1.17,1.50,2.25,3.85,1.44,2.70,N/A
1728064800,Oct 04 2024 - 6:00pm,complete,N/A,VVV,Cambuur,Luuk Timmer,9,1.00,0.88,1.08,1.87,0,1,1,1,0,1,"","44",4,9,3,0,4,0,3,0,2,2,8,22,4,7,4,15,11,18,49,51,1.38,1.73,1.13,2.48,2.44,32,63,38,32,13,32,69,26,75,12.63,3.63,2.55,3.55,2.55,1.13,1.57,2.40,4.50,1.45,2.50,Covebo Stadion - De Koel - (Venlo)
1728756000,Oct 12 2024 - 6:00pm,complete,N/A,Telstar,De Graafschap,Stan Teuben,10,1.44,1.67,1.61,1.71,2,2,4,3,1,2,"6,75","31,34",1,6,2,0,0,0,2,0,0,0,10,11,4,9,6,2,12,11,47,53,1.50,1.64,1.60,2.19,3.45,67,89,67,61,28,28,89,67,84,10.34,4.11,2.10,3.60,2.88,1.17,1.55,2.30,4.20,1.50,2.50,711 Stadion (Velsen-Zuid)
1728822600,Oct 13 2024 - 12:30pm,complete,N/A,MVV,VVV,Kevin Puts,10,0.89,0.89,1.05,1.08,2,0,2,1,1,0,"2,88","",6,8,3,0,1,1,1,2,0,2,10,15,8,3,2,12,12,14,45,55,1.36,1.36,1.62,1.81,2.73,50,73,44,39,17,22,67,45,89,9.56,4.00,2.05,3.60,3.00,1.18,1.55,2.45,4.33,1.50,2.50,N/A
1729274400,Oct 18 2024 - 6:00pm,complete,N/A,ADO Den Haag,Roda JC,R Vereijken,11,1.22,1.44,1.84,1.29,3,0,3,1,1,0,"15,46,73","",7,1,1,0,4,0,1,0,2,2,10,2,5,1,5,1,14,10,57,43,1.62,1.49,0.00,0.00,2.78,61,78,44,33,22,33,78,39,73,11.78,4.11,1.80,3.90,4.00,0.00,1.57,2.38,0.00,1.53,2.38,Bingoal Stadion (Den Haag (‘s-Gravenhage))
1729274400,Oct 18 2024 - 6:00pm,complete,N/A,De Graafschap,PSV II,Erwin Blank,11,1.60,1.22,1.71,0.79,3,1,4,3,2,1,"7,21,71","45'4",7,3,2,0,2,0,1,1,0,2,24,9,7,4,17,5,12,9,44,56,1.69,1.49,2.52,1.32,3.71,67,100,73,67,21,31,89,57,100,7.89,3.58,1.62,4.75,4.33,1.05,1.29,1.68,2.35,1.36,3.00,Stadion De Vijverberg
1729274400,Oct 18 2024 - 6:00pm,complete,N/A,Excelsior,MVV,Jochem Kamphuis,11,1.89,1.10,1.95,1.05,4,1,5,3,2,1,"9,35,87,90'2","42",11,2,2,0,1,0,0,2,0,1,15,6,7,2,8,4,11,5,67,33,1.75,1.39,2.03,0.88,3.31,59,85,65,59,22,27,64,64,95,10.68,4.32,1.48,4.20,6.50,1.10,1.40,1.95,3.35,1.53,2.38,Van Donge & De Roo Stadion
1729274400,Oct 18 2024 - 6:00pm,complete,N/A,Den Bosch,Vitesse,Sander van der Eijk,N/A,2.00,1.11,1.45,1.16,4,2,6,1,0,1,"59,78,83,90'1","44,81",7,1,1,0,0,0,1,0,0,0,12,11,7,6,5,5,21,7,49,51,1.49,1.36,1.74,1.39,2.84,56,78,50,33,17,33,78,33,89,11.78,4.45,2.10,3.50,3.25,1.22,1.70,2.75,5.00,1.57,2.25,N/A
1729274400,Oct 18 2024 - 6:00pm,complete,N/A,Eindhoven,Emmen,Ingmar Oostrom,11,1.67,1.33,1.34,1.47,0,3,3,1,0,1,"","15,59,76",2,10,2,0,0,0,0,2,0,0,6,7,4,2,2,5,10,9,32,68,1.14,1.64,0.00,0.00,2.50,45,73,50,28,11,17,73,44,73,8.66,4.34,2.60,3.60,2.50,0.00,1.73,3.29,0.00,1.62,2.20,Jan Louwers Stadion (Eindhoven)
1729274400,Oct 18 2024 - 6:00pm,complete,N/A,Ajax II,Utrecht II,N/A,11,1.11,0.44,0.95,0.61,0,0,0,0,0,0,"","",5,4,3,0,3,0,2,1,1,2,8,5,4,4,4,1,9,13,57,43,1.40,1.23,0.00,0.00,2.67,62,84,56,28,6,33,78,44,78,9.56,4.56,0.00,0.00,0.00,0.00,0.00,0.00,0.00,0.00,0.00,Sportpark De Toekomst (Amsterdam-Duivendrecht)
1729274400,Oct 18 2024 - 6:00pm,complete,N/A,AZ II,Helmond Sport,T Hardeman,N/A,1.22,2.00,1.37,1.21,2,3,5,2,1,1,"44,59","7,57,72",5,7,1,0,2,0,0,1,1,1,10,7,3,4,7,3,14,13,62,38,1.56,1.51,0.00,0.00,3.28,62,73,61,50,33,39,67,61,78,11.56,4.44,2.50,3.60,2.60,0.00,1.57,2.25,0.00,1.50,2.50,N/A
1729274400,Oct 18 2024 - 6:00pm,complete,N/A,Cambuur,Volendam,Stan Teuben,11,1.11,1.44,1.87,2.16,1,2,3,1,0,1,"53","24,90'2",3,4,3,0,3,0,1,2,1,2,6,6,2,3,4,3,11,7,66,34,1.82,1.55,0.00,0.00,2.78,39,61,50,39,17,50,73,34,67,13.33,3.78,2.05,4.10,3.00,0.00,1.44,2.00,0.00,1.44,2.63,Kooi Stadion (Leeuwarden)
1729274400,Oct 18 2024 - 6:00pm,complete,N/A,Oss,Telstar,Robin Hensgens,11,0.89,1.40,1.00,1.61,1,1,2,1,0,1,"87","4",2,7,0,0,2,0,0,0,2,0,4,7,2,4,2,3,11,16,38,62,1.02,1.51,0.00,0.00,2.85,42,74,59,48,16,32,74,42,80,11.78,4.54,3.50,3.75,1.95,2.99,1.67,0.00,0.00,1.62,2.20,Frans Heesen Stadion (Oss)
1729274400,Oct 18 2024 - 6:00pm,complete,N/A,VVV,Dordrecht,Martin Perez,11,0.80,1.67,1.08,1.79,1,4,5,3,1,2,"13","7,39,56,86",4,7,1,1,0,0,2,0,0,0,9,19,4,7,5,12,8,9,40,60,1.40,1.56,1.17,2.39,2.51,42,79,37,26,10,32,79,26,73,10.66,4.32,2.45,3.70,2.55,1.13,1.57,2.35,2.08,1.50,2.50,Seacon Stadion De Koel
1729533600,Oct 21 2024 - 6:00pm,complete,N/A,Helmond Sport,Roda JC,Joey Kooij,10,2.10,1.30,1.21,1.29,2,1,3,1,1,0,"45,71","54",0,4,1,0,1,0,1,0,0,1,4,15,3,5,1,10,8,18,44,56,1.51,1.49,0.96,2.34,2.65,50,65,50,35,25,40,65,45,70,10.60,4.70,2.34,3.53,2.90,1.20,1.65,2.70,4.75,1.53,2.38,GS Staalwerken Stadion (Helmond)
1729533600,Oct 21 2024 - 6:00pm,complete,N/A,Ajax II,ADO Den Haag,Kevin Puts,10,1.10,1.40,0.95,1.84,0,0,0,0,0,0,"","",7,1,2,0,3,1,1,1,2,2,9,4,3,3,6,1,15,12,71,29,1.40,1.62,1.28,0.76,2.60,60,80,50,25,10,25,75,45,75,12.40,4.80,3.82,4.18,1.79,1.12,1.40,2.00,3.40,1.44,2.63,Sportpark De Toekomst (Amsterdam-Duivendrecht)
1729533600,Oct 21 2024 - 6:00pm,complete,N/A,PSV II,Excelsior,Laurens Gerrets,N/A,1.10,2.00,0.79,1.95,1,3,4,3,0,3,"80","9,13,23",5,6,3,0,4,0,0,3,0,4,11,12,6,5,5,7,8,18,63,37,1.47,1.78,1.60,1.44,3.70,60,100,75,65,25,40,80,55,100,10.10,4.00,3.83,4.26,1.78,1.10,1.36,1.93,2.90,1.40,2.75,N/A
1729533600,Oct 21 2024 - 6:00pm,complete,N/A,Cambuur,Eindhoven,Alex Bos,10,1.00,1.50,1.87,1.34,2,0,2,1,1,0,"11,52","",6,3,2,0,2,0,1,1,0,2,10,6,5,2,5,4,9,16,54,46,1.82,1.14,1.55,0.96,2.10,20,60,40,20,5,10,70,35,65,9.70,3.90,1.74,4.00,4.29,1.18,1.55,2.45,4.20,1.57,2.25,Kooi Stadion (Leeuwarden)
1729620000,Oct 22 2024 - 6:00pm,complete,N/A,Dordrecht,Vitesse,Martijn Vos,10,1.80,1.00,1.79,1.16,2,2,4,0,0,0,"67,90'8","48,88",6,5,1,0,5,0,0,1,0,5,17,13,8,6,9,7,11,14,48,52,1.64,1.37,2.20,1.68,2.95,65,80,50,40,20,35,70,40,80,11.40,4.30,2.15,3.60,3.00,1.15,1.48,2.10,3.75,1.44,2.63,M-Scores Stadion (Dordrecht)
1729620000,Oct 22 2024 - 6:00pm,complete,N/A,Emmen,Oss,Richard Martens,10,1.50,0.90,1.47,1.00,2,0,2,1,1,0,"23,85","",8,0,1,0,4,1,1,0,3,2,11,1,6,1,5,0,12,12,63,37,1.64,1.02,1.53,0.41,2.80,50,70,60,40,10,30,70,45,80,12.10,4.50,1.53,4.20,5.50,1.20,1.62,2.55,4.50,1.73,2.00,De Oude Meerdijk (Emmen)
1729620000,Oct 22 2024 - 6:00pm,complete,N/A,Volendam,Den Bosch,Bas Nijhuis,10,1.60,2.10,2.16,1.45,3,2,5,3,1,2,"7,59,84","5,35",5,3,0,0,0,0,0,0,0,0,15,5,6,3,9,2,8,6,63,37,1.55,1.52,1.89,0.80,3.35,55,85,65,40,25,50,90,45,85,11.00,3.70,1.85,3.90,3.60,1.16,1.53,2.25,4.00,1.50,2.50,Kras Stadion (Volendam)
1729620000,Oct 22 2024 - 6:00pm,complete,N/A,Utrecht II,AZ II,Luuk Timmer,10,0.50,1.10,0.61,1.37,0,1,1,1,0,1,"","9",4,3,1,0,0,0,0,1,0,0,7,8,3,2,4,6,10,13,46,54,1.23,1.56,1.14,1.09,3.40,65,85,65,50,30,40,80,60,80,9.50,3.70,2.60,3.50,2.45,1.18,1.57,2.40,4.20,1.50,2.50,N/A
1729879200,Oct 25 2024 - 6:00pm,complete,N/A,ADO Den Haag,De Graafschap,Ingmar Oostrom,N/A,1.36,1.73,1.84,1.71,1,2,3,2,1,1,"23","12,73",5,10,2,0,2,0,1,1,2,0,12,11,6,4,6,7,13,9,49,51,1.54,1.77,1.65,1.30,3.55,78,96,68,59,23,36,96,59,87,10.36,3.91,1.83,4.09,3.72,1.14,1.44,2.00,3.60,1.40,2.75,N/A
1729879200,Oct 25 2024 - 6:00pm,complete,2220,Dordrecht,Utrecht II,Laurens Gerrets,12,1.73,0.45,1.79,0.61,3,1,4,1,1,0,"37,46,58","84",6,7,0,0,1,0,0,0,0,1,18,12,6,7,12,5,18,14,49,51,1.69,1.22,2.16,1.67,2.60,55,82,45,32,9,36,78,36,64,9.46,3.55,1.65,4.27,4.38,1.12,1.44,2.00,3.40,1.50,2.50,Riwal Hoogwerkers Stadion
1729879200,Oct 25 2024 - 6:00pm,complete,N/A,Volendam,Eindhoven,Martin Perez,N/A,1.73,1.36,2.16,1.34,4,1,5,4,3,1,"3,12,26,53","14",7,2,0,0,1,0,0,0,0,1,12,3,8,2,4,1,5,8,58,42,1.58,1.12,1.81,0.64,3.14,46,87,64,37,23,37,87,55,87,7.63,3.55,1.71,4.10,4.19,1.16,1.53,2.20,3.75,1.53,2.38,N/A
1729879200,Oct 25 2024 - 6:00pm,complete,N/A,Roda JC,Ajax II,Martijn Vos,12,1.18,1.09,1.29,0.95,2,1,3,1,1,0,"14,49","63",8,3,0,0,0,0,0,0,0,0,15,5,6,4,9,1,10,6,52,48,1.58,1.39,1.92,1.02,2.23,45,60,50,23,9,23,55,41,69,10.64,5.18,1.52,4.80,5.10,1.12,1.40,1.99,3.30,1.53,2.38,Parkstad Limburg Stadion
1729879200,Oct 25 2024 - 6:00pm,complete,N/A,Oss,AZ II,R Vereijken,N/A,0.82,1.27,1.00,1.37,2,1,3,1,0,1,"61,83","43",8,4,3,0,0,0,1,2,0,0,8,7,3,2,5,5,14,10,41,59,0.96,1.51,1.09,0.94,3.32,50,73,64,55,27,32,73,55,87,10.46,4.27,2.62,3.68,2.43,1.16,1.53,2.20,3.75,1.44,2.63,N/A
1729879200,Oct 25 2024 - 6:00pm,complete,N/A,Vitesse,PSV II,Kevin Puts,12,1.00,1.00,1.16,0.79,1,3,4,3,1,2,"45","7,43,76",10,2,4,0,4,0,0,4,1,3,8,6,5,3,3,3,18,20,59,41,1.39,1.48,1.49,0.89,3.36,69,91,64,55,18,32,73,41,100,9.55,4.46,1.75,3.90,3.75,1.12,1.40,2.00,3.40,1.40,2.75,GelreDome (Arnhem)
1729879200,Oct 25 2024 - 6:00pm,complete,N/A,VVV,Den Bosch,Robin Hensgens,N/A,0.73,1.91,1.08,1.45,1,2,3,1,0,1,"83","41,63",11,5,2,0,4,0,0,2,2,2,15,5,8,2,7,3,7,14,51,49,1.38,1.45,1.95,0.78,3.05,45,82,50,36,27,36,91,36,87,10.45,3.82,2.63,3.55,2.49,1.22,1.70,2.95,5.50,1.62,2.20,N/A
1729953000,Oct 26 2024 - 2:30pm,complete,N/A,Excelsior,Cambuur,Marc Nagtegaal,12,2.09,1.18,1.95,1.87,0,1,1,1,0,1,"","35",2,7,3,0,1,0,0,3,0,1,10,6,2,3,8,3,12,10,57,43,1.75,1.79,1.69,1.39,3.00,46,73,59,50,18,37,73,46,78,13.54,4.45,1.76,4.18,3.98,1.16,1.52,2.20,3.75,1.52,2.50,Van Donge & De Roo Stadion (Rotterdam)
1730027700,Oct 27 2024 - 11:15am,complete,N/A,Emmen,Telstar,Wouter Wiersma,12,1.64,1.36,1.47,1.61,0,1,1,1,0,1,"","43",3,5,3,0,1,0,0,3,0,1,9,9,2,3,7,6,22,12,56,44,1.63,1.51,1.05,1.07,2.64,55,78,50,32,14,27,78,41,73,12.91,4.27,2.05,3.50,3.20,1.22,1.70,2.80,5.00,1.62,2.20,De Oude Meerdijk (Emmen)
1730043900,Oct 27 2024 - 3:45pm,complete,N/A,MVV,Helmond Sport,Martin van den Kerkhof,12,1.00,2.18,1.05,1.21,1,2,3,2,1,1,"23","25,78",8,8,1,0,3,0,0,1,0,3,11,14,8,7,3,7,11,11,49,51,1.34,1.45,1.94,1.91,2.78,60,73,50,41,23,32,64,55,82,9.91,4.18,2.55,3.75,2.38,1.20,1.60,2.65,4.75,1.53,2.38,De Geusselt (Maastricht)
1730487600,Nov 01 2024 - 7:00pm,complete,N/A,De Graafschap,Dordrecht,Rob Dieperink,13,1.83,1.83,1.71,1.79,4,1,5,3,2,1,"8,33,84,90'3","30",6,4,1,0,1,0,0,1,0,1,14,8,8,3,6,5,14,9,56,44,1.73,1.73,1.89,1.05,3.46,75,92,71,63,17,42,84,55,84,10.50,3.58,1.87,4.20,3.50,1.09,1.33,1.87,2.90,1.35,3.10,N/A
1730487600,Nov 01 2024 - 7:00pm,complete,N/A,Eindhoven,ADO Den Haag,N/A,13,1.25,1.25,1.34,1.84,0,4,4,3,0,3,"","18,32,34,67",2,6,2,0,2,0,1,1,0,2,9,12,4,6,5,6,13,15,51,49,1.08,1.55,1.11,1.49,2.71,46,88,50,25,17,21,88,42,79,8.33,3.83,4.00,4.00,1.80,1.18,1.57,2.45,4.33,1.55,2.40,Jan Louwers Stadion
1730487600,Nov 01 2024 - 7:00pm,complete,N/A,Ajax II,VVV,Shona Shukrula,13,1.00,0.67,0.95,1.08,0,1,1,1,0,1,"","40",5,5,0,0,2,0,0,0,1,1,14,7,7,3,7,4,7,14,70,30,1.35,1.43,1.98,1.01,2.50,50,71,50,25,13,25,71,42,80,11.17,4.84,2.20,3.75,2.95,1.16,1.52,2.30,3.75,1.47,2.65,Sportpark De Toekomst (Amsterdam-Duivendrecht)
1730487600,Nov 01 2024 - 7:00pm,complete,N/A,AZ II,Cambuur,N/A,13,1.17,1.33,1.37,1.87,2,3,5,2,1,1,"45'2,55","36,73,79",3,4,3,0,1,0,1,2,1,0,10,11,6,5,4,6,16,12,55,45,1.46,1.75,1.49,1.47,2.75,42,59,50,38,21,25,71,46,67,12.67,3.67,3.20,3.75,2.05,1.14,1.45,2.15,3.50,1.42,2.80,AFAS Trainingscomplex (Wijdewormer)
1730561400,Nov 02 2024 - 3:30pm,complete,N/A,Vitesse,Oss,Laurens Gerrets,13,0.92,1.00,1.16,1.00,0,0,0,0,0,0,"","",3,7,2,0,2,0,1,1,1,1,9,9,3,5,6,4,13,21,64,36,1.40,0.97,1.19,1.28,3.17,63,79,63,50,17,29,71,46,96,11.17,5.17,1.55,4.33,5.25,1.17,1.53,2.30,4.00,1.57,2.20,GelreDome (Arnhem)
1730561400,Nov 02 2024 - 3:30pm,complete,N/A,Den Bosch,Roda JC,Alex Bos,N/A,2.00,1.33,1.45,1.29,1,1,2,0,0,0,"57","70",9,3,2,0,2,0,0,2,1,1,10,10,7,4,3,6,7,10,48,52,1.40,1.61,1.69,1.43,2.83,50,75,58,29,21,29,80,46,79,10.42,3.91,2.30,3.60,2.90,1.22,1.70,2.75,5.00,1.57,2.30,N/A
1730640600,Nov 03 2024 - 1:30pm,complete,N/A,Telstar,Volendam,Edwin van de Graaf,13,1.50,1.83,1.61,2.16,2,2,4,2,1,1,"38,54","32,64",3,7,3,0,3,0,1,2,0,3,10,12,6,6,4,6,13,12,49,51,1.47,1.60,1.56,1.83,3.25,63,84,63,46,30,50,88,46,80,11.42,3.58,2.28,3.68,2.64,1.16,1.53,2.25,4.00,1.50,2.50,711 Stadion (Velsen-Zuid)
1730648700,Nov 03 2024 - 3:45pm,complete,N/A,Helmond Sport,Excelsior,Jannick van der Laan,13,2.25,1.92,1.21,1.95,0,1,1,0,0,0,"","57",2,9,4,0,2,0,0,4,1,1,6,12,2,4,4,8,11,12,44,56,1.50,1.74,0.80,1.55,3.38,67,84,71,54,29,50,79,59,84,11.42,4.67,2.53,3.35,2.52,1.18,1.62,2.45,4.20,1.53,2.38,GS Staalwerken Stadion (Helmond)
1730746800,Nov 04 2024 - 7:00pm,complete,N/A,Utrecht II,MVV,Stan Teuben,N/A,0.42,0.92,0.61,1.05,4,3,7,2,2,0,"28,30,76,90'6","47,63,71",12,4,1,0,3,0,0,1,0,3,18,6,10,4,8,2,10,20,57,43,1.26,1.39,2.07,0.89,2.71,58,79,50,38,13,29,75,46,80,8.92,3.50,2.45,3.40,2.63,1.22,1.65,2.75,5.00,1.53,2.38,N/A
1730747700,Nov 04 2024 - 7:15pm,complete,N/A,PSV II,Emmen,T Hardeman,13,1.17,1.50,0.79,1.47,2,3,5,2,0,2,"59,90'2","41,44,48",1,9,2,0,2,0,0,2,0,2,11,17,6,9,5,8,10,19,54,46,1.43,1.58,1.49,2.13,2.92,54,84,59,42,8,34,79,34,84,10.25,4.33,3.50,3.90,1.90,1.14,1.48,2.10,3.60,1.44,2.63,PSV Campus De Herdgang (Eindhoven)
1731092400,Nov 08 2024 - 7:00pm,complete,N/A,ADO Den Haag,Vitesse,Bas Nijhuis,14,1.38,0.92,1.84,1.16,2,0,2,1,1,0,"35,89","",1,5,0,0,0,0,0,0,0,0,7,10,2,5,5,5,9,5,40,60,1.54,1.39,0.85,1.37,3.08,70,85,58,43,19,35,77,42,85,11.77,4.70,1.45,4.75,6.00,1.13,1.44,2.10,3.45,1.53,2.30,Bingoal Stadion (Den Haag (‘s-Gravenhage))
1731092400,Nov 08 2024 - 7:00pm,complete,N/A,Excelsior,Eindhoven,Richard Martens,14,2.00,1.15,1.95,1.34,2,0,2,2,2,0,"39,45'1","",4,1,3,1,1,0,2,2,0,1,11,5,3,4,8,1,8,9,52,48,1.73,1.08,1.30,0.88,3.19,43,85,66,50,23,31,81,50,89,8.46,4.15,1.40,4.75,7.00,1.15,1.45,2.10,3.55,1.57,2.20,Van Donge & De Roo Stadion (Rotterdam)
1731092400,Nov 08 2024 - 7:00pm,complete,N/A,Emmen,Ajax II,R Vereijken,14,1.62,0.92,1.47,0.95,4,2,6,3,1,2,"31,48,54,90'4","12,19",6,3,3,0,1,0,1,2,1,0,16,11,10,8,6,3,20,4,53,47,1.62,1.40,2.04,1.65,2.31,50,62,50,23,8,23,66,42,66,12.31,4.69,1.70,3.90,4.10,1.16,1.60,2.25,4.20,1.62,2.20,De Oude Meerdijk (Emmen)
1731092400,Nov 08 2024 - 7:00pm,complete,N/A,Volendam,Utrecht II,Kevin Puts,14,1.77,0.62,2.16,0.61,2,0,2,0,0,0,"72,85","",14,1,2,0,3,2,1,1,2,3,25,2,8,2,17,0,11,14,68,32,1.62,1.33,2.78,0.48,3.50,70,89,70,50,27,58,92,54,81,10.16,3.23,1.40,4.60,6.50,1.12,1.44,2.00,3.40,1.62,2.20,Kras Stadion (Volendam)
1731092400,Nov 08 2024 - 7:00pm,complete,N/A,MVV,De Graafschap,Martijn Vos,N/A,0.85,1.92,1.05,1.71,0,0,0,0,0,0,"","",2,5,2,0,2,0,0,2,0,2,6,17,1,11,5,6,13,11,36,64,1.35,1.74,0.83,2.59,3.66,77,89,73,66,27,43,81,62,96,9.70,3.77,3.10,3.75,2.05,1.12,1.40,1.98,3.25,1.36,3.00,N/A
1731092400,Nov 08 2024 - 7:00pm,complete,N/A,Cambuur,PSV II,Luuk Timmer,14,1.46,1.08,1.87,0.79,1,0,1,1,1,0,"10","",9,3,1,0,2,0,0,1,1,1,16,3,11,0,5,3,10,21,45,55,1.73,1.44,2.22,0.44,2.73,43,73,50,43,12,35,77,27,77,10.54,4.00,1.57,4.00,5.00,1.14,1.44,2.10,3.60,1.50,2.50,Kooi Stadion (Leeuwarden)
1731092400,Nov 08 2024 - 7:00pm,complete,N/A,Oss,Den Bosch,Jochem Kamphuis,14,1.00,1.92,1.00,1.45,1,0,1,1,1,0,"28","",2,3,1,0,2,1,0,1,1,2,4,8,1,5,3,3,17,16,40,60,1.00,1.42,0.64,1.24,2.81,46,77,54,35,16,27,77,42,85,11.00,4.31,3.10,3.60,2.15,1.22,1.73,2.80,5.25,1.57,2.20,Frans Heesen Stadion (Oss)
1731092400,Nov 08 2024 - 7:00pm,complete,N/A,VVV,AZ II,Laurens Gerrets,N/A,0.85,1.08,1.08,1.37,0,1,1,0,0,0,"","85",4,3,2,0,2,0,0,2,1,1,7,6,2,3,5,3,11,13,42,58,1.40,1.46,0.99,0.93,3.35,58,77,62,47,35,35,85,58,85,10.69,3.92,2.00,3.70,3.30,1.18,1.55,2.35,4.20,1.45,2.50,N/A
1731166200,Nov 09 2024 - 3:30pm,complete,N/A,Roda JC,Telstar,Jeroen Manschot,14,1.31,1.46,1.29,1.61,1,0,1,1,1,0,"17","",10,5,0,0,1,0,0,0,1,0,12,15,6,8,6,7,15,11,49,51,1.60,1.48,2.00,2.41,2.58,54,73,50,31,15,27,74,46,73,10.62,4.16,2.00,3.60,3.50,1.22,1.67,2.65,4.75,1.55,2.25,Parkstad Limburg Stadion (Kerkrade)
1731253500,Nov 10 2024 - 3:45pm,complete,2628,Dordrecht,Helmond Sport,Alex Bos,14,1.69,2.08,1.79,1.21,4,0,4,1,1,0,"17,46,65,73","",5,9,0,0,0,0,0,0,0,0,13,9,7,2,6,7,17,16,44,56,1.68,1.44,1.75,1.25,2.81,62,77,54,39,19,42,69,46,73,10.85,4.07,2.00,3.70,3.35,1.17,1.50,2.20,3.75,1.42,2.62,Riwal Hoogwerkers Stadion
1731697200,Nov 15 2024 - 7:00pm,complete,N/A,Telstar,VVV,N/A,15,1.36,0.79,1.61,1.08,4,0,4,2,2,0,"2,25,72,84","",5,4,0,0,2,0,0,0,1,1,7,5,4,2,3,3,7,16,52,48,1.55,1.37,0.00,0.00,2.61,47,71,43,33,18,29,86,36,75,11.07,4.14,1.53,4.20,5.50,1.20,1.62,2.55,4.33,1.62,2.10,711 Stadion (Velsen-Zuid)
1731850200,Nov 17 2024 - 1:30pm,complete,N/A,Eindhoven,MVV,T Hardeman,15,1.07,0.86,1.34,1.05,1,1,2,0,0,0,"89","56",4,4,2,0,1,0,2,0,0,1,7,6,3,2,4,4,14,10,50,50,1.06,1.32,1.25,1.04,2.75,39,79,50,36,18,25,72,43,83,6.85,3.71,2.20,3.60,3.10,1.18,1.60,2.50,4.33,1.52,2.50,Jan Louwers Stadion (Eindhoven)
1732302000,Nov 22 2024 - 7:00pm,complete,N/A,De Graafschap,Oss,Richard Martens,16,1.86,1.14,1.71,1.00,4,0,4,4,4,0,"37,39,42,45","",-1,-1,1,0,4,0,0,1,2,2,-1,-1,-1,-1,-1,-1,-1,-1,-1,-1,1.80,0.97,0.00,0.00,3.22,61,79,68,58,18,36,82,50,86,9.93,4.15,1.30,5.50,7.50,1.14,1.44,2.00,3.45,1.73,2.00,Stadion De Vijverberg (Doetinchem)
1732302000,Nov 22 2024 - 7:00pm,complete,N/A,Den Bosch,Excelsior,Martin van den Kerkhof,16,1.79,2.07,1.45,1.95,0,3,3,2,0,2,"","34,42,68",-1,-1,1,0,0,0,0,1,0,0,-1,-1,-1,-1,-1,-1,-1,-1,-1,-1,1.41,1.70,0.00,0.00,3.22,54,83,61,47,25,40,83,50,83,11.50,4.50,3.00,3.50,2.15,1.18,1.57,2.25,4.20,1.50,2.50,Stadion De Vliert ('s-Hertogenbosch)
1732302000,Nov 22 2024 - 7:00pm,complete,N/A,Helmond Sport,Eindhoven,Marc Nagtegaal,16,1.93,1.07,1.21,1.34,3,4,7,2,0,2,"47,54,77","5,24,49,88",-1,-1,2,0,1,0,1,1,0,1,-1,-1,-1,-1,-1,-1,-1,-1,-1,-1,1.42,1.08,0.00,0.00,2.70,42,79,52,32,17,32,76,45,80,7.83,3.94,1.42,5.25,5.25,1.20,1.62,2.60,4.75,1.83,1.83,GS Staalwerken Stadion (Helmond)
1732302000,Nov 22 2024 - 7:00pm,complete,N/A,Ajax II,Telstar,Stan Teuben,16,0.86,1.47,0.95,1.61,3,0,3,1,1,0,"20,64,90'2","",-1,-1,2,0,3,0,0,2,1,2,-1,-1,-1,-1,-1,-1,-1,-1,-1,-1,1.42,1.55,0.00,0.00,2.41,49,65,49,31,10,27,72,42,66,11.10,4.23,3.25,3.60,2.00,1.30,1.75,3.35,6.50,1.67,2.10,Sportpark De Toekomst (Amsterdam-Duivendrecht)
1732302000,Nov 22 2024 - 7:00pm,complete,N/A,AZ II,ADO Den Haag,Martin Perez,16,1.21,1.50,1.37,1.84,3,3,6,3,0,3,"47,59,90'5","28,34,41",-1,-1,4,0,1,1,2,2,1,1,-1,-1,-1,-1,-1,-1,-1,-1,-1,-1,1.42,1.49,0.00,0.00,3.25,61,82,61,43,29,36,82,54,83,10.71,3.72,3.50,3.75,1.90,1.18,1.57,2.40,4.20,1.53,2.38,AFAS Trainingscomplex (Wijdewormer)
1732302000,Nov 22 2024 - 7:00pm,complete,N/A,Utrecht II,Roda JC,Clay Ruperti,16,0.57,1.43,0.61,1.29,1,3,4,1,1,0,"32","63,86,89",-1,-1,0,1,0,0,0,1,0,0,-1,-1,-1,-1,-1,-1,-1,-1,-1,-1,1.26,1.63,0.00,0.00,2.68,54,75,50,29,14,29,75,50,71,9.57,3.79,3.10,3.60,2.05,1.22,1.70,2.80,5.00,1.62,2.20,Sportcomplex Zoudenbalch (Utrecht)
1732302000,Nov 22 2024 - 7:00pm,complete,N/A,PSV II,Volendam,Martijn Vos,16,1.00,1.86,0.79,2.16,1,4,5,4,0,4,"58","4,20,27,42",-1,-1,0,1,1,0,0,1,1,0,-1,-1,-1,-1,-1,-1,-1,-1,-1,-1,1.37,1.71,0.00,0.00,3.58,64,93,72,57,25,57,86,47,93,9.64,3.78,3.50,4.33,1.75,1.12,1.44,2.00,3.35,1.44,2.63,PSV Campus De Herdgang (Eindhoven)
1732302000,Nov 22 2024 - 7:00pm,complete,N/A,MVV,Dordrecht,Luuk Timmer,16,0.87,1.79,1.05,1.79,2,1,3,1,0,1,"54,73","6",-1,-1,2,0,0,0,0,2,0,0,-1,-1,-1,-1,-1,-1,-1,-1,-1,-1,1.30,1.68,0.00,0.00,2.90,59,80,52,45,17,32,62,52,79,10.17,3.50,3.30,3.75,1.95,1.18,1.57,2.40,4.20,1.53,2.38,De Geusselt (Maastricht)
1732302000,Nov 22 2024 - 7:00pm,complete,N/A,Vitesse,Cambuur,N/A,16,0.86,1.57,1.16,1.87,0,6,6,4,0,4,"","14,15,37,42,82,90'3",3,0,3,0,1,0,1,2,1,0,10,17,3,11,7,6,16,14,53,47,1.39,1.77,1.28,2.26,2.54,46,61,43,36,14,25,68,32,72,12.85,4.29,2.70,3.80,2.20,1.28,1.95,3.40,6.50,1.83,1.83,GelreDome
1732302000,Nov 22 2024 - 7:00pm,complete,N/A,VVV,Emmen,Erwin Blank,16,0.73,1.71,1.08,1.47,0,2,2,1,0,1,"","20,64",-1,-1,2,0,1,0,1,1,0,1,-1,-1,-1,-1,-1,-1,-1,-1,-1,-1,1.37,1.65,0.00,0.00,2.87,49,72,52,35,21,35,83,45,79,11.91,4.42,3.50,3.60,1.91,1.20,1.62,2.55,4.50,1.57,2.25,Covebo Stadion - De Koel - (Venlo)
1732561200,Nov 25 2024 - 7:00pm,complete,N/A,Dordrecht,Oss,Ingmar Oostrom,15,1.67,1.07,1.79,1.00,2,2,4,1,1,0,"45'2,64","72,76",3,5,3,0,5,0,0,3,1,4,14,4,6,4,8,0,14,22,61,39,1.68,0.97,1.80,0.92,2.80,47,77,57,44,10,30,73,43,73,10.64,3.94,1.43,5.06,6.04,1.12,1.40,1.95,3.40,1.57,2.25,M-Scores Stadion (Dordrecht)
1732561200,Nov 25 2024 - 7:00pm,complete,N/A,Emmen,De Graafschap,Robin Hensgens,15,1.80,1.93,1.47,1.71,3,0,3,2,2,0,"5,9,47","",3,5,4,0,4,0,2,2,1,3,9,8,7,3,2,5,18,13,41,59,1.65,1.80,1.28,1.00,3.40,67,83,70,57,24,43,87,54,80,11.50,3.93,2.18,3.88,2.94,1.16,1.48,2.10,3.75,1.40,2.75,De Oude Meerdijk (Emmen)
1732561200,Nov 25 2024 - 7:00pm,complete,N/A,Volendam,Ajax II,Laurens Gerrets,N/A,1.93,1.00,2.16,0.95,3,0,3,2,2,0,"17,42,90'8","",5,5,3,0,1,0,1,2,0,1,18,7,8,2,10,5,10,11,44,56,1.71,1.42,2.10,1.03,3.10,60,77,67,40,24,47,74,54,80,11.57,4.00,1.40,5.30,6.14,1.08,1.29,1.70,2.75,1.44,2.63,Kras Stadion (Volendam)
1732561200,Nov 25 2024 - 7:00pm,complete,N/A,Helmond Sport,ADO Den Haag,Jochem Kamphuis,15,1.80,1.47,1.21,1.84,2,1,3,1,0,1,"69,89","21",3,6,3,1,4,0,1,3,2,2,7,13,3,4,4,9,18,21,53,47,1.42,1.49,0.95,1.47,3.07,60,83,57,37,24,44,83,47,80,11.14,4.20,3.13,3.62,2.17,1.20,1.61,2.60,4.50,1.57,2.25,GS Staalwerken Stadion (Helmond)
1732561200,Nov 25 2024 - 7:00pm,complete,N/A,PSV II,AZ II,Kevin Puts,15,0.93,1.20,0.79,1.37,2,1,3,2,1,1,"4,82","43",6,3,2,0,4,0,1,1,2,2,7,8,3,4,4,4,19,22,50,50,1.37,1.42,1.14,1.47,3.60,64,83,70,60,34,44,80,50,90,8.57,4.00,2.25,4.07,2.74,1.09,1.36,1.90,2.85,1.33,3.25,PSV Campus De Herdgang (Eindhoven)
1732647600,Nov 26 2024 - 7:00pm,complete,N/A,Utrecht II,Excelsior,Wouter Wiersma,15,0.53,2.13,0.61,1.95,0,0,0,0,0,0,"","",4,8,2,0,3,0,1,1,2,1,10,13,3,4,7,9,6,21,45,55,1.26,1.70,1.16,1.67,3.27,57,87,63,50,20,43,84,53,80,10.36,4.20,4.50,4.00,1.55,1.16,1.50,2.20,3.75,1.57,2.25,Sportcomplex Zoudenbalch (Utrecht)
1732647600,Nov 26 2024 - 7:00pm,complete,N/A,Roda JC,Vitesse,N/A,15,1.53,0.80,1.29,1.16,3,0,3,1,1,0,"9,65,90'3","",9,1,2,0,3,1,1,1,3,1,17,6,10,1,7,5,14,10,55,45,1.63,1.38,2.21,0.58,2.93,60,74,57,40,20,27,67,50,83,10.74,4.27,1.63,4.20,4.80,1.16,1.57,2.25,4.20,1.57,2.25,Parkstad Limburg Stadion (Kerkrade)
1732647600,Nov 26 2024 - 7:00pm,complete,N/A,Cambuur,Den Bosch,Edwin van de Graaf,15,1.67,1.67,1.87,1.45,1,2,3,1,0,1,"60","7,81",8,5,3,0,2,0,1,2,0,2,17,7,8,4,9,3,10,12,67,33,1.80,1.41,2.29,1.03,2.54,34,64,43,27,17,30,80,34,67,12.17,3.73,1.70,4.13,4.38,1.16,1.53,2.25,4.20,1.53,2.38,Kooi Stadion (Leeuwarden)
1732906800,Nov 29 2024 - 7:00pm,complete,7378,ADO Den Haag,Emmen,Martijn Vos,17,1.38,1.88,1.84,1.47,2,1,3,3,2,1,"7,42","8",6,4,1,0,1,0,0,1,0,1,21,9,8,1,13,8,9,10,47,53,1.49,1.63,2.25,0.91,2.97,57,85,56,31,19,38,88,44,78,12.07,4.44,1.81,3.90,3.98,1.20,1.60,2.70,4.75,1.57,2.30,Cars Jeans Stadion
1732906800,Nov 29 2024 - 7:00pm,complete,N/A,Excelsior,Ajax II,Kevin Puts,17,2.06,0.94,1.95,0.95,2,0,2,2,2,0,"2,29","",11,2,0,0,3,0,0,0,1,2,13,7,7,2,6,5,14,9,52,48,1.69,1.40,1.74,0.74,2.81,47,72,63,38,16,38,69,47,75,11.53,4.63,1.40,5.39,6.21,1.08,1.30,1.81,2.80,1.47,2.60,Van Donge & De Roo Stadion (Rotterdam)
1732906800,Nov 29 2024 - 7:00pm,complete,N/A,Eindhoven,PSV II,Stan Teuben,17,1.19,1.06,1.34,0.79,1,0,1,1,1,0,"36","",7,4,1,0,0,0,0,1,0,0,20,5,6,3,14,2,6,9,30,70,1.08,1.35,2.05,0.89,3.13,47,91,60,44,19,38,85,35,88,6.00,3.75,1.78,4.14,3.89,1.14,1.45,2.00,3.60,1.47,2.65,Jan Louwers Stadion (Eindhoven)
1732906800,Nov 29 2024 - 7:00pm,complete,N/A,Roda JC,Volendam,R Vereijken,17,1.63,2.00,1.29,2.16,1,1,2,1,1,0,"39","85",1,8,3,0,2,0,0,3,2,0,12,11,7,6,5,5,14,9,39,61,1.67,1.74,1.62,1.47,3.22,60,82,69,41,26,47,79,56,85,11.54,3.56,2.42,3.72,2.67,1.12,1.44,2.00,3.40,1.40,2.90,Parkstad Limburg Stadion (Kerkrade)
1732906800,Nov 29 2024 - 7:00pm,complete,N/A,Telstar,Cambuur,Martin Perez,17,1.38,1.56,1.61,1.87,2,2,4,3,2,1,"15,32","45'1,90'1",5,5,2,0,2,0,0,2,0,2,10,6,5,5,5,1,15,15,38,62,1.55,1.84,1.26,1.15,2.44,35,63,44,32,13,28,82,38,63,12.42,3.82,2.53,3.46,2.69,1.22,1.67,2.75,4.75,1.57,2.35,711 Stadion (Velsen-Zuid)
1732906800,Nov 29 2024 - 7:00pm,complete,N/A,Vitesse,Helmond Sport,Luuk Timmer,17,0.75,1.88,1.16,1.21,2,1,3,0,0,0,"58,69","56",9,8,1,1,1,0,0,2,0,1,18,12,10,4,8,8,11,13,54,46,1.33,1.39,2.26,1.27,3.19,63,78,63,44,25,38,72,53,88,10.58,4.94,2.42,3.66,2.71,1.20,1.65,2.70,4.75,1.55,2.40,GelreDome (Arnhem)
1732980600,Nov 30 2024 - 3:30pm,complete,1708,Oss,Utrecht II,N/A,17,1.06,0.56,1.00,0.61,1,1,2,1,1,0,"25","88",6,2,0,0,0,0,0,0,0,0,14,6,3,1,11,5,14,13,43,57,0.97,1.26,2.09,1.10,2.75,47,75,53,41,10,28,78,44,72,9.40,4.51,2.41,3.55,2.85,1.22,1.70,2.95,5.50,1.60,2.25,Frans Heesen Stadion
1733051700,Dec 01 2024 - 11:15am,complete,N/A,De Graafschap,VVV,Sander van der Eijk,17,1.81,0.69,1.71,1.08,3,1,4,2,2,0,"2,25,90'1","55",3,5,2,0,2,0,2,0,0,2,8,9,5,5,3,4,15,18,49,51,1.75,1.37,1.13,1.30,3.32,57,85,66,53,22,44,91,47,88,10.14,4.01,1.34,5.49,7.28,1.10,1.36,1.95,3.10,1.57,2.35,Stadion De Vijverberg (Doetinchem)
1733067900,Dec 01 2024 - 3:45pm,complete,N/A,Den Bosch,Dordrecht,Bas Nijhuis,17,1.75,1.63,1.45,1.79,2,3,5,2,2,0,"18,45'2","57,81,85",3,9,0,0,2,0,0,0,1,1,7,11,3,6,4,5,10,5,43,57,1.38,1.69,1.06,1.48,2.97,57,85,60,38,16,31,82,50,78,10.87,3.50,2.40,3.60,2.70,1.15,1.47,2.20,3.75,1.42,2.80,Stadion De Vliert ('s-Hertogenbosch)
1733166000,Dec 02 2024 - 7:00pm,complete,N/A,AZ II,MVV,Clay Ruperti,17,1.13,1.00,1.37,1.05,2,3,5,3,1,2,"17,83","22,29,55",11,6,0,0,3,0,0,0,2,1,11,7,4,5,7,2,8,19,64,36,1.42,1.30,1.51,1.08,3.28,66,75,63,47,32,35,66,63,88,9.53,4.00,2.01,3.64,3.51,1.12,1.55,2.10,3.40,1.40,2.85,AFAS Trainingscomplex (Wijdewormer)
1733511600,Dec 06 2024 - 7:00pm,complete,N/A,Dordrecht,Telstar,Kevin Puts,18,1.71,1.35,1.79,1.61,3,2,5,1,0,1,"55,60,74","45,90'3",4,6,1,0,4,0,0,1,1,3,8,11,4,6,4,5,13,18,53,47,1.68,1.53,1.05,1.57,2.95,56,82,59,47,15,35,82,50,74,11.26,3.53,2.10,3.80,3.10,1.15,1.50,2.25,3.80,1.42,2.60,M-Scores Stadion (Dordrecht)
1733511600,Dec 06 2024 - 7:00pm,complete,N/A,Volendam,AZ II,T Hardeman,18,1.94,1.06,2.16,1.37,2,0,2,1,1,0,"24,66","",6,2,2,0,0,0,0,2,0,0,11,8,7,3,4,5,13,16,46,54,1.72,1.43,1.48,1.23,3.79,71,85,76,56,41,59,82,62,91,11.50,3.70,1.36,5.25,7.00,1.07,1.44,1.95,2.61,1.67,2.10,Kras Stadion (Volendam)
1733511600,Dec 06 2024 - 7:00pm,complete,N/A,Helmond Sport,Den Bosch,Erwin Blank,18,1.76,1.65,1.21,1.45,0,0,0,0,0,0,"","",3,3,4,0,2,0,0,4,1,1,4,9,1,3,3,6,15,18,52,48,1.38,1.36,0.55,1.04,3.03,59,79,62,32,24,38,80,53,82,10.81,4.11,2.20,3.50,3.10,1.22,1.67,2.62,4.75,1.50,2.35,GS Staalwerken Stadion (Helmond)
1733511600,Dec 06 2024 - 7:00pm,complete,N/A,MVV,Vitesse,Laurens Gerrets,18,1.12,0.88,1.05,1.16,2,2,4,1,0,1,"57,81","31,88",7,2,3,0,2,0,1,2,2,0,16,11,9,8,7,3,21,10,49,51,1.28,1.38,1.84,1.52,3.12,65,79,59,44,24,29,62,56,91,10.16,4.59,2.00,3.40,3.75,1.13,1.70,2.45,4.45,1.57,2.25,De Geusselt (Maastricht)
1733511600,Dec 06 2024 - 7:00pm,complete,N/A,VVV,Oss,Wouter Wiersma,18,0.65,1.06,1.08,1.00,0,0,0,0,0,0,"","",3,7,2,0,3,0,1,1,0,3,5,10,2,4,3,6,13,12,53,47,1.36,1.04,0.96,1.56,2.74,41,74,50,38,12,30,82,38,82,10.38,4.59,1.95,3.75,3.60,1.20,1.66,2.70,4.75,1.60,2.30,Covebo Stadion - De Koel - (Venlo)
1733585400,Dec 07 2024 - 3:30pm,complete,N/A,Cambuur,ADO Den Haag,Martin van den Kerkhof,18,1.53,1.47,1.87,1.84,2,1,3,1,1,0,"22,80","73",2,3,1,0,2,0,0,1,1,1,5,11,2,8,3,3,14,9,53,47,1.79,1.54,0.70,1.57,2.71,47,74,50,29,15,35,85,35,68,12.34,3.94,2.20,3.75,3.00,1.16,1.53,2.35,4.00,1.47,2.65,Kooi Stadion (Leeuwarden)
1733672700,Dec 08 2024 - 3:45pm,complete,N/A,Emmen,Excelsior,Joey Kooij,18,1.76,2.12,1.47,1.95,1,1,2,2,1,1,"5","30",3,4,3,0,2,0,0,3,0,2,7,12,4,5,3,7,13,13,51,49,1.58,1.70,0.95,1.50,3.06,50,79,62,41,21,47,79,44,74,12.69,4.48,2.66,3.56,2.51,1.22,1.67,2.62,4.75,1.50,2.35,De Oude Meerdijk (Emmen)
1733770800,Dec 09 2024 - 7:00pm,complete,N/A,Ajax II,De Graafschap,Luuk Timmer,18,0.88,1.88,0.95,1.71,2,0,2,1,1,0,"12,90'7","",2,4,0,0,0,0,0,0,0,0,10,9,5,4,5,5,14,17,43,57,1.35,1.71,1.63,1.80,3.09,59,80,71,47,15,44,80,50,77,9.94,4.17,3.75,3.70,1.90,1.12,1.44,2.00,3.40,1.40,2.75,Sportpark De Toekomst (Amsterdam-Duivendrecht)
1733770800,Dec 09 2024 - 7:00pm,complete,N/A,Utrecht II,Eindhoven,R Vereijken,18,0.59,1.29,0.61,1.34,0,4,4,2,0,2,"","16,35,75,78",3,4,2,0,2,0,1,1,2,0,5,11,0,7,5,4,8,10,65,35,1.25,1.14,0.64,1.47,2.76,44,82,47,32,15,27,82,44,74,6.82,3.41,2.75,3.60,2.35,1.28,1.85,3.25,6.00,1.73,2.00,Sportcomplex Zoudenbalch (Utrecht)
1733770800,Dec 09 2024 - 7:00pm,complete,N/A,PSV II,Roda JC,Martin Perez,18,1.00,1.59,0.79,1.29,2,3,5,1,1,0,"17,78","52,85,88",-1,-1,2,0,3,0,0,2,1,2,-1,-1,-1,-1,-1,-1,-1,-1,-1,-1,1.32,1.66,0.00,0.00,2.89,56,80,59,39,15,33,80,39,82,8.88,3.82,3.75,3.70,1.91,1.16,1.53,2.35,4.00,1.50,2.50,PSV Campus De Herdgang (Eindhoven)
1734116400,Dec 13 2024 - 7:00pm,complete,N/A,ADO Den Haag,MVV,Erwin Blank,19,1.39,1.11,1.84,1.05,2,0,2,1,1,0,"35,48","",5,5,2,0,1,0,0,2,0,1,18,4,8,3,10,1,17,15,56,44,1.54,1.32,2.14,0.75,3.03,67,86,59,36,20,34,78,53,84,10.35,4.12,1.42,5.00,6.50,1.10,1.36,1.90,3.00,1.52,2.50,Bingoal Stadion (Den Haag (‘s-Gravenhage))
1734116400,Dec 13 2024 - 7:00pm,complete,10865,De Graafschap,Cambuur,Ingmar Oostrom,19,1.78,1.61,1.71,1.87,0,2,2,1,0,1,"","24,89",6,4,4,0,4,0,2,2,1,3,14,17,2,9,12,8,19,13,55,45,1.71,1.73,1.45,1.98,3.09,53,75,64,50,17,42,86,45,75,11.10,3.61,2.25,4.00,2.75,1.14,1.48,2.15,3.60,1.44,2.63,Stadion De Vijverberg
1734116400,Dec 13 2024 - 7:00pm,complete,N/A,Excelsior,Volendam,Robin Hensgens,19,2.06,2.00,1.95,2.16,0,0,0,0,0,0,"","",5,7,2,0,2,0,1,1,1,1,10,1,3,1,7,0,11,10,62,38,1.69,1.71,1.39,0.42,3.42,59,89,67,50,28,62,84,47,83,12.47,4.00,2.00,3.95,3.20,1.11,1.36,1.90,2.95,1.33,3.00,Van Donge & De Roo Stadion (Rotterdam)
1734116400,Dec 13 2024 - 7:00pm,complete,N/A,Den Bosch,PSV II,Luuk Timmer,N/A,1.61,0.94,1.45,0.79,1,1,2,2,1,1,"23","31",9,1,0,0,2,0,0,0,0,2,12,7,7,5,5,2,14,12,41,59,1.34,1.32,1.69,1.13,3.08,56,84,62,42,22,39,86,36,84,8.87,3.77,1.62,4.50,4.75,1.16,1.50,2.20,3.75,1.57,2.25,Stadion De Vliert ('s-Hertogenbosch)
1734116400,Dec 13 2024 - 7:00pm,complete,2314,Eindhoven,VVV,Kevin Puts,19,1.39,0.67,1.34,1.08,1,3,4,2,1,1,"31","13,88,90'3",6,3,1,1,1,0,1,1,1,0,12,5,4,2,8,3,11,13,53,47,1.16,1.34,1.37,0.73,2.75,34,78,47,33,17,31,83,42,81,7.83,3.78,1.85,3.90,3.70,1.20,1.60,2.65,4.75,1.57,2.25,Jan Louwers Stadion
1734116400,Dec 13 2024 - 7:00pm,complete,N/A,AZ II,Emmen,R Vereijken,19,1.00,1.72,1.37,1.47,1,1,2,1,1,0,"21","66",3,16,2,0,3,0,1,1,0,3,9,16,4,6,5,10,9,10,43,57,1.42,1.54,1.17,2.06,3.28,62,78,64,42,31,44,81,53,78,11.18,4.11,3.45,3.65,1.95,1.20,1.57,2.40,4.20,1.48,2.40,AFAS Trainingscomplex (Wijdewormer)
1734116400,Dec 13 2024 - 7:00pm,complete,N/A,Roda JC,Dordrecht,Richard Martens,19,1.67,1.78,1.29,1.79,0,1,1,1,0,1,"","23",5,4,2,0,2,0,1,1,2,0,16,6,5,2,11,4,8,13,60,40,1.66,1.64,1.89,0.74,2.98,62,81,62,42,20,25,75,59,78,10.72,3.50,1.83,4.50,3.40,1.14,1.44,2.05,3.60,1.44,2.63,Parkstad Limburg Stadion (Kerkrade)
1734116400,Dec 13 2024 - 7:00pm,complete,N/A,Telstar,Helmond Sport,Laurens Gerrets,19,1.28,1.72,1.61,1.21,3,0,3,2,2,0,"32,44,69","",3,1,0,0,2,0,0,0,1,1,10,3,5,1,5,2,16,12,52,48,1.53,1.33,1.27,0.51,2.86,56,75,59,39,20,36,78,50,75,11.00,4.45,1.75,4.00,4.33,1.22,1.70,2.80,5.00,1.68,2.15,711 Stadion (Velsen-Zuid)
1734116400,Dec 13 2024 - 7:00pm,complete,N/A,Oss,Ajax II,Martijn Vos,19,1.06,1.00,1.00,0.95,2,1,3,0,0,0,"54,80","62",2,8,1,0,2,0,0,1,0,2,9,12,5,7,4,5,14,14,37,63,1.07,1.37,1.60,2.57,2.39,39,67,50,28,6,25,70,36,70,10.24,4.67,2.45,3.90,2.55,1.20,1.57,2.60,4.50,1.50,2.50,Frans Heesen Stadion (Oss)
1734116400,Dec 13 2024 - 7:00pm,complete,N/A,Vitesse,Utrecht II,Stan Teuben,19,0.89,0.56,1.16,0.61,2,1,3,0,0,0,"56,60","90'3",10,2,0,0,1,0,0,0,0,1,11,7,3,5,8,2,17,18,58,42,1.39,1.21,1.38,1.02,3.08,62,83,59,45,17,31,75,53,83,9.40,4.34,1.73,4.10,4.20,1.20,1.65,2.65,4.75,1.67,2.10,GelreDome (Arnhem)
1734721200,Dec 20 2024 - 7:00pm,complete,N/A,Dordrecht,Eindhoven,Clay Ruperti,20,1.84,1.32,1.79,1.34,3,3,6,2,1,1,"45'2,77,88","16,60,79",10,5,1,0,3,0,0,1,1,2,8,8,7,5,1,3,9,11,56,44,1.59,1.17,1.38,1.08,3.03,48,84,58,45,19,32,82,53,77,8.33,3.32,1.71,4.34,4.08,1.16,1.50,2.30,3.75,1.53,2.38,M-Scores Stadion (Dordrecht)
1734721200,Dec 20 2024 - 7:00pm,complete,N/A,Emmen,Den Bosch,Stan Teuben,N/A,1.68,1.58,1.47,1.45,0,3,3,2,0,2,"","16,21,56",6,3,3,0,3,0,1,2,0,3,10,8,4,4,6,4,12,11,66,34,1.57,1.36,1.39,1.00,2.79,56,79,53,26,19,40,84,40,71,12.00,4.06,1.70,3.97,4.56,1.20,1.65,2.75,4.75,1.67,2.10,De Oude Meerdijk (Emmen)
1734721200,Dec 20 2024 - 7:00pm,complete,N/A,Cambuur,AZ II,Laurens Gerrets,20,1.68,1.00,1.87,1.37,0,2,2,0,0,0,"","82,90'1",8,4,0,0,3,0,0,0,3,0,10,7,3,5,7,2,13,14,57,43,1.74,1.40,1.37,1.00,3.00,50,69,55,40,27,34,79,48,76,11.26,3.79,1.40,5.15,6.57,1.10,1.36,1.97,3.10,1.53,2.38,Kooi Stadion (Leeuwarden)
1734721200,Dec 20 2024 - 7:00pm,complete,N/A,Utrecht II,Helmond Sport,T Hardeman,N/A,0.53,1.63,0.61,1.21,3,1,4,2,1,1,"38,54,68","33",3,7,2,0,3,0,2,0,0,3,12,8,7,3,5,5,16,16,50,50,1.20,1.28,1.57,0.98,2.87,58,79,58,35,16,37,74,53,77,9.11,4.11,3.00,3.46,2.31,1.22,1.75,2.90,5.00,1.62,2.20,Sportcomplex Zoudenbalch (Utrecht)
1734721200,Dec 20 2024 - 7:00pm,complete,1250,PSV II,Vitesse,N/A,20,0.95,1.00,0.79,1.16,6,4,10,4,3,1,"7,38,44,66,78,81","21,46,68,83",2,12,1,0,0,0,0,1,0,0,15,17,10,6,5,11,14,9,38,62,1.31,1.39,1.96,2.15,3.29,66,87,66,50,21,37,76,42,90,9.06,4.37,2.55,3.83,2.48,1.12,1.44,2.10,3.40,1.40,2.75,Sportcomplex De Herdgang
1734795000,Dec 21 2024 - 3:30pm,complete,N/A,VVV,Excelsior,Marc Nagtegaal,20,0.79,2.00,1.08,1.95,1,1,2,0,0,0,"90","53",10,5,2,0,2,0,1,1,0,2,12,9,7,5,5,4,6,9,45,55,1.30,1.67,1.51,1.32,2.87,45,77,53,42,19,45,79,42,76,11.22,4.26,4.75,4.20,1.62,1.18,1.57,2.40,4.33,1.57,2.20,Covebo Stadion - De Koel - (Venlo)
1734874200,Dec 22 2024 - 1:30pm,complete,6046,Volendam,De Graafschap,Ingmar Oostrom,20,1.95,1.68,2.16,1.71,2,1,3,2,1,1,"23,86","14",7,3,1,0,2,0,0,1,0,2,12,7,4,1,8,6,9,14,54,46,1.63,1.70,1.53,1.01,3.58,66,92,74,58,27,58,90,50,89,11.00,3.68,2.00,4.03,3.24,1.11,1.40,1.98,3.20,1.36,3.00,Kras Stadion
1734874200,Dec 22 2024 - 1:30pm,complete,N/A,MVV,Telstar,Martin van den Kerkhof,20,1.05,1.37,1.05,1.61,5,1,6,3,2,1,"22,27,75,80,90'2","35",4,1,0,0,0,0,0,0,0,0,14,7,9,3,5,4,10,14,37,63,1.29,1.52,1.72,1.01,2.90,55,79,56,42,19,32,76,50,82,10.33,3.95,3.13,3.72,2.14,1.17,1.57,2.40,4.20,1.50,2.50,De Geusselt (Maastricht)
1734882300,Dec 22 2024 - 3:45pm,complete,N/A,ADO Den Haag,Oss,Martin Perez,20,1.47,1.16,1.84,1.00,1,0,1,0,0,0,"90'4","",7,4,2,0,4,0,1,1,0,4,22,9,8,4,14,5,10,19,64,36,1.58,1.10,2.71,1.29,2.77,53,82,56,32,11,29,82,40,77,10.56,4.47,1.36,5.21,7.25,1.16,1.53,2.35,4.00,1.80,1.91,N/A
1734980400,Dec 23 2024 - 7:00pm,complete,N/A,Ajax II,Roda JC,Clay Ruperti,20,0.95,1.58,0.95,1.29,3,1,4,3,2,1,"5,28,90'1","8",3,8,0,0,1,0,0,0,0,1,11,13,8,7,3,6,15,18,47,53,1.44,1.68,1.47,1.66,2.45,48,68,53,21,11,21,69,48,71,10.35,4.11,3.27,3.70,2.08,1.16,1.53,2.30,4.00,1.50,2.50,Sportpark De Toekomst (Amsterdam-Duivendrecht)
1736535600,Jan 10 2025 - 7:00pm,complete,N/A,Excelsior,Dordrecht,Pol van Boekel,21,1.95,1.80,1.95,1.79,1,0,1,0,0,0,"60","",6,4,0,0,2,0,0,0,1,1,7,6,3,1,4,5,14,11,57,43,1.65,1.58,1.10,0.67,3.13,58,83,60,50,23,43,75,53,73,11.84,3.75,1.50,4.20,5.75,1.12,1.44,2.05,3.30,1.53,2.38,Van Donge & De Roo Stadion (Rotterdam)
1736535600,Jan 10 2025 - 7:00pm,complete,N/A,Oss,MVV,Clay Ruperti,21,1.10,1.15,1.00,1.05,1,0,1,1,1,0,"9","",6,9,0,0,1,0,0,0,1,0,10,14,6,3,4,11,14,13,40,60,1.11,1.31,1.60,1.97,2.78,53,73,53,40,15,25,65,48,83,9.79,4.40,2.55,3.50,2.60,1.18,1.60,2.50,4.33,1.50,2.50,Frans Heesen Stadion (Oss)
1736535600,Jan 10 2025 - 7:00pm,complete,N/A,Eindhoven,Volendam,Marc Nagtegaal,21,1.30,2.00,1.34,2.16,1,3,4,3,1,2,"11","22,41,82",2,4,0,0,0,0,0,0,0,0,5,9,2,5,3,4,10,10,37,63,1.17,1.62,0.70,1.39,3.25,50,88,63,43,25,50,85,48,85,9.26,3.55,3.40,3.80,1.95,1.17,1.57,2.40,4.20,1.50,2.50,Jan Louwers Stadion (Eindhoven)
1736680500,Jan 12 2025 - 11:15am,complete,N/A,Telstar,PSV II,T Hardeman,21,1.30,1.05,1.61,0.79,1,0,1,0,0,0,"60","",12,1,0,0,1,0,0,0,1,0,15,3,6,1,9,2,12,9,54,46,1.49,1.35,1.79,0.54,3.30,58,85,63,50,23,45,90,38,80,8.70,3.75,1.45,4.50,6.50,1.12,1.44,2.05,3.40,1.57,2.25,711 Stadion (Velsen-Zuid)
1736696700,Jan 12 2025 - 3:45pm,complete,N/A,Vitesse,VVV,Laurens Gerrets,21,0.95,0.80,1.16,1.08,1,4,5,2,0,2,"87","10,13,57,75",9,4,1,0,1,0,1,0,0,1,22,12,8,7,14,5,9,18,61,39,1.43,1.31,2.24,1.54,3.18,58,80,58,43,20,33,73,53,90,11.11,4.35,1.83,3.90,3.75,1.20,1.62,2.60,4.75,1.57,2.25,GelreDome (Arnhem)
1736794800,Jan 13 2025 - 7:00pm,complete,N/A,AZ II,Ajax II,Stan Teuben,21,1.10,1.05,1.37,0.95,2,1,3,1,0,1,"58,66","45'4",2,3,1,0,2,0,0,1,1,1,12,19,6,4,6,15,19,9,54,46,1.38,1.44,1.72,1.93,2.98,55,75,60,35,23,35,70,53,80,10.00,3.95,2.25,3.80,2.75,1.12,1.40,1.95,3.25,1.40,2.75,AFAS Trainingscomplex (Wijdewormer)
1737140400,Jan 17 2025 - 7:00pm,complete,N/A,ADO Den Haag,Helmond Sport,Robin Hensgens,22,1.55,1.55,1.84,1.21,3,1,4,1,1,0,"17,56,67","85",2,4,1,1,2,0,2,0,2,0,10,14,6,6,4,8,11,22,34,66,1.64,1.26,1.24,1.76,2.93,60,83,60,30,18,40,80,48,80,10.79,4.45,1.45,4.50,6.25,1.17,1.50,2.25,3.85,1.60,2.15,Bingoal Stadion (Den Haag (‘s-Gravenhage))
1737140400,Jan 17 2025 - 7:00pm,complete,N/A,Dordrecht,AZ II,T Hardeman,22,1.71,1.19,1.79,1.37,1,1,2,1,1,0,"13","50",5,7,2,0,3,0,1,1,1,2,6,7,4,6,2,1,12,20,43,57,1.54,1.40,0.98,1.19,3.36,65,81,65,50,31,36,76,62,83,10.40,3.43,1.65,4.29,4.32,1.11,1.40,2.00,3.25,1.44,2.63,M-Scores Stadion (Dordrecht)
1737140400,Jan 17 2025 - 7:00pm,complete,N/A,Volendam,Vitesse,Allard Lindhout,22,2.05,0.90,2.16,1.16,4,0,4,3,3,0,"5,43,45,58","",2,13,0,0,1,0,0,0,1,0,11,11,5,6,6,5,4,11,42,58,1.61,1.47,1.36,1.61,3.60,69,88,71,50,29,50,77,53,93,12.15,3.91,1.40,5.00,6.50,1.10,1.38,1.93,3.00,1.48,2.40,Kras Stadion (Volendam)
1737140400,Jan 17 2025 - 7:00pm,complete,N/A,Cambuur,Excelsior,Erwin Blank,22,1.60,2.00,1.87,1.95,1,0,1,1,1,0,"45","",2,6,3,0,2,0,1,2,1,1,14,9,7,3,7,6,7,9,44,56,1.72,1.62,1.54,1.14,2.61,39,68,46,34,15,37,71,39,68,12.50,3.95,2.50,3.50,2.60,1.22,1.67,2.62,4.75,1.50,2.35,Kooi Stadion (Leeuwarden)
1737140400,Jan 17 2025 - 7:00pm,complete,N/A,Oss,Roda JC,Laurens Gerrets,22,1.19,1.50,1.00,1.29,0,2,2,1,0,1,"","30,77",9,7,1,0,3,0,1,0,2,1,14,13,7,7,7,6,9,14,54,46,1.14,1.68,2.43,2.16,2.52,47,66,52,32,10,20,71,42,73,10.38,4.28,4.00,3.75,1.80,1.22,1.67,2.65,4.75,1.57,2.20,Frans Heesen Stadion (Oss)
1737140400,Jan 17 2025 - 7:00pm,complete,N/A,VVV,Telstar,R Vereijken,22,0.90,1.38,1.08,1.61,1,0,1,0,0,0,"78","",4,7,2,0,2,0,0,2,0,2,9,7,3,3,6,4,9,9,47,53,1.33,1.50,1.10,0.93,2.86,48,76,53,41,19,38,84,46,81,10.80,3.76,3.00,3.55,2.20,1.22,1.67,2.65,4.75,1.53,2.30,Covebo Stadion - De Koel - (Venlo)
1737214200,Jan 18 2025 - 3:30pm,complete,4803,MVV,Den Bosch,N/A,22,1.10,1.65,1.05,1.45,5,0,5,4,4,0,"3,19,31,40,56","",3,4,3,0,3,0,0,3,3,0,12,14,4,7,8,7,19,6,50,50,1.34,1.34,1.21,1.72,2.90,56,78,54,34,22,35,76,49,81,10.26,3.66,2.20,3.60,2.95,1.20,1.57,2.40,4.20,1.45,2.50,De Geusselt
1737301500,Jan 19 2025 - 3:45pm,complete,N/A,Emmen,Eindhoven,Kevin Puts,22,1.60,1.24,1.47,1.34,1,2,3,1,1,0,"3","61,76",3,8,1,0,1,0,0,1,0,1,14,14,4,9,10,5,16,9,53,47,1.56,1.14,1.36,1.95,2.95,47,83,56,34,17,42,86,42,76,9.53,4.06,1.65,4.00,4.50,1.20,1.62,2.55,4.50,1.62,2.10,De Oude Meerdijk (Emmen)
1737399600,Jan 20 2025 - 7:00pm,complete,N/A,Roda JC,Cambuur,Martijn Vos,21,1.57,1.67,1.29,1.87,0,1,1,0,0,0,"","88",5,4,2,0,1,0,0,2,0,1,18,17,8,6,10,11,13,12,50,50,1.71,1.71,2.02,1.84,2.46,41,64,45,27,12,22,76,41,69,11.56,3.85,2.55,3.50,2.55,1.20,1.67,2.70,4.75,1.53,2.38,Parkstad Limburg Stadion (Kerkrade)
1737399600,Jan 20 2025 - 7:00pm,complete,N/A,Ajax II,PSV II,N/A,22,1.00,1.00,0.95,0.79,4,0,4,2,2,0,"17,28,55,90'5","",7,7,1,0,0,0,1,0,0,0,19,8,10,2,9,6,8,17,43,57,1.47,1.30,2.39,1.21,2.96,55,79,60,36,15,39,77,36,79,8.27,3.91,1.72,4.06,4.28,1.09,1.33,1.88,2.90,1.36,3.00,Sportpark De Toekomst (Amsterdam-Duivendrecht)
1737399600,Jan 20 2025 - 7:00pm,complete,N/A,Utrecht II,De Graafschap,Martin Perez,22,0.65,1.60,0.61,1.71,1,1,2,1,1,0,"41","86",5,7,2,0,1,0,0,2,0,1,13,10,1,4,12,6,11,16,44,56,1.22,1.66,1.12,1.29,3.28,65,90,68,53,15,45,88,53,83,8.63,3.65,4.70,4.37,1.61,1.18,1.60,2.55,4.33,1.62,2.25,Sportcomplex Zoudenbalch (Utrecht)
1737745200,Jan 24 2025 - 7:00pm,complete,N/A,De Graafschap,Emmen,Erwin Blank,23,1.57,1.52,1.71,1.47,4,0,4,1,1,0,"45'1,59,72,87","",12,4,0,0,0,1,0,0,1,0,32,4,9,1,23,3,8,4,55,45,1.64,1.55,3.11,0.46,3.19,64,88,67,43,17,48,91,43,81,11.20,4.15,2.11,3.68,3.16,1.18,1.57,2.50,4.20,1.44,2.63,Stadion De Vijverberg (Doetinchem)
1737745200,Jan 24 2025 - 7:00pm,complete,N/A,Eindhoven,Cambuur,Robin Hensgens,23,1.32,1.73,1.34,1.87,4,2,6,4,2,2,"18,25,54,64","12,38",3,4,0,0,1,0,0,0,1,0,10,11,4,5,6,6,14,10,35,65,1.18,1.72,1.19,1.41,2.66,34,71,48,32,14,30,80,41,73,9.24,3.54,3.19,3.63,2.11,1.22,1.70,2.95,5.50,1.57,2.25,Jan Louwers Stadion (Eindhoven)
1737745200,Jan 24 2025 - 7:00pm,complete,N/A,Volendam,MVV,Joey Kooij,23,2.09,1.18,2.16,1.05,3,1,4,1,1,0,"35,55,80","83",4,5,1,0,1,0,0,1,0,1,14,15,9,5,5,10,11,20,44,56,1.60,1.33,1.79,1.68,3.30,62,84,64,48,27,50,77,48,89,10.85,3.50,1.41,5.14,6.17,1.10,1.35,1.92,3.00,1.50,2.50,Kras Stadion (Volendam)
1737745200,Jan 24 2025 - 7:00pm,complete,N/A,Roda JC,Utrecht II,Alex Bos,23,1.50,0.67,1.29,0.61,3,0,3,1,1,0,"3,48,52","",7,3,2,0,0,0,0,2,0,0,16,14,8,3,8,11,13,9,46,54,1.72,1.21,1.86,1.37,2.71,56,77,51,33,12,26,77,49,77,9.40,3.71,1.32,5.28,8.14,1.18,1.57,2.60,4.50,1.83,1.83,Parkstad Limburg Stadion (Kerkrade)
1737745200,Jan 24 2025 - 7:00pm,complete,N/A,Vitesse,Dordrecht,Marc Nagtegaal,23,0.86,1.68,1.16,1.79,0,3,3,1,0,1,"","30,52,90'5",5,4,2,0,3,0,0,2,1,2,15,4,4,3,11,1,18,10,61,39,1.47,1.51,1.65,0.75,3.44,66,84,66,53,25,34,73,57,86,11.89,3.77,2.80,3.68,2.35,1.15,1.47,2.20,3.75,1.42,2.80,GelreDome (Arnhem)
1737745200,Jan 24 2025 - 7:00pm,complete,N/A,Den Bosch,Oss,Martin van den Kerkhof,23,1.57,1.14,1.45,1.00,1,0,1,0,0,0,"90'3","",1,6,0,0,1,0,0,0,1,0,14,4,5,0,9,4,8,8,56,44,1.36,1.20,1.67,0.69,2.63,42,73,51,31,15,31,77,35,75,10.44,4.18,1.70,3.97,4.55,1.22,1.68,2.75,5.00,1.68,2.15,Stadion De Vliert ('s-Hertogenbosch)
1737819000,Jan 25 2025 - 3:30pm,complete,N/A,Telstar,Ajax II,Martijn Vos,23,1.32,1.09,1.61,0.95,3,0,3,2,2,0,"21,40,49","",5,6,2,0,0,0,0,2,0,0,12,12,4,3,8,9,15,15,49,51,1.47,1.51,1.70,1.80,2.66,45,73,57,32,12,34,75,43,75,10.72,3.77,1.67,3.70,5.00,1.18,1.53,2.55,4.33,1.53,2.38,711 Stadion (Velsen-Zuid)
1737890100,Jan 26 2025 - 11:15am,complete,N/A,Excelsior,ADO Den Haag,Bas Nijhuis,23,1.91,1.62,1.95,1.84,1,0,1,0,0,0,"88","",5,1,2,0,1,0,0,2,0,1,16,7,6,1,10,6,12,7,62,38,1.60,1.62,1.89,0.71,2.86,54,82,54,35,16,39,79,42,75,11.54,4.19,1.87,3.75,3.75,1.22,1.70,2.80,5.00,1.63,2.20,Van Donge & De Roo Stadion (Rotterdam)
1737906300,Jan 26 2025 - 3:45pm,complete,N/A,Helmond Sport,AZ II,R Vereijken,23,1.48,1.18,1.21,1.37,2,1,3,2,2,0,"28,45'1","72",4,4,1,0,2,0,1,0,1,1,9,10,3,3,6,7,15,14,33,67,1.29,1.39,1.07,1.27,3.23,65,79,66,42,28,40,74,61,86,10.05,4.29,2.15,3.55,3.10,1.20,1.60,2.45,4.33,1.48,2.40,GS Staalwerken Stadion (Helmond)
1738004400,Jan 27 2025 - 7:00pm,complete,N/A,Den Bosch,Utrecht II,Stan Teuben,21,1.64,0.64,1.45,0.61,2,0,2,2,2,0,"2,43","",7,3,0,0,4,0,0,0,1,3,20,8,5,1,15,7,14,13,50,50,1.38,1.22,1.95,0.80,2.84,52,82,55,32,16,37,82,46,77,8.95,3.45,1.62,3.90,5.25,1.20,1.67,2.70,4.75,1.67,2.10,Stadion De Vliert ('s-Hertogenbosch)
1738004400,Jan 27 2025 - 7:00pm,complete,N/A,PSV II,VVV,Luuk Timmer,23,0.95,1.00,0.79,1.08,1,2,3,1,0,1,"79","12,63",3,7,1,0,1,0,0,1,0,1,10,13,3,5,7,8,9,15,61,39,1.30,1.31,1.24,1.48,3.12,52,80,55,46,21,43,82,39,86,8.64,3.77,2.40,3.77,2.68,1.14,1.48,2.15,3.50,1.40,2.75,PSV Campus De Herdgang (Eindhoven)
1738350000,Jan 31 2025 - 7:00pm,complete,N/A,ADO Den Haag,Eindhoven,Stan Teuben,24,1.55,1.39,1.84,1.34,2,1,3,1,0,1,"47,90'4","3",11,2,1,0,3,2,1,0,1,4,18,6,5,4,13,2,11,11,72,28,1.57,1.18,2.06,0.80,3.04,51,87,58,35,18,36,87,47,83,8.37,3.66,1.53,4.50,5.25,1.18,1.57,2.45,4.33,1.62,2.10,Bingoal Stadion (Den Haag (‘s-Gravenhage))
1738350000,Jan 31 2025 - 7:00pm,complete,N/A,Den Bosch,Volendam,Edwin van de Graaf,24,1.70,2.13,1.45,2.16,3,0,3,1,1,0,"43,48,72","",4,4,1,0,1,0,0,1,0,1,16,8,5,1,11,7,14,6,43,57,1.40,1.61,1.66,0.95,3.15,54,85,63,39,24,54,85,39,83,10.95,3.27,3.60,4.00,1.91,1.15,1.44,2.10,3.75,1.44,2.63,Stadion De Vliert ('s-Hertogenbosch)
1738350000,Jan 31 2025 - 7:00pm,complete,N/A,Dordrecht,De Graafschap,Jannick van der Laan,24,1.74,1.64,1.79,1.71,1,1,2,2,1,1,"14","37",1,4,2,0,2,0,1,1,0,2,10,21,1,6,9,15,9,12,44,56,1.47,1.71,0.93,2.09,3.36,65,89,69,56,20,40,87,54,85,10.64,3.42,2.45,3.85,2.50,1.12,1.44,2.10,3.45,1.36,2.80,M-Scores Stadion (Dordrecht)
1738350000,Jan 31 2025 - 7:00pm,complete,7621,Emmen,PSV II,Laurens Gerrets,24,1.45,0.91,1.47,0.79,4,2,6,1,0,1,"48,56,69,72","20,59",4,6,2,0,2,0,0,2,1,1,19,11,6,5,13,6,14,9,45,55,1.50,1.30,2.06,1.48,3.17,58,85,62,40,18,45,87,38,80,9.77,4.01,1.40,5.50,6.00,1.10,1.44,2.10,3.00,1.67,2.10,N/A
1738350000,Jan 31 2025 - 7:00pm,complete,N/A,Cambuur,Telstar,Martin Perez,24,1.65,1.39,1.87,1.61,2,1,3,1,0,1,"51,77","39",5,3,1,0,4,0,1,0,0,4,10,12,3,4,7,8,9,24,53,47,1.71,1.48,1.20,1.27,2.61,37,66,48,33,15,33,79,37,72,11.60,3.61,1.80,3.85,3.95,1.20,1.67,2.70,5.00,1.60,2.15,Kooi Stadion (Leeuwarden)
1738423800,Feb 01 2025 - 3:30pm,complete,N/A,Excelsior,Vitesse,Clay Ruperti,24,1.96,0.83,1.95,1.16,1,3,4,2,0,2,"90'3","13,16,72",13,1,0,0,1,0,0,0,0,1,26,10,10,6,16,4,7,15,62,38,1.61,1.48,2.89,1.22,3.20,54,79,61,46,22,39,68,50,83,12.35,4.26,1.35,5.25,7.00,1.12,1.44,2.10,3.55,1.65,2.05,Van Donge & De Roo Stadion (Rotterdam)
1738431900,Feb 01 2025 - 5:45pm,complete,N/A,MVV,Roda JC,Ingmar Oostrom,24,1.13,1.57,1.05,1.29,3,2,5,2,1,1,"23,47,58","42,85",6,8,2,0,4,0,0,2,0,4,19,15,6,5,13,10,14,10,49,51,1.35,1.73,1.95,1.78,2.85,55,74,55,37,20,24,72,53,83,10.39,3.83,2.85,3.60,2.25,1.20,1.62,2.55,4.33,1.48,2.40,De Geusselt (Maastricht)
1738511100,Feb 02 2025 - 3:45pm,complete,N/A,Oss,Helmond Sport,N/A,24,1.09,1.55,1.00,1.21,1,1,2,1,0,1,"68","11",2,4,1,0,3,0,1,0,1,2,8,7,4,4,4,3,15,16,48,52,1.18,1.28,1.30,1.41,2.65,50,69,56,33,11,31,69,43,78,10.37,4.58,2.45,3.37,2.87,1.25,1.82,3.00,5.50,1.67,2.10,Frans Heesen Stadion (Oss)
1738609200,Feb 03 2025 - 7:00pm,complete,N/A,De Graafschap,ADO Den Haag,Martijn Vos,21,1.61,1.61,1.71,1.84,1,2,3,3,1,2,"41","16,19",6,0,4,0,2,0,2,2,1,1,15,9,5,5,10,4,14,17,54,46,1.73,1.60,1.53,1.26,3.20,66,92,66,44,15,41,92,46,85,10.54,3.78,2.30,3.90,2.70,1.17,1.57,2.40,4.20,1.50,2.50,Stadion De Vijverberg (Doetinchem)
1738610100,Feb 03 2025 - 7:15pm,complete,N/A,AZ II,VVV,N/A,24,1.13,1.09,1.37,1.08,3,0,3,1,1,0,"15,73,77","",6,7,0,0,0,0,0,0,0,0,11,14,6,7,5,7,11,7,50,50,1.38,1.32,1.37,1.77,3.09,59,79,57,39,26,37,78,55,89,10.09,3.87,1.91,3.80,3.60,1.17,1.57,2.40,4.20,1.50,2.50,AFAS Trainingscomplex (Wijdewormer)
1738954800,Feb 07 2025 - 7:00pm,complete,N/A,De Graafschap,Den Bosch,Marc Nagtegaal,25,1.54,1.75,1.71,1.45,1,0,1,0,0,0,"71","",8,4,0,0,1,0,0,0,1,0,13,5,4,0,9,5,12,10,56,44,1.72,1.41,1.59,0.61,3.15,57,88,65,42,19,48,90,42,79,10.17,3.55,1.83,4.00,3.75,1.14,1.44,2.05,3.60,1.44,2.63,Stadion De Vijverberg (Doetinchem)
1738954800,Feb 07 2025 - 7:00pm,complete,N/A,Eindhoven,Oss,T Hardeman,25,1.33,1.08,1.34,1.00,3,0,3,2,2,0,"5,8,82","",3,2,1,0,1,0,1,0,0,1,9,4,6,1,3,3,12,11,43,57,1.17,1.19,1.31,0.87,2.75,42,76,53,36,13,28,78,42,79,8.26,4.00,1.72,3.89,4.54,1.22,1.68,2.90,5.00,1.67,2.10,Jan Louwers Stadion (Eindhoven)
1738954800,Feb 07 2025 - 7:00pm,complete,N/A,Roda JC,AZ II,Martin Perez,25,1.50,1.21,1.29,1.37,3,3,6,3,2,1,"1,45'1,79","20,50,86",10,2,0,0,5,0,0,0,1,4,20,8,8,4,12,4,12,19,52,48,1.73,1.38,2.30,1.05,3.05,59,77,61,36,25,30,77,57,86,10.50,3.87,1.66,4.19,4.40,1.16,1.50,2.15,3.75,1.50,2.50,Parkstad Limburg Stadion (Kerkrade)
1738955400,Feb 07 2025 - 7:10pm,complete,N/A,Volendam,ADO Den Haag,Jannick van der Laan,25,2.04,1.67,2.16,1.84,1,2,3,0,0,0,"64","47,56",4,7,2,0,5,1,0,2,0,6,12,15,3,3,9,12,13,20,55,45,1.58,1.58,1.29,1.50,3.19,63,90,67,38,19,48,88,44,86,11.00,3.54,1.95,3.70,3.60,1.16,1.50,2.10,3.75,1.44,2.63,Kras Stadion (Volendam)
1739028600,Feb 08 2025 - 3:30pm,complete,N/A,Helmond Sport,Dordrecht,Joey Kooij,25,1.52,1.71,1.21,1.79,0,1,1,1,0,1,"","2",8,2,1,0,3,0,1,0,1,2,17,11,7,4,10,7,16,22,61,39,1.28,1.45,1.96,1.24,3.02,64,81,62,41,19,38,77,53,79,10.35,4.02,2.54,3.59,2.60,1.20,1.62,2.48,4.75,1.50,2.50,GS Staalwerken Stadion (Helmond)
1739099700,Feb 09 2025 - 11:15am,complete,N/A,VVV,MVV,Edwin van de Graaf,25,1.04,1.21,1.08,1.05,0,0,0,0,0,0,"","",10,3,2,0,2,0,2,0,1,1,25,9,4,3,21,6,13,13,49,51,1.34,1.38,2.32,0.97,2.98,55,77,54,42,23,33,75,54,88,10.26,3.76,2.35,3.60,2.70,1.18,1.53,2.45,4.20,1.50,2.50,Covebo Stadion - De Koel - (Venlo)
1739115900,Feb 09 2025 - 3:45pm,complete,N/A,Telstar,Utrecht II,Luuk Timmer,25,1.33,0.61,1.61,0.61,6,0,6,2,2,0,"4,21,71,79,88,90'3","",13,2,2,0,3,0,1,1,1,2,19,5,9,2,10,3,9,12,62,38,1.47,1.20,2.25,0.63,2.83,52,81,55,37,13,37,83,47,77,9.43,3.66,1.40,4.75,7.00,1.16,1.53,2.35,4.00,1.73,2.00,711 Stadion (Velsen-Zuid)
1739214000,Feb 10 2025 - 7:00pm,complete,616,Ajax II,Excelsior,Laurens Gerrets,25,1.04,1.88,0.95,1.95,3,2,5,1,0,1,"53,57,81","22,60",9,7,0,0,3,0,0,0,0,3,16,15,6,2,10,13,10,19,49,51,1.53,1.67,1.77,1.42,2.64,45,73,56,32,11,41,69,43,73,11.48,3.91,4.33,4.33,1.67,1.14,1.48,2.08,3.75,1.50,2.50,Sportpark De Toekomst 
1739214000,Feb 10 2025 - 7:00pm,complete,N/A,PSV II,Cambuur,Clay Ruperti,25,0.88,1.71,0.79,1.87,1,4,5,2,0,2,"51","13,18,76,90'4",3,6,2,0,1,0,0,2,0,1,11,23,5,9,6,14,14,11,47,53,1.30,1.68,1.28,2.43,3.00,48,73,55,40,19,36,82,38,78,9.51,3.54,4.33,4.33,1.67,1.14,1.44,2.02,3.50,1.50,2.50,PSV Campus De Herdgang (Eindhoven)
1739214000,Feb 10 2025 - 7:00pm,complete,N/A,Vitesse,Emmen,Ingmar Oostrom,25,0.92,1.52,1.16,1.47,2,0,2,1,1,0,"36,59","",3,5,1,0,1,0,0,1,0,1,20,9,5,4,15,5,12,17,50,50,1.47,1.52,1.94,1.15,3.36,62,86,68,42,21,39,79,53,85,12.22,4.39,3.00,3.60,2.20,1.18,1.57,2.32,4.20,1.50,2.50,GelreDome (Arnhem)
1739559600,Feb 14 2025 - 7:00pm,complete,N/A,ADO Den Haag,Ajax II,Erwin Blank,26,1.72,1.13,1.84,0.95,1,0,1,0,0,0,"57","",6,5,5,0,2,0,3,2,2,0,16,6,7,3,9,3,25,17,53,47,1.58,1.54,1.89,0.89,2.76,55,82,62,25,10,33,78,45,78,10.55,3.99,1.36,4.50,7.00,1.14,1.53,2.15,3.55,1.80,1.91,Bingoal Stadion (Den Haag (‘s-Gravenhage))
1739559600,Feb 14 2025 - 7:00pm,complete,N/A,Den Bosch,Telstar,N/A,26,1.68,1.40,1.45,1.61,0,1,1,0,0,0,"","90'2",9,2,1,0,3,0,0,1,3,0,13,14,4,6,9,8,15,14,51,49,1.38,1.51,1.47,1.59,2.84,42,76,56,32,20,40,82,40,78,10.83,3.52,2.60,3.45,2.50,1.25,1.77,2.90,5.50,1.60,2.15,Stadion De Vliert ('s-Hertogenbosch)
1739559600,Feb 14 2025 - 7:00pm,complete,N/A,MVV,Eindhoven,Martijn Vos,26,1.20,1.40,1.05,1.34,2,0,2,2,2,0,"41,45'2","",2,4,2,1,1,0,1,2,0,1,8,11,6,2,2,9,16,14,52,48,1.36,1.17,1.26,1.08,3.14,52,82,60,44,24,36,78,54,84,8.01,3.64,2.25,3.60,2.95,1.18,1.60,2.50,4.33,1.52,2.50,De Geusselt (Maastricht)
1739559600,Feb 14 2025 - 7:00pm,complete,11483,Cambuur,Oss,Kevin Puts,26,1.76,1.04,1.87,1.00,1,1,2,0,0,0,"90'2","90'5",5,5,0,0,0,0,0,0,0,0,22,0,5,0,17,0,12,20,68,32,1.71,1.17,2.62,0.39,2.42,36,62,44,28,10,24,72,34,72,10.92,3.92,1.42,4.50,6.00,1.18,1.60,2.60,4.50,1.80,1.91,N/A
1739559600,Feb 14 2025 - 7:00pm,complete,N/A,Dordrecht,Roda JC,N/A,26,1.76,1.48,1.79,1.29,2,1,3,1,1,0,"9,71","70",0,8,2,0,2,0,0,2,0,2,8,20,3,7,5,13,12,13,47,53,1.44,1.76,0.99,2.26,2.90,56,76,56,38,20,28,78,52,76,10.95,3.68,2.35,3.70,2.70,1.17,1.50,2.20,3.75,1.40,2.65,M-Scores Stadion (Dordrecht)
1739633400,Feb 15 2025 - 3:30pm,complete,N/A,Emmen,Volendam,Sander van der Eijk,26,1.46,1.96,1.47,2.16,1,2,3,2,0,2,"56","8,13",9,0,2,0,2,0,2,0,0,2,14,7,5,4,9,3,17,15,62,38,1.51,1.57,1.70,0.85,3.22,59,88,67,39,21,49,86,45,84,11.84,3.77,2.75,3.75,2.25,1.16,1.53,2.30,4.00,1.50,2.50,De Oude Meerdijk (Emmen)
1739704500,Feb 16 2025 - 11:15am,complete,N/A,Vitesse,De Graafschap,Alex Bos,26,1.00,1.60,1.16,1.71,2,0,2,1,1,0,"45,90'3","",3,4,1,0,3,0,1,0,1,2,11,14,3,2,8,12,7,12,45,55,1.49,1.72,1.20,1.39,3.52,66,90,72,54,20,44,82,52,90,11.17,3.88,2.90,4.10,2.05,1.16,1.50,2.30,3.75,1.50,2.50,GelreDome (Arnhem)
1739720700,Feb 16 2025 - 3:45pm,complete,N/A,Excelsior,Helmond Sport,Rob Dieperink,26,1.80,1.46,1.95,1.21,1,1,2,0,0,0,"83","59",12,3,2,0,2,0,2,0,1,1,21,11,6,5,15,6,15,9,68,32,1.66,1.32,2.38,1.20,2.86,56,74,58,39,19,43,72,47,76,11.59,4.33,1.33,5.00,8.00,1.18,1.57,2.50,4.33,1.83,1.83,Van Donge & De Roo Stadion (Rotterdam)
1740164400,Feb 21 2025 - 7:00pm,complete,N/A,De Graafschap,AZ II,Luuk Timmer,27,1.54,1.20,1.71,1.37,5,1,6,3,3,0,"3,21,31,65,90'2","87",2,5,0,0,0,0,0,0,0,0,15,9,8,2,7,7,8,9,40,60,1.70,1.37,1.67,1.15,3.44,67,88,69,49,26,45,86,53,89,9.99,3.81,1.70,4.10,4.20,1.12,1.44,2.00,3.40,1.44,2.63,Stadion De Vijverberg (Doetinchem)
1740164400,Feb 21 2025 - 7:00pm,complete,N/A,Helmond Sport,Vitesse,Robin Hensgens,27,1.44,1.08,1.21,1.16,3,0,3,2,2,0,"8,33,62","",3,6,4,0,4,0,1,3,1,3,10,10,9,4,1,6,18,15,50,50,1.31,1.48,1.64,1.32,3.21,63,82,65,41,20,38,73,55,88,10.89,4.32,2.10,3.55,3.20,1.20,1.62,2.55,4.50,1.50,2.38,GS Staalwerken Stadion (Helmond)
1740164400,Feb 21 2025 - 7:00pm,complete,N/A,Roda JC,Den Bosch,Stan Teuben,27,1.42,1.62,1.29,1.45,0,0,0,0,0,0,"","",5,2,0,0,3,0,0,0,1,2,15,12,4,3,11,9,10,16,64,36,1.78,1.38,1.64,1.14,2.73,46,73,54,27,19,31,77,45,79,11.04,3.58,1.95,3.75,3.60,1.20,1.66,2.70,4.75,1.60,2.30,Parkstad Limburg Stadion (Kerkrade)
1740164400,Feb 21 2025 - 7:00pm,complete,N/A,Telstar,Excelsior,Martin van den Kerkhof,27,1.46,1.77,1.61,1.95,1,3,4,1,0,1,"72","24,54,62",4,5,2,0,3,0,0,2,1,2,14,10,9,5,5,5,13,19,52,48,1.51,1.69,1.91,1.27,2.85,46,73,54,40,19,40,73,44,77,12.32,3.96,2.65,3.60,2.45,1.20,1.67,2.70,4.75,1.53,2.30,711 Stadion (Velsen-Zuid)
1740164400,Feb 21 2025 - 7:00pm,complete,N/A,Oss,Emmen,R Vereijken,27,1.04,1.40,1.00,1.47,0,4,4,3,0,3,"","26,34,38,61",2,6,2,0,1,0,0,2,0,1,6,15,2,8,4,7,18,15,49,51,1.14,1.51,1.03,1.96,2.64,47,75,51,28,10,30,77,36,77,11.25,4.28,3.10,3.60,2.15,1.28,1.90,3.30,6.25,1.73,1.95,Frans Heesen Stadion (Oss)
1740238200,Feb 22 2025 - 3:30pm,complete,N/A,VVV,Volendam,Erwin Blank,27,1.04,2.00,1.08,2.16,1,3,4,0,0,0,"77","80,85,90'5",4,5,4,1,1,0,1,4,1,0,10,11,3,5,7,6,19,10,50,50,1.39,1.54,1.11,1.20,3.05,55,82,63,39,20,47,81,47,88,10.98,3.46,3.90,4.00,1.75,1.14,1.50,2.15,3.60,1.50,2.50,Covebo Stadion - De Koel - (Venlo)
1740309300,Feb 23 2025 - 11:15am,complete,N/A,Eindhoven,Utrecht II,Kevin Puts,27,1.35,0.58,1.34,0.61,1,2,3,1,1,0,"3","69,90'3",5,4,1,0,2,0,0,1,0,2,17,11,5,8,12,3,10,14,56,44,1.17,1.17,1.74,1.50,3.06,48,88,58,38,16,40,86,52,78,6.99,3.56,1.62,4.00,5.00,1.22,1.70,2.80,5.00,1.73,2.00,Jan Louwers Stadion (Eindhoven)
1740325500,Feb 23 2025 - 3:45pm,complete,N/A,MVV,ADO Den Haag,Bas Nijhuis,27,1.27,1.77,1.05,1.84,1,4,5,4,0,4,"85","1,2,5,28",7,1,1,0,1,1,0,1,0,2,9,14,3,6,6,8,9,10,53,47,1.36,1.59,1.16,1.61,2.93,60,81,56,35,20,33,75,48,81,10.08,4.19,2.95,3.65,2.15,1.18,1.57,2.40,4.20,1.48,2.45,De Geusselt (Maastricht)
1740423600,Feb 24 2025 - 7:00pm,complete,N/A,Helmond Sport,Emmen,Ingmar Oostrom,21,1.50,1.46,1.21,1.47,1,2,3,2,1,1,"19","33,67",3,8,2,0,0,0,0,2,0,0,11,10,2,4,9,6,11,14,50,50,1.32,1.53,1.17,1.32,2.93,58,81,62,31,15,42,81,44,79,11.24,4.50,3.25,3.80,2.00,1.18,1.60,2.50,4.33,1.53,2.38,N/A
1740423600,Feb 24 2025 - 7:00pm,complete,N/A,Ajax II,Cambuur,Clay Ruperti,27,1.08,1.73,0.95,1.87,1,1,2,0,0,0,"55","63",1,3,1,0,4,0,0,1,1,3,8,15,3,6,5,9,9,20,52,48,1.51,1.75,1.16,1.89,2.53,41,67,51,26,12,30,71,43,73,11.13,3.53,3.50,4.20,1.85,1.16,1.50,2.25,3.75,1.50,2.50,Sportpark De Toekomst (Amsterdam-Duivendrecht)
1740423600,Feb 24 2025 - 7:00pm,complete,N/A,PSV II,Dordrecht,Martin Perez,27,0.84,1.81,0.79,1.79,1,2,3,1,1,0,"37","62,90'3",6,9,3,0,0,0,1,2,0,0,12,18,3,6,9,12,14,6,56,44,1.30,1.42,1.32,1.92,3.32,63,85,63,49,24,40,85,47,81,8.53,3.49,3.30,5.00,1.75,1.12,1.36,1.86,3.40,1.40,2.75,PSV Campus De Herdgang (Eindhoven)
1740769200,Feb 28 2025 - 7:00pm,complete,N/A,Utrecht II,Ajax II,R Vereijken,24,0.68,1.08,0.61,0.95,1,2,3,2,0,2,"89","19,42",5,10,1,1,0,0,1,1,0,0,10,10,7,6,3,4,17,10,48,52,1.19,1.50,1.54,1.36,2.75,51,81,57,30,10,34,75,51,77,8.91,3.65,3.00,3.60,2.25,1.16,1.53,2.35,4.00,1.44,2.63,Sportcomplex Zoudenbalch (Utrecht)
1740769200,Feb 28 2025 - 7:00pm,complete,3323,Dordrecht,Emmen,Marc Nagtegaal,28,1.85,1.52,1.79,1.47,3,0,3,1,1,0,"9,64,74","",3,3,0,0,0,0,0,0,0,0,8,7,4,1,4,6,13,14,43,57,1.44,1.53,0.95,0.95,3.00,60,83,61,36,17,37,85,47,76,11.43,3.74,2.35,3.40,2.90,1.18,1.57,2.40,4.20,1.50,2.50,Riwal Hoogwerkers Stadion
1740769200,Feb 28 2025 - 7:00pm,complete,N/A,Volendam,Helmond Sport,Ingmar Oostrom,28,2.04,1.44,2.16,1.21,3,1,4,2,1,1,"29,75,89","45'1",3,7,1,0,1,0,1,0,0,1,12,17,8,4,4,13,7,18,46,54,1.52,1.32,1.56,1.69,3.17,65,86,71,39,19,52,78,48,87,10.38,3.89,1.50,4.20,5.75,1.15,1.50,2.15,3.75,1.57,2.25,Kras Stadion (Volendam)
1740769200,Feb 28 2025 - 7:00pm,complete,N/A,PSV II,De Graafschap,Wouter Wiersma,28,0.81,1.59,0.79,1.71,1,2,3,2,1,1,"44","30,53",5,5,1,0,0,0,0,1,0,0,23,19,6,7,17,12,9,8,59,41,1.30,1.70,2.32,2.08,3.53,66,91,70,55,23,49,91,43,87,8.75,3.59,5.75,4.50,1.50,1.11,1.33,1.81,2.90,1.40,2.75,PSV Campus De Herdgang (Eindhoven)
1740769200,Feb 28 2025 - 7:00pm,complete,N/A,Cambuur,VVV,N/A,28,1.70,1.00,1.87,1.08,5,0,5,2,2,0,"19,39,67,81,87","",9,4,0,0,1,0,0,0,0,1,18,7,8,0,10,7,7,12,62,38,1.76,1.37,2.04,0.63,2.59,44,68,46,31,15,29,72,47,78,11.22,3.78,1.38,4.50,8.00,1.20,1.67,2.60,4.75,1.83,1.83,Kooi Stadion (Leeuwarden)
1740843000,Mar 01 2025 - 3:30pm,complete,N/A,Vitesse,MVV,Sander van der Eijk,28,1.04,1.22,1.16,1.05,1,0,1,1,1,0,"13","",6,9,3,0,1,0,1,2,0,1,15,15,3,5,12,10,13,15,50,50,1.47,1.35,1.50,1.57,3.34,59,84,63,48,26,37,72,54,89,10.66,4.00,2.10,3.85,2.95,1.14,1.45,2.15,3.55,1.40,2.65,GelreDome (Arnhem)
1740914100,Mar 02 2025 - 11:15am,complete,N/A,ADO Den Haag,Den Bosch,Jeroen Manschot,28,1.81,1.59,1.84,1.45,2,1,3,1,1,0,"32,51","46",2,6,1,0,3,0,1,0,2,1,11,9,6,5,5,4,10,12,58,42,1.59,1.37,1.47,1.10,2.73,50,78,54,24,17,35,78,37,78,10.19,3.97,1.60,3.75,5.50,1.22,1.70,2.80,5.00,1.73,2.00,Bingoal Stadion (Den Haag (‘s-Gravenhage))
1740930300,Mar 02 2025 - 3:45pm,complete,N/A,Excelsior,Roda JC,Allard Lindhout,28,1.81,1.41,1.95,1.29,1,1,2,1,0,1,"59","45'1",14,2,1,0,2,0,0,1,0,2,20,10,7,4,13,6,11,10,70,30,1.67,1.77,2.45,1.08,2.78,52,72,54,37,19,32,71,50,76,12.42,3.96,1.60,4.10,5.00,1.18,1.57,2.50,4.33,1.62,2.20,Van Donge & De Roo Stadion (Rotterdam)
1741028400,Mar 03 2025 - 7:00pm,complete,N/A,Ajax II,Eindhoven,Luuk Timmer,28,1.15,1.30,0.95,1.34,0,2,2,0,0,0,"","68,88",1,13,0,1,1,0,1,0,0,1,8,16,4,6,4,10,5,9,45,55,1.49,1.19,1.16,1.96,2.86,46,82,61,30,13,37,78,48,80,8.50,3.44,2.10,3.60,3.20,1.20,1.65,2.55,4.50,1.53,2.38,Sportpark De Toekomst (Amsterdam-Duivendrecht)
1741028400,Mar 03 2025 - 7:00pm,complete,N/A,AZ II,Telstar,T Hardeman,28,1.15,1.41,1.37,1.61,1,2,3,2,0,2,"87","21,40",4,6,1,0,1,0,1,0,1,0,10,13,4,5,6,8,14,11,66,34,1.36,1.53,1.40,1.43,3.28,57,80,64,44,29,40,81,55,87,10.42,3.81,3.00,3.90,2.10,1.18,1.57,2.40,4.33,1.53,2.38,AFAS Trainingscomplex (Wijdewormer)
1741028400,Mar 03 2025 - 7:00pm,complete,N/A,Utrecht II,Oss,Laurens Gerrets,28,0.65,1.00,0.61,1.00,1,1,2,1,0,1,"65","33",6,3,1,0,5,0,0,1,3,2,18,6,6,3,12,3,14,22,57,43,1.20,1.14,2.16,1.09,2.67,48,78,51,33,8,30,76,42,78,8.76,3.92,2.50,3.40,2.70,1.28,1.90,3.25,6.25,1.73,2.00,Sportcomplex Zoudenbalch (Utrecht)
1741374000,Mar 07 2025 - 7:00pm,complete,N/A,De Graafschap,Excelsior,Jannick van der Laan,29,1.64,1.79,1.71,1.95,2,1,3,2,1,1,"41,83","14",1,8,1,0,1,0,0,1,0,1,8,15,2,3,6,12,8,13,49,51,1.72,1.70,0.86,1.52,3.13,61,84,61,49,18,47,81,45,81,11.92,3.75,2.20,3.65,2.88,1.18,1.55,2.38,4.20,1.45,2.50,Stadion De Vijverberg (Doetinchem)
1741374000,Mar 07 2025 - 7:00pm,complete,N/A,Den Bosch,Cambuur,Robin Hensgens,29,1.54,1.75,1.45,1.87,0,2,2,2,0,2,"","6,32",2,4,2,0,2,0,0,2,0,2,8,12,1,4,7,8,9,21,51,49,1.36,1.77,0.87,1.27,2.57,39,68,47,25,18,33,73,41,73,10.96,3.42,3.30,3.55,2.05,1.28,1.85,3.25,6.25,1.70,2.00,Stadion De Vliert ('s-Hertogenbosch)
1741374000,Mar 07 2025 - 7:00pm,complete,N/A,Eindhoven,Vitesse,Martin Perez,29,1.36,1.11,1.34,1.16,3,3,6,3,1,2,"37,69,73","8,32,80",3,6,0,0,1,0,0,0,0,1,17,21,6,8,11,13,11,10,52,48,1.22,1.47,1.74,2.22,3.29,50,88,65,41,20,38,81,54,88,9.41,3.82,2.05,3.66,3.38,1.22,1.60,2.60,4.75,1.57,2.25,Jan Louwers Stadion (Eindhoven)
1741374000,Mar 07 2025 - 7:00pm,complete,N/A,Emmen,ADO Den Haag,Rob Dieperink,29,1.46,1.86,1.47,1.84,0,1,1,1,0,1,"","13",5,12,1,0,2,0,0,1,0,2,7,15,3,4,4,11,14,13,52,48,1.50,1.59,1.05,1.43,2.95,59,86,63,27,14,38,86,41,81,11.23,4.25,2.50,3.50,2.62,1.20,1.65,2.55,4.50,1.50,2.38,De Oude Meerdijk (Emmen)
1741374000,Mar 07 2025 - 7:00pm,complete,N/A,Helmond Sport,MVV,Martin van den Kerkhof,29,1.39,1.18,1.21,1.05,4,0,4,3,3,0,"10,14,23,78","",5,2,1,0,0,0,0,1,0,0,24,14,12,3,12,11,7,11,53,47,1.33,1.36,2.64,1.39,2.97,61,77,59,39,22,41,73,50,81,10.00,4.15,2.10,3.55,3.20,1.22,1.65,2.60,4.75,1.53,2.30,GS Staalwerken Stadion (Helmond)
1741374000,Mar 07 2025 - 7:00pm,complete,N/A,AZ II,Utrecht II,N/A,29,1.11,0.67,1.37,0.61,5,1,6,2,1,1,"27,68,77,80,85","11",10,9,1,0,1,0,0,1,0,1,16,12,7,5,9,7,11,7,59,41,1.36,1.24,1.82,1.34,3.26,65,87,63,39,24,41,83,58,86,8.73,3.66,1.56,4.37,5.13,1.18,1.53,2.25,4.20,1.62,2.20,AFAS Trainingscomplex (Wijdewormer)
1741374000,Mar 07 2025 - 7:00pm,complete,N/A,Roda JC,PSV II,R Vereijken,29,1.39,0.78,1.29,0.79,2,1,3,1,0,1,"48,60","34",10,4,3,0,1,0,0,3,0,1,26,18,5,4,21,14,12,10,42,58,1.75,1.35,2.31,1.70,3.14,61,80,62,41,22,35,82,46,84,9.41,3.67,1.33,5.25,7.50,1.11,1.38,1.95,3.10,1.57,2.20,Parkstad Limburg Stadion (Kerkrade)
1741374000,Mar 07 2025 - 7:00pm,complete,N/A,Telstar,Dordrecht,Edwin van de Graaf,29,1.46,1.89,1.61,1.79,5,0,5,4,4,0,"7,39,44,45'2,54","",4,4,1,0,3,0,0,1,2,1,14,10,6,3,8,7,9,12,54,46,1.53,1.42,1.57,1.08,2.97,54,79,61,39,18,34,82,50,79,10.67,3.50,1.94,3.85,3.54,1.18,1.53,2.25,4.00,1.50,2.50,711 Stadion (Velsen-Zuid)
1741374000,Mar 07 2025 - 7:00pm,complete,N/A,Oss,Volendam,Alex Bos,29,1.00,2.07,1.00,2.16,0,2,2,1,0,1,"","3,82",6,9,1,0,0,0,0,1,0,0,6,15,2,7,4,8,16,7,37,63,1.13,1.52,0.98,2.05,2.93,54,81,61,40,13,41,75,40,86,10.18,3.72,4.22,3.99,1.75,1.20,1.57,2.50,4.33,1.57,2.25,Frans Heesen Stadion (Oss)
1741374000,Mar 07 2025 - 7:00pm,complete,N/A,VVV,Ajax II,Stan Teuben,29,0.96,1.11,1.08,0.95,1,0,1,0,0,0,"70","",5,5,2,0,2,0,1,1,1,1,8,6,4,4,4,2,16,11,43,57,1.34,1.48,1.30,1.11,2.66,45,75,55,29,13,33,69,49,82,10.49,3.71,2.16,3.56,3.20,1.22,1.60,2.60,4.75,1.53,2.38,Covebo Stadion - De Koel - (Venlo)
1741633200,Mar 10 2025 - 7:00pm,complete,N/A,Excelsior,Den Bosch,Ingmar Oostrom,31,1.72,1.48,1.95,1.45,3,1,4,2,1,1,"32,77,90'3","41",6,2,3,0,1,1,0,3,0,2,15,7,5,4,10,3,15,9,53,47,1.69,1.35,1.68,0.93,2.69,47,74,50,31,17,40,73,40,74,11.85,3.72,1.52,4.37,5.72,1.20,1.61,2.60,4.75,1.73,2.00,Van Donge & De Roo Stadion (Rotterdam)
1741633200,Mar 10 2025 - 7:00pm,complete,N/A,Utrecht II,Vitesse,Wouter Wiersma,31,0.64,1.10,0.61,1.16,0,2,2,2,0,2,"","3,13",2,9,0,1,1,0,1,0,0,1,5,15,3,6,2,9,8,17,29,71,1.25,1.50,0.69,1.88,3.30,60,88,63,42,19,39,81,55,86,9.98,3.89,2.83,3.71,2.32,1.20,1.65,2.55,4.75,1.57,2.25,Stadion Galgenwaard (Utrecht)
1741633200,Mar 10 2025 - 7:00pm,complete,N/A,PSV II,Oss,T Hardeman,31,0.75,0.97,0.79,1.00,2,2,4,1,1,0,"34,56","55,65",3,6,2,0,1,0,0,2,0,1,16,12,9,7,7,5,11,16,60,40,1.36,1.13,1.96,1.60,2.96,53,79,56,39,14,34,79,36,84,8.59,3.89,1.99,3.93,3.34,1.18,1.50,2.15,4.00,1.44,2.63,PSV Campus De Herdgang (Eindhoven)
1741633200,Mar 10 2025 - 7:00pm,complete,N/A,Cambuur,Dordrecht,Erwin Blank,31,1.79,1.83,1.87,1.79,1,0,1,1,1,0,"23","",5,2,2,0,0,0,0,2,0,0,18,5,4,1,14,4,14,17,60,40,1.75,1.41,1.93,0.62,2.81,49,75,52,35,19,31,78,50,73,10.83,3.38,1.58,4.49,4.84,1.14,1.44,2.05,3.70,1.57,2.25,Kooi Stadion (Leeuwarden)
1741719600,Mar 11 2025 - 7:00pm,complete,N/A,ADO Den Haag,AZ II,Laurens Gerrets,31,1.90,1.18,1.84,1.37,0,3,3,3,0,3,"","24,30,35",7,6,1,0,3,0,0,1,1,2,13,9,3,6,10,3,10,9,58,42,1.58,1.38,1.62,1.22,3.26,67,85,65,35,27,39,83,53,86,10.25,4.06,1.52,4.65,5.29,1.12,1.44,2.00,3.40,1.53,2.38,Bingoal Stadion (Den Haag (‘s-Gravenhage))
1741719600,Mar 11 2025 - 7:00pm,complete,N/A,Volendam,Telstar,Martijn Vos,31,2.10,1.52,2.16,1.61,3,0,3,0,0,0,"56,59,76","",7,4,0,0,0,0,0,0,0,0,11,13,6,4,5,9,15,10,56,44,1.54,1.53,1.50,1.58,3.23,56,85,69,45,21,50,83,45,88,11.07,3.34,1.78,4.05,4.02,1.18,1.53,2.25,4.20,1.50,2.50,Kras Stadion (Volendam)
1741719600,Mar 11 2025 - 7:00pm,complete,N/A,Ajax II,Emmen,Kevin Puts,31,1.07,1.41,0.95,1.47,0,2,2,1,0,1,"","38,66",4,7,2,0,3,0,1,1,0,3,10,13,6,7,4,6,12,16,58,42,1.46,1.49,1.51,1.74,2.71,49,78,59,25,11,36,76,42,78,11.25,3.73,3.35,3.73,2.04,1.20,1.57,2.25,4.20,1.50,2.50,Sportpark De Toekomst (Amsterdam-Duivendrecht)
1741719600,Mar 11 2025 - 7:00pm,complete,N/A,Roda JC,Helmond Sport,Luuk Timmer,31,1.45,1.45,1.29,1.21,3,2,5,3,1,2,"17,73,87","11,39",4,4,4,0,3,0,0,4,1,2,11,11,5,3,6,8,26,14,43,57,1.77,1.38,1.40,1.20,2.81,59,76,61,31,16,35,76,50,81,10.85,4.17,1.93,3.71,3.73,1.22,1.67,2.75,5.00,1.62,2.20,Parkstad Limburg Stadion (Kerkrade)
1741978800,Mar 14 2025 - 7:00pm,complete,N/A,Dordrecht,VVV,Laurens Gerrets,30,1.77,1.04,1.79,1.08,4,0,4,2,2,0,"28,40,58,89","",9,2,1,0,2,0,0,1,0,2,12,6,7,2,5,4,12,18,58,42,1.38,1.34,1.63,0.75,2.86,50,76,55,38,19,31,77,52,80,10.27,3.56,1.76,4.18,4.00,1.18,1.57,2.55,4.33,1.60,2.20,M-Scores Stadion (Dordrecht)
1741978800,Mar 14 2025 - 7:00pm,complete,N/A,Eindhoven,Excelsior,Stan Teuben,30,1.34,1.77,1.34,1.95,1,2,3,0,0,0,"54","47,83",1,5,1,0,1,0,0,1,0,1,8,21,2,8,6,13,12,11,36,64,1.24,1.69,0.74,2.46,3.04,51,84,58,41,19,42,78,51,80,10.43,3.65,3.94,3.97,1.81,1.20,1.60,2.55,4.50,1.58,2.20,Jan Louwers Stadion (Eindhoven)
1741978800,Mar 14 2025 - 7:00pm,complete,N/A,Emmen,Utrecht II,T Hardeman,30,1.47,0.62,1.47,0.61,2,0,2,1,1,0,"7,90'2","",8,3,1,0,4,0,0,1,1,3,16,6,7,3,9,3,17,17,60,40,1.50,1.23,1.98,0.81,2.95,55,87,58,31,14,41,88,45,77,10.24,3.79,1.30,5.00,7.00,1.14,1.50,2.20,3.80,1.83,1.83,De Oude Meerdijk (Emmen)
1741978800,Mar 14 2025 - 7:00pm,complete,N/A,Helmond Sport,PSV II,Kevin Puts,30,1.40,0.76,1.21,0.79,1,1,2,1,1,0,"6","79",7,6,2,0,0,0,0,2,0,0,13,9,2,3,11,6,22,12,50,50,1.37,1.38,1.31,1.00,3.30,66,85,70,45,21,48,84,48,87,8.67,4.03,1.48,4.00,5.25,1.14,1.44,2.05,3.40,1.53,2.38,GS Staalwerken Stadion (Helmond)
1741978800,Mar 14 2025 - 7:00pm,complete,N/A,MVV,AZ II,R Vereijken,30,1.14,1.24,1.05,1.37,0,1,1,0,0,0,"","87",1,8,1,0,1,0,0,1,0,1,6,20,0,7,6,13,13,12,33,67,1.36,1.37,0.59,2.23,3.37,62,81,64,47,33,43,78,55,85,9.89,3.65,2.25,3.50,2.60,1.17,1.50,2.25,3.80,1.44,2.63,De Geusselt (Maastricht)
1741978800,Mar 14 2025 - 7:00pm,complete,N/A,Telstar,Roda JC,Jannick van der Laan,30,1.47,1.50,1.61,1.29,3,1,4,1,1,0,"10,69,80","89",7,4,0,0,2,0,0,0,1,1,21,12,11,7,10,5,9,15,52,48,1.53,1.75,2.41,1.54,2.89,50,75,60,35,20,32,79,48,82,11.31,3.80,1.80,3.60,3.70,1.18,1.57,2.30,4.20,1.53,2.38,711 Stadion (Velsen-Zuid)
1741978800,Mar 14 2025 - 7:00pm,complete,N/A,Vitesse,ADO Den Haag,Alex Bos,30,1.17,1.83,1.16,1.84,0,1,1,1,0,1,"","27",2,2,1,0,1,0,1,0,0,1,7,5,2,3,5,2,17,18,57,43,1.51,1.58,0.85,0.79,3.17,59,85,64,35,18,37,80,47,84,11.27,4.27,2.40,3.60,2.40,1.20,1.65,2.60,4.75,1.57,2.25,GelreDome (Arnhem)
1742052600,Mar 15 2025 - 3:30pm,complete,N/A,Volendam,Cambuur,Sander van der Eijk,30,2.13,1.83,2.16,1.87,4,1,5,2,2,0,"6,32,48,58","88",3,5,1,0,2,0,1,0,1,1,13,10,8,3,5,7,14,16,43,57,1.54,1.75,1.57,1.22,2.97,50,78,59,37,19,44,77,47,80,11.35,3.16,1.95,3.40,3.20,1.18,1.62,2.70,4.47,1.53,2.38,Kras Stadion (Volendam)
1742123700,Mar 16 2025 - 11:15am,complete,N/A,Oss,De Graafschap,N/A,30,0.97,1.69,1.00,1.71,0,2,2,1,0,1,"","5,69",5,5,1,0,3,0,0,1,0,3,5,10,2,4,3,6,16,14,55,45,1.14,1.69,0.75,1.13,2.91,55,82,58,41,10,38,82,36,83,9.83,3.79,4.47,3.89,1.73,1.22,1.70,2.80,5.25,1.73,2.00,Frans Heesen Stadion (Oss)
1742139900,Mar 16 2025 - 3:45pm,complete,5660,Den Bosch,Ajax II,N/A,30,1.43,1.03,1.45,0.95,3,1,4,2,1,1,"45,56,78","19",6,6,4,0,2,0,1,3,1,1,15,9,7,4,8,5,15,9,46,54,1.33,1.47,1.83,1.13,2.54,42,73,52,22,12,35,70,40,77,9.93,3.50,2.00,3.40,3.30,1.22,1.65,2.75,4.75,1.57,2.25,Stadion De Vliert
1742665500,Mar 22 2025 - 5:45pm,complete,N/A,De Graafschap,MVV,Joey Kooij,31,1.73,1.10,1.71,1.05,0,0,0,0,0,0,"","",10,3,1,0,4,0,0,1,1,3,18,7,3,1,15,6,8,22,68,32,1.67,1.33,1.93,0.70,3.19,60,83,62,49,22,45,82,44,84,9.69,3.50,1.42,5.00,6.31,1.14,1.44,2.00,3.45,1.62,2.20,Stadion De Vijverberg (Doetinchem)
1742673600,Mar 22 2025 - 8:00pm,complete,N/A,VVV,Eindhoven,Clay Ruperti,31,1.00,1.30,1.08,1.34,2,2,4,3,2,1,"7,44","21,84",7,2,2,0,1,0,0,2,0,1,11,9,3,2,8,7,15,5,51,49,1.32,1.22,1.20,0.86,2.98,44,81,58,38,19,37,78,55,85,8.73,3.57,2.38,3.44,2.90,1.22,1.57,2.70,5.00,1.57,2.25,Covebo Stadion - De Koel - (Venlo)
1743188400,Mar 28 2025 - 7:00pm,complete,N/A,Excelsior,Utrecht II,Laurens Gerrets,32,1.81,0.60,1.95,0.61,3,0,3,1,1,0,"41,47,74","",7,1,1,0,0,0,1,0,0,0,27,5,5,0,22,5,16,12,69,31,1.72,1.21,2.64,0.41,2.92,58,84,54,38,15,41,78,49,77,10.83,3.87,1.20,7.00,9.00,0.00,1.36,1.93,0.00,1.83,1.83,Van Donge & De Roo Stadion (Rotterdam)
1743188400,Mar 28 2025 - 7:00pm,complete,N/A,Eindhoven,Helmond Sport,N/A,32,1.29,1.39,1.34,1.21,2,2,4,2,1,1,"42,84","5,68",3,4,3,0,2,0,1,2,2,0,10,14,4,6,6,8,17,18,54,46,1.21,1.37,1.16,1.55,3.10,57,86,65,37,18,45,81,52,84,8.46,3.84,2.20,3.50,2.88,0.00,1.70,2.43,0.00,1.57,2.25,Jan Louwers Stadion (Eindhoven)
1743188400,Mar 28 2025 - 7:00pm,complete,3500,MVV,Emmen,Martin Perez,32,1.10,1.52,1.05,1.47,1,2,3,0,0,0,"82","50,64",8,2,2,0,1,0,1,1,0,1,17,9,4,4,13,5,8,14,58,42,1.31,1.51,1.77,1.20,2.89,50,78,55,36,20,37,79,40,77,10.93,3.81,3.00,3.40,2.15,1.19,1.70,2.65,4.47,1.57,2.25,De Geusselt
1743188400,Mar 28 2025 - 7:00pm,complete,N/A,Telstar,Vitesse,Robin Hensgens,32,1.52,1.13,1.61,1.16,1,0,1,0,0,0,"90'4","",5,8,1,0,1,0,1,0,1,0,19,13,6,4,13,9,7,11,44,56,1.56,1.49,2.07,1.41,3.23,50,81,65,44,21,39,79,49,86,11.38,3.77,0.00,0.00,0.00,0.00,0.00,0.00,0.00,0.00,0.00,711 Stadion (Velsen-Zuid)
1743188400,Mar 28 2025 - 7:00pm,complete,N/A,Cambuur,De Graafschap,Edwin van de Graaf,32,1.77,1.71,1.87,1.71,3,2,5,2,1,1,"19,52,84","11,78",5,0,0,0,1,0,0,0,0,1,12,11,5,4,7,7,3,13,61,39,1.74,1.68,1.46,1.24,2.92,52,78,55,39,18,42,82,42,76,10.87,3.45,1.85,3.70,3.60,0.00,1.57,2.45,0.00,1.50,2.50,Kooi Stadion (Leeuwarden)
1743262200,Mar 29 2025 - 3:30pm,complete,N/A,Roda JC,VVV,Martijn Vos,32,1.45,1.00,1.29,1.08,1,4,5,2,0,2,"67","3,45'1,71,90",6,4,3,1,1,0,1,3,0,1,14,15,7,6,7,9,15,11,58,42,1.75,1.32,1.77,1.69,2.81,51,74,56,36,18,30,75,53,84,11.03,3.97,1.75,3.60,4.00,0.00,1.60,0.00,0.00,1.57,2.25,Parkstad Limburg Stadion (Kerkrade)
1743345900,Mar 30 2025 - 2:45pm,complete,N/A,ADO Den Haag,Dordrecht,Allard Lindhout,32,1.87,1.81,1.84,1.79,2,1,3,1,1,0,"9,90'2","50",4,4,2,0,3,0,2,0,3,0,12,12,3,5,9,7,17,11,51,49,1.55,1.39,1.32,1.28,2.90,57,81,60,33,16,32,84,47,74,10.26,3.74,1.65,3.90,4.33,0.00,1.53,2.50,0.00,1.57,2.25,Bingoal Stadion (Den Haag (‘s-Gravenhage))
1743444000,Mar 31 2025 - 6:00pm,complete,1644,Ajax II,Volendam,N/A,32,1.00,2.16,0.95,2.16,0,2,2,1,0,1,"","37,63",2,4,1,0,0,0,0,1,0,0,6,20,1,4,5,16,10,14,54,46,1.45,1.54,0.97,1.97,3.00,55,84,66,36,15,45,73,49,88,10.57,3.19,3.70,3.80,1.80,1.15,1.48,2.28,3.75,1.50,2.50,Sportpark De Toekomst 
1743444000,Mar 31 2025 - 6:00pm,complete,N/A,AZ II,Oss,Clay Ruperti,32,1.30,0.94,1.37,1.00,1,1,2,1,1,0,"41","55",5,4,2,0,1,0,1,1,0,1,16,10,8,6,8,4,16,13,64,36,1.40,1.13,2.24,1.39,2.98,53,77,56,36,20,33,76,45,86,10.00,3.89,1.65,3.90,4.50,1.20,1.62,2.55,4.50,1.62,2.20,AFAS Trainingscomplex (Wijdewormer)
1743444000,Mar 31 2025 - 6:00pm,complete,N/A,PSV II,Den Bosch,N/A,32,0.77,1.48,0.79,1.45,2,4,6,4,1,3,"26,87","2,15,42,56",8,2,0,0,1,0,0,0,0,1,14,15,8,6,6,9,6,7,66,34,1.37,1.35,2.10,1.56,3.09,56,82,61,38,20,43,84,41,82,8.69,3.51,3.00,3.60,2.10,1.17,1.50,2.32,3.85,1.44,2.63,PSV Campus De Herdgang (Eindhoven)
1743530400,Apr 01 2025 - 6:00pm,complete,N/A,Utrecht II,VVV,R Vereijken,26,0.58,1.06,0.61,1.08,0,0,0,0,0,0,"","",7,7,0,0,1,0,0,0,0,1,12,16,5,5,7,11,20,12,44,56,1.18,1.33,1.42,1.71,2.92,50,82,55,37,16,39,81,52,82,9.20,3.75,3.10,3.70,2.15,1.22,1.70,2.85,5.00,1.62,2.20,Sportcomplex Zoudenbalch (Utrecht)
1743789600,Apr 04 2025 - 6:00pm,complete,N/A,Dordrecht,Ajax II,Luuk Timmer,33,1.75,0.97,1.79,0.95,3,0,3,1,1,0,"19,70,90'3","",5,7,2,0,1,0,0,2,0,1,16,4,6,0,10,4,20,12,48,52,1.39,1.44,1.74,0.60,2.77,50,78,58,32,13,31,75,50,78,10.00,3.38,1.70,4.10,4.00,1.16,1.57,2.65,5.00,1.57,2.25,M-Scores Stadion (Dordrecht)
1743789600,Apr 04 2025 - 6:00pm,complete,N/A,Emmen,Cambuur,Alex Bos,33,1.56,1.81,1.47,1.87,3,0,3,1,1,0,"40,48,63","",4,8,2,0,2,0,0,2,1,1,11,18,5,5,6,13,18,14,41,59,1.50,1.73,1.26,1.84,2.77,46,75,52,28,18,36,82,43,74,11.85,3.63,2.95,3.40,2.25,1.22,1.70,2.75,5.00,1.55,2.25,De Oude Meerdijk (Emmen)
1743789600,Apr 04 2025 - 6:00pm,complete,N/A,Volendam,PSV II,Laurens Gerrets,33,2.19,0.74,2.16,0.79,4,0,4,0,0,0,"68,80,86,90","",3,5,1,0,2,1,1,0,0,3,16,14,7,4,9,10,9,14,51,49,1.56,1.39,1.82,1.58,3.53,67,92,73,50,24,51,86,48,92,9.35,3.03,1.20,7.00,9.50,1.02,1.25,1.61,2.45,1.62,2.20,Kras Stadion (Volendam)
1743789600,Apr 04 2025 - 6:00pm,complete,N/A,MVV,Excelsior,Erwin Blank,33,1.06,1.84,1.05,1.95,1,2,3,1,1,0,"35","86,90'2",2,5,1,0,1,0,0,1,0,1,8,12,3,6,5,6,12,8,39,61,1.33,1.75,0.89,1.84,2.90,55,75,55,43,21,38,68,49,78,11.62,3.81,4.20,4.00,1.73,1.18,1.53,2.35,4.20,1.50,2.35,De Geusselt (Maastricht)
1743789600,Apr 04 2025 - 6:00pm,complete,2093,Oss,VVV,Stan Teuben,33,0.94,1.06,1.00,1.08,2,1,3,1,1,0,"26,84","90'4",6,10,1,0,2,0,1,0,2,0,12,25,3,10,9,15,10,14,37,63,1.14,1.34,1.41,3.02,2.58,43,72,47,35,11,29,72,39,83,10.19,3.94,2.35,3.40,2.70,1.20,1.75,2.88,5.75,1.62,2.20,Frans Heesen Stadion
1743789600,Apr 04 2025 - 6:00pm,complete,N/A,Vitesse,AZ II,Kevin Puts,33,1.09,1.29,1.16,1.37,2,2,4,2,2,0,"22,28","68,90",6,7,2,0,2,0,1,1,1,1,14,15,5,9,9,6,16,19,45,55,1.49,1.43,1.47,1.84,3.43,61,83,66,43,29,42,78,54,89,10.98,3.84,1.80,4.20,3.40,1.10,1.40,2.18,3.75,1.44,2.63,GelreDome (Arnhem)
1743863400,Apr 05 2025 - 2:30pm,complete,N/A,Helmond Sport,Telstar,Clay Ruperti,33,1.38,1.56,1.21,1.61,2,2,4,3,2,1,"1,18","38,90'7",4,8,2,0,1,0,0,2,0,1,5,20,2,4,3,16,12,9,33,67,1.38,1.58,0.63,1.99,2.99,55,78,65,40,18,44,78,47,84,10.55,3.97,2.76,3.37,2.53,1.14,1.71,2.39,4.20,1.62,2.20,GS Staalwerken Stadion (Helmond)
1743934500,Apr 06 2025 - 10:15am,complete,N/A,Den Bosch,Eindhoven,Edwin van de Graaf,33,1.53,1.28,1.45,1.34,2,2,4,2,1,1,"40,67","45'1,90'1",10,2,4,0,0,0,1,3,0,0,19,9,9,3,10,6,14,7,47,53,1.36,1.21,2.19,1.01,3.00,47,83,60,35,19,44,81,49,80,8.23,3.41,2.05,3.70,3.00,1.19,1.80,2.88,5.70,1.67,2.10,Stadion De Vliert ('s-Hertogenbosch)
1743950700,Apr 06 2025 - 2:45pm,complete,N/A,De Graafschap,Roda JC,Dennis Higler,33,1.66,1.41,1.71,1.29,2,0,2,1,1,0,"25,64","",7,1,1,0,1,0,1,0,1,0,23,6,7,2,16,4,10,11,65,35,1.66,1.75,2.40,0.69,3.10,63,83,64,42,21,39,85,49,83,10.67,3.78,1.77,3.95,4.00,1.17,1.50,2.25,3.85,1.48,2.45,Stadion De Vijverberg (Doetinchem)
1744048800,Apr 07 2025 - 6:00pm,complete,N/A,AZ II,PSV II,Wouter Wiersma,26,1.28,0.72,1.37,0.79,2,2,4,1,0,1,"52,56","14,72",4,5,2,0,3,0,0,2,1,2,9,16,6,8,3,8,12,15,51,49,1.45,1.40,1.29,1.96,3.58,69,88,71,49,30,46,85,53,91,9.13,3.53,1.55,4.75,4.75,1.10,1.36,1.87,3.10,1.44,2.63,AFAS Trainingscomplex (Wijdewormer)
1744048800,Apr 07 2025 - 6:00pm,complete,N/A,Utrecht II,ADO Den Haag,Martijn Vos,33,0.59,1.91,0.61,1.84,1,1,2,1,1,0,"40","58",3,4,3,1,1,1,1,3,0,2,10,23,5,10,5,13,20,12,35,65,1.19,1.55,1.73,2.59,2.83,56,85,56,27,13,35,84,46,75,9.22,3.91,6.00,4.50,1.48,1.15,1.62,2.43,4.25,1.80,1.91,Stadion Galgenwaard (Utrecht)
1744394400,Apr 11 2025 - 6:00pm,complete,N/A,Excelsior,Oss,Robin Hensgens,34,1.88,1.00,1.95,1.00,2,0,2,1,1,0,"15,57","",8,4,1,0,0,0,0,1,0,0,25,8,10,1,15,7,13,9,60,40,1.75,1.15,2.97,0.94,2.64,50,76,50,33,9,29,72,41,81,11.66,3.94,1.17,7.00,13.00,1.11,1.44,2.02,3.30,2.10,1.67,Van Donge & De Roo Stadion (Rotterdam)
1744394400,Apr 11 2025 - 6:00pm,complete,N/A,Eindhoven,De Graafschap,Martin van den Kerkhof,34,1.27,1.70,1.34,1.71,1,0,1,0,0,0,"61","",3,9,1,0,2,0,1,0,2,0,14,22,9,4,5,18,-1,-1,39,61,1.20,1.68,1.77,2.32,3.27,58,91,67,45,18,49,88,49,85,8.38,3.25,3.20,3.50,2.15,1.20,1.67,2.70,4.75,1.57,2.25,Jan Louwers Stadion (Eindhoven)
1744394400,Apr 11 2025 - 6:00pm,complete,N/A,Roda JC,Emmen,Jannick van der Laan,34,1.36,1.61,1.29,1.47,1,0,1,0,0,0,"90'1","",4,2,2,1,2,0,0,3,1,1,5,7,3,2,2,5,-1,-1,51,49,1.71,1.49,0.74,0.95,2.87,53,81,60,29,17,30,84,47,81,11.61,4.00,2.38,3.40,2.88,1.20,1.70,2.60,4.50,1.57,2.25,Parkstad Limburg Stadion (Kerkrade)
1744394400,Apr 11 2025 - 6:00pm,complete,N/A,Telstar,ADO Den Haag,Bas Nijhuis,34,1.55,1.88,1.61,1.84,1,1,2,1,1,0,"34","70",4,6,0,0,1,0,0,0,0,1,15,17,5,6,10,11,-1,-1,45,55,1.59,1.58,1.55,1.88,2.88,53,79,61,32,15,35,82,41,81,10.79,3.88,2.10,3.75,2.80,1.22,1.70,2.75,5.25,1.62,2.20,711 Stadion (Velsen-Zuid)
1744468200,Apr 12 2025 - 2:30pm,complete,N/A,Dordrecht,Den Bosch,Ingmar Oostrom,34,1.79,1.52,1.79,1.45,4,0,4,3,3,0,"5,9,14,80","",7,7,0,0,1,0,0,0,0,1,11,9,5,5,6,4,5,10,57,43,1.40,1.38,1.34,1.15,2.91,50,79,60,35,18,38,82,50,76,9.97,3.49,1.81,3.86,4.02,1.17,1.62,2.40,4.00,1.57,2.25,M-Scores Stadion (Dordrecht)
1744539300,Apr 13 2025 - 10:15am,complete,N/A,Cambuur,Utrecht II,Kevin Puts,34,1.76,0.61,1.87,0.61,3,1,4,2,1,1,"41,48,56","3",6,1,1,0,2,0,1,0,0,2,20,11,12,3,8,8,13,11,62,38,1.73,1.21,2.42,1.09,2.76,47,78,49,30,17,35,81,48,73,9.82,3.55,1.15,7.71,14.21,1.12,1.44,1.90,3.25,2.10,1.67,Kooi Stadion (Leeuwarden)
1744555500,Apr 13 2025 - 2:45pm,complete,N/A,VVV,Helmond Sport,Wouter Wiersma,34,1.03,1.36,1.08,1.21,4,1,5,1,1,0,"41,70,80,89","90",8,6,3,0,1,1,1,2,1,1,22,10,7,4,15,6,13,10,51,49,1.40,1.35,2.20,1.19,2.91,56,78,61,39,17,44,76,50,85,10.44,4.15,2.58,3.33,2.73,1.25,1.83,2.80,5.00,1.67,2.10,Covebo Stadion - De Koel - (Venlo)
1744653600,Apr 14 2025 - 6:00pm,complete,N/A,Ajax II,Vitesse,Martin Perez,34,0.94,1.09,0.95,1.16,1,1,2,1,1,0,"30","80",6,11,2,0,2,0,0,2,1,1,21,13,7,5,14,8,9,19,37,63,1.41,1.49,2.17,1.73,2.94,49,79,60,33,14,35,72,49,85,10.94,3.73,2.80,3.80,2.25,1.14,1.44,2.05,3.50,1.40,2.75,Sportpark De Toekomst (Amsterdam-Duivendrecht)
1744653600,Apr 14 2025 - 6:00pm,complete,N/A,AZ II,Volendam,Luuk Timmer,34,1.27,2.21,1.37,2.16,0,1,1,0,0,0,"","63",5,9,3,0,0,0,1,2,0,0,13,17,8,3,5,14,16,6,57,43,1.44,1.57,1.83,1.57,3.50,66,90,73,47,27,50,81,57,93,10.47,3.21,3.40,4.00,1.91,1.14,1.44,2.17,3.50,1.44,2.63,AFAS Stadion (Alkmaar)
1744653600,Apr 14 2025 - 6:00pm,complete,N/A,PSV II,MVV,Stan Teuben,34,0.73,1.03,0.79,1.05,3,2,5,2,1,1,"9,81,90'1","29,90'4",2,4,0,0,3,0,0,0,1,2,18,15,6,8,12,7,9,14,53,47,1.42,1.31,1.92,1.74,3.28,63,82,64,49,24,38,78,48,85,8.72,3.55,2.15,3.80,2.88,1.12,1.36,1.88,3.10,1.36,3.00,PSV Campus De Herdgang (Eindhoven)
1744999200,Apr 18 2025 - 6:00pm,complete,N/A,Den Bosch,VVV,Luuk Timmer,35,1.47,1.09,1.45,1.08,0,0,0,0,0,0,"","",11,7,1,0,1,0,0,1,1,0,10,13,3,2,7,11,14,5,54,46,1.38,1.42,1.25,1.23,2.84,46,75,56,37,20,41,77,47,81,10.58,3.76,2.16,3.70,3.10,0.00,1.70,0.00,0.00,1.62,2.20,N/A
1744999200,Apr 18 2025 - 6:00pm,complete,N/A,Eindhoven,Telstar,Jannick van der Laan,35,1.32,1.53,1.34,1.61,0,4,4,3,0,3,"","10,19,26,55",3,5,0,0,2,0,0,0,1,1,4,18,3,8,1,10,7,16,45,55,1.22,1.59,0.80,2.05,3.09,49,82,64,41,18,41,81,49,85,8.94,3.21,3.34,3.33,2.19,0.00,1.98,2.30,2.09,1.73,2.00,N/A
1744999200,Apr 18 2025 - 6:00pm,complete,7951,Emmen,AZ II,N/A,35,1.56,1.24,1.47,1.37,1,4,5,1,0,1,"63","13,57,74,81",10,4,2,0,1,0,0,2,0,1,15,13,5,5,10,8,11,8,56,44,1.48,1.45,1.80,1.44,3.15,58,82,64,34,22,40,82,49,85,11.03,3.82,1.70,3.70,4.50,1.15,1.57,2.25,1.76,1.57,2.25,N/A
1744999200,Apr 18 2025 - 6:00pm,complete,N/A,Helmond Sport,Cambuur,Martijn Vos,35,1.32,1.79,1.21,1.87,1,1,2,2,1,1,"21","23",5,6,1,0,3,0,0,1,0,3,13,16,8,2,5,14,16,16,49,51,1.35,1.75,1.63,1.52,2.90,55,75,58,37,20,43,78,50,78,10.82,3.94,3.65,3.72,1.94,0.00,1.57,2.25,0.00,1.57,2.25,N/A
1744999200,Apr 18 2025 - 6:00pm,complete,N/A,MVV,Utrecht II,N/A,35,1.00,0.59,1.05,0.61,5,0,5,3,3,0,"3,23,26,76,90","",8,2,0,0,1,0,0,0,1,0,22,12,11,2,11,10,6,7,57,43,1.32,1.20,2.58,1.19,2.93,56,81,55,38,19,37,77,50,78,8.61,3.70,1.53,3.75,6.00,0.00,1.53,2.20,2.17,1.57,2.25,N/A
1745073000,Apr 19 2025 - 2:30pm,complete,N/A,Vitesse,Roda JC,Rob Dieperink,35,1.09,1.41,1.16,1.29,3,0,3,1,1,0,"30,50,77","",5,2,1,0,2,0,0,1,1,1,16,10,11,5,5,5,10,14,55,45,1.49,1.68,2.08,1.17,3.06,56,78,59,38,21,31,76,52,85,11.56,4.09,2.88,3.60,2.20,0.00,1.53,2.18,0.00,1.50,2.50,N/A
1745081100,Apr 19 2025 - 4:45pm,complete,N/A,Oss,Dordrecht,Alex Bos,35,0.97,1.82,1.00,1.79,2,0,2,2,2,0,"14,24","",3,18,1,0,1,0,1,0,0,1,6,29,2,7,4,22,15,6,25,75,1.14,1.40,1.19,3.72,2.72,47,78,53,34,11,25,80,43,79,9.94,3.53,3.30,3.80,1.95,0.00,1.57,2.30,0.00,1.53,2.38,N/A
1745089200,Apr 19 2025 - 7:00pm,complete,N/A,De Graafschap,Ajax II,Clay Ruperti,35,1.65,0.94,1.71,0.95,2,0,2,2,2,0,"2,5","",7,3,0,0,0,0,0,0,0,0,17,6,5,2,12,4,12,10,55,45,1.70,1.43,1.93,0.85,2.86,53,82,59,34,12,40,78,41,84,10.21,3.42,1.38,4.50,8.50,1.07,1.48,2.15,3.15,1.73,2.00,N/A
1745152200,Apr 20 2025 - 12:30pm,complete,11852,ADO Den Haag,PSV II,Stan Teuben,35,1.85,0.79,1.84,0.79,3,2,5,2,2,0,"15,32,79","56,61",5,2,2,0,5,0,1,1,1,4,11,11,4,5,7,6,16,14,48,52,1.59,1.43,1.32,1.20,3.21,67,87,65,39,19,37,87,44,84,9.12,3.83,1.30,5.00,9.50,1.11,1.40,1.92,3.25,1.67,2.10,Cars Jeans Stadion
1745160300,Apr 20 2025 - 2:45pm,complete,N/A,Volendam,Excelsior,Marc Nagtegaal,35,2.24,1.91,2.16,1.95,1,4,5,2,0,2,"82","16,23,60,72",1,5,1,0,1,0,0,1,0,1,11,21,5,8,6,13,7,17,48,52,1.57,1.79,1.31,2.33,3.12,58,85,65,43,18,46,74,50,87,12.24,3.23,2.40,3.50,2.75,1.15,1.48,2.05,3.45,1.40,2.75,N/A
1745517600,Apr 24 2025 - 6:00pm,complete,N/A,Roda JC,ADO Den Haag,Joey Kooij,36,1.37,1.89,1.29,1.84,1,1,2,1,0,1,"90'5","29",7,3,0,0,2,0,0,0,0,2,13,11,4,4,9,7,12,14,67,33,1.66,1.58,1.49,1.19,2.80,59,79,57,27,17,27,82,47,80,10.60,4.23,3.07,3.65,2.19,1.20,1.55,2.40,4.20,1.45,2.50,N/A
1745604000,Apr 25 2025 - 6:00pm,complete,2609,Dordrecht,MVV,Edwin van de Graaf,36,1.77,1.06,1.79,1.05,3,0,3,3,3,0,"4,9,15","",9,3,1,0,2,0,0,1,1,1,24,7,11,0,13,7,9,13,49,51,1.47,1.36,2.70,0.72,3.03,53,79,60,43,23,36,78,53,77,10.23,3.37,1.60,4.33,4.50,1.08,1.40,1.96,2.82,1.44,2.63,Riwal Hoogwerkers Stadion
1745604000,Apr 25 2025 - 6:00pm,complete,14080,Cambuur,Vitesse,N/A,36,1.77,1.14,1.87,1.16,2,1,3,3,2,1,"20,39","25",4,8,2,0,1,0,2,0,0,1,15,11,6,3,9,8,11,14,42,58,1.75,1.51,1.60,1.31,3.00,49,76,55,37,20,37,77,50,79,11.83,3.68,1.45,4.75,5.75,1.14,1.44,2.00,3.35,1.62,2.20,N/A
1745604000,Apr 25 2025 - 6:00pm,complete,N/A,Telstar,Oss,N/A,36,1.57,1.03,1.61,1.00,3,2,5,1,0,1,"53,66,82","9,90'2",8,4,3,0,3,0,0,3,0,3,18,5,7,2,11,3,11,16,64,36,1.60,1.14,2.18,0.81,2.69,43,76,52,35,10,30,77,35,83,10.38,3.57,1.29,5.50,10.00,0.00,1.53,2.25,0.00,1.91,1.80,N/A
1745765100,Apr 27 2025 - 2:45pm,complete,N/A,Excelsior,Emmen,Sander van der Eijk,36,1.94,1.51,1.95,1.47,2,0,2,2,2,0,"7,37","",6,0,1,0,2,0,1,0,0,2,13,5,4,1,9,4,16,14,50,50,1.80,1.49,1.40,0.71,2.90,53,82,59,33,16,37,79,46,80,12.77,3.83,1.53,4.33,5.50,0.00,1.50,2.43,0.00,1.57,2.25,N/A
1745863200,Apr 28 2025 - 6:00pm,complete,N/A,VVV,De Graafschap,Erwin Blank,36,1.09,1.69,1.08,1.71,3,1,4,0,0,0,"47,49,59","58",7,9,1,0,0,0,0,1,0,0,17,21,6,7,11,14,11,9,37,63,1.42,1.71,1.84,2.25,2.97,53,80,59,43,19,43,80,44,83,10.77,3.54,3.20,3.70,2.05,0.00,1.57,2.30,2.11,1.50,2.50,N/A
1745863200,Apr 28 2025 - 6:00pm,complete,N/A,Ajax II,Helmond Sport,Kevin Puts,36,0.91,1.31,0.95,1.21,1,0,1,0,0,0,"85","",5,3,2,0,2,0,1,1,2,0,11,7,4,2,7,5,11,10,47,53,1.42,1.36,1.48,1.00,2.78,56,80,59,30,12,41,75,46,82,10.03,3.92,2.40,3.60,2.70,0.00,1.53,2.28,0.00,1.44,2.63,N/A
1745863200,Apr 28 2025 - 6:00pm,complete,N/A,AZ II,Den Bosch,T Hardeman,36,1.29,1.46,1.37,1.45,0,0,0,0,0,0,"","",6,4,0,0,2,0,0,0,0,2,9,12,3,2,6,10,12,14,62,38,1.45,1.37,1.17,1.16,3.13,56,79,62,39,26,45,79,50,83,10.30,3.66,2.35,3.50,2.88,0.00,1.50,2.15,0.00,1.44,2.63,N/A
1745863200,Apr 28 2025 - 6:00pm,complete,N/A,Utrecht II,Volendam,Wouter Wiersma,36,0.57,2.17,0.61,2.16,2,3,5,3,2,1,"36,42","32,54,65",3,12,1,0,1,0,0,1,0,1,12,24,4,8,8,16,22,7,44,56,1.20,1.56,1.24,2.55,3.19,57,90,64,42,19,47,82,51,86,9.17,3.14,5.25,4.50,1.53,0.00,1.44,2.12,0.00,1.53,2.38,N/A
1745863200,Apr 28 2025 - 6:00pm,complete,N/A,PSV II,Eindhoven,Clay Ruperti,36,0.77,1.29,0.79,1.34,0,2,2,1,0,1,"","29,75",6,1,0,0,0,0,0,0,0,0,20,7,2,5,18,2,8,9,70,30,1.43,1.21,2.12,1.05,3.47,60,90,70,50,23,46,86,53,89,7.23,3.28,2.45,3.50,2.70,0.00,1.40,2.00,0.00,1.36,3.00,N/A
1746208800,May 02 2025 - 6:00pm,complete,N/A,ADO Den Haag,Cambuur,Jeroen Manschot,37,1.86,1.81,1.84,1.87,3,4,7,4,2,2,"16,44,89","25,30,71,75",6,2,0,0,2,0,0,0,2,0,14,10,3,5,11,5,14,11,53,47,1.57,1.74,1.45,1.09,2.74,54,76,52,27,17,35,82,43,73,10.89,3.86,2.41,3.57,2.77,0.00,1.55,2.30,0.00,1.50,2.50,N/A
1746208800,May 02 2025 - 6:00pm,complete,N/A,De Graafschap,Telstar,Alex Bos,37,1.64,1.61,1.71,1.61,2,1,3,2,1,1,"26,61","29",7,3,1,0,1,0,0,1,0,1,17,16,7,7,10,9,9,15,59,41,1.73,1.62,1.88,1.75,3.13,54,84,64,46,18,45,84,41,85,10.92,3.27,2.12,3.81,3.10,0.00,1.48,2.05,0.00,1.40,2.75,N/A
1746208800,May 02 2025 - 6:00pm,complete,N/A,Excelsior,PSV II,Edwin van de Graaf,37,1.97,0.75,1.95,0.79,5,0,5,2,2,0,"8,15,60,63,73","",10,3,0,0,1,0,0,0,0,1,22,6,8,2,14,4,11,8,50,50,1.79,1.45,2.48,0.67,3.28,63,87,64,48,23,43,81,50,85,10.65,3.58,1.13,9.14,13.66,0.00,1.20,1.46,2.10,1.62,2.20,N/A
1746208800,May 02 2025 - 6:00pm,complete,N/A,Den Bosch,Helmond Sport,Erwin Blank,37,1.44,1.28,1.45,1.21,1,0,1,0,0,0,"50","",9,2,2,0,1,0,1,1,1,0,15,9,6,2,9,7,16,7,44,56,1.37,1.35,1.69,0.97,2.84,55,77,59,35,17,47,77,43,78,10.11,4.03,2.15,3.60,3.19,2.30,1.60,0.00,0.00,1.57,2.25,N/A
1746208800,May 02 2025 - 6:00pm,complete,3022,Eindhoven,AZ II,N/A,37,1.33,1.28,1.34,1.37,2,4,6,3,1,2,"9,84","35,41,72,87",2,7,1,0,2,0,0,1,1,1,7,19,4,9,3,10,7,10,39,61,1.20,1.44,0.96,2.37,3.31,57,85,66,43,25,43,81,56,88,8.40,3.28,2.05,4.04,3.10,1.10,1.48,2.10,2.35,1.44,2.63,Jan Louwers Stadion
1746208800,May 02 2025 - 6:00pm,complete,N/A,Emmen,VVV,Clay Ruperti,37,1.47,1.14,1.47,1.08,2,1,3,1,1,0,"34,57","85",9,5,1,0,1,0,1,0,1,0,16,12,5,5,11,7,20,10,50,50,1.46,1.43,1.68,1.40,2.84,47,78,57,34,17,35,78,46,81,11.49,3.83,1.68,4.39,4.23,0.00,1.66,2.30,0.00,1.73,2.00,N/A
1746208800,May 02 2025 - 6:00pm,complete,N/A,Volendam,Roda JC,Martijn Vos,37,2.19,1.36,2.16,1.29,3,2,5,2,1,1,"7,70,77","26,65",4,2,0,0,0,0,0,0,0,0,16,10,4,6,12,4,8,15,53,47,1.59,1.66,1.57,1.29,3.13,59,84,66,41,22,39,78,53,89,10.98,3.34,1.49,4.88,5.36,0.00,1.36,1.88,0.00,1.44,2.63,N/A
1746208800,May 02 2025 - 6:00pm,complete,N/A,Utrecht II,Dordrecht,Martin Perez,37,0.56,1.81,0.61,1.79,1,0,1,0,0,0,"58","",2,8,3,0,3,0,0,3,1,2,7,14,4,6,3,8,17,11,42,58,1.20,1.50,0.96,1.73,3.02,53,86,60,38,17,39,86,53,75,9.37,3.37,4.63,4.03,1.68,2.15,1.58,2.20,0.00,1.62,2.20,N/A
1746208800,May 02 2025 - 6:00pm,complete,N/A,MVV,Ajax II,Luuk Timmer,37,1.03,0.97,1.05,0.95,1,0,1,0,0,0,"90'2","",9,5,0,0,0,0,0,0,0,0,8,7,3,2,5,5,11,13,48,52,1.34,1.42,1.28,1.14,2.74,48,75,54,32,17,35,68,46,80,9.77,3.50,1.90,4.16,3.44,0.00,1.36,1.92,0.00,1.36,3.00,N/A
1746208800,May 02 2025 - 6:00pm,complete,N/A,Oss,Vitesse,R Vereijken,37,1.00,1.11,1.00,1.16,2,2,4,3,1,2,"27,60","10,14",2,10,3,0,3,0,1,2,2,1,6,13,3,5,3,8,13,16,43,57,1.13,1.51,1.00,1.76,2.88,49,79,53,35,13,29,77,41,84,10.86,3.88,3.52,3.75,1.98,0.00,1.63,0.00,2.60,1.57,2.25,N/A
1746813600,May 09 2025 - 6:00pm,complete,N/A,Dordrecht,Volendam,Jannick van der Laan,38,1.76,2.22,1.79,2.16,4,1,5,2,2,0,"14,42,68,72","48",9,6,1,0,1,0,0,1,1,0,20,11,5,5,15,6,13,10,39,61,1.51,1.59,1.91,1.35,3.24,56,87,69,45,22,46,81,53,84,11.08,2.86,2.07,3.85,3.09,1.07,1.36,1.94,2.88,1.36,3.00,N/A
1746813600,May 09 2025 - 6:00pm,complete,N/A,Helmond Sport,De Graafschap,N/A,38,1.24,1.68,1.21,1.71,1,4,5,2,1,1,"24","31,50,52,74",6,4,0,0,1,0,0,0,0,1,21,15,4,6,17,9,7,15,52,48,1.34,1.73,2.05,1.71,3.07,64,84,64,42,16,50,81,42,84,10.19,3.76,2.91,3.65,2.23,1.04,1.44,2.10,3.04,1.40,2.75,N/A
1746813600,May 09 2025 - 6:00pm,complete,N/A,Ajax II,Oss,T Hardeman,38,0.95,1.00,0.95,1.00,0,0,0,0,0,0,"","",4,5,1,1,2,0,0,2,1,1,18,12,6,5,12,7,13,21,57,43,1.41,1.13,2.28,1.62,2.45,42,75,46,25,5,26,71,36,81,9.75,3.62,1.72,4.16,3.99,1.12,1.53,2.25,3.60,1.53,2.38,N/A
1746813600,May 09 2025 - 6:00pm,complete,N/A,AZ II,Excelsior,Wouter Wiersma,38,1.32,2.00,1.37,1.95,2,1,3,2,1,1,"34,88","24",3,4,2,0,2,0,1,1,0,2,9,14,4,7,5,7,9,17,53,47,1.47,1.81,1.15,1.71,3.22,61,81,63,44,27,43,76,55,84,11.98,3.62,4.11,4.36,1.67,1.04,1.33,1.89,2.67,1.36,3.00,N/A
1746813600,May 09 2025 - 6:00pm,complete,N/A,PSV II,Utrecht II,Kevin Puts,38,0.73,0.62,0.79,0.61,3,1,4,2,2,0,"10,35,82","66",7,1,2,0,1,0,0,2,0,1,17,7,6,1,11,6,15,16,64,36,1.42,1.20,1.85,0.73,3.33,61,89,64,46,23,44,87,51,85,7.69,3.54,1.53,4.82,4.70,1.03,1.36,1.91,2.84,1.44,2.63,N/A
1746813600,May 09 2025 - 6:00pm,complete,N/A,Roda JC,Eindhoven,R Vereijken,38,1.32,1.30,1.29,1.34,0,1,1,0,0,0,"","69",4,5,2,0,1,0,0,2,0,1,19,13,6,7,13,6,5,10,53,47,1.65,1.20,1.91,1.67,3.06,53,83,61,38,21,35,81,54,85,8.62,3.43,1.78,4.03,3.86,1.09,1.48,2.10,3.28,1.50,2.50,N/A
1746813600,May 09 2025 - 6:00pm,complete,N/A,Cambuur,MVV,Ingmar Oostrom,38,1.84,1.08,1.87,1.05,1,0,1,1,1,0,"10","",7,3,0,0,3,0,0,0,2,1,17,8,9,3,8,5,6,15,57,43,1.72,1.34,2.19,0.89,2.89,49,72,53,38,25,40,73,49,73,10.54,3.49,1.21,6.89,9.21,1.01,1.25,1.63,2.56,1.53,2.38,N/A
1746813600,May 09 2025 - 6:00pm,complete,N/A,Telstar,Emmen,Martin van den Kerkhof,38,1.57,1.51,1.61,1.47,3,0,3,2,2,0,"4,24,73","",2,6,1,0,2,0,1,0,2,0,11,10,6,2,5,8,8,11,32,68,1.63,1.47,1.34,1.21,2.96,49,81,62,34,17,38,84,41,82,11.50,3.60,1.88,4.39,3.23,1.12,1.53,2.15,3.72,1.50,2.50,N/A
1746813600,May 09 2025 - 6:00pm,complete,N/A,Vitesse,Den Bosch,Luuk Timmer,38,1.11,1.49,1.16,1.45,3,1,4,1,1,0,"8,81,86","65",11,6,1,0,0,0,1,0,0,0,19,13,11,7,8,6,9,5,57,43,1.51,1.37,2.37,1.62,2.97,49,77,58,37,18,42,76,44,80,11.44,3.78,2.07,3.93,3.04,1.07,1.53,2.25,3.22,1.50,2.50,N/A
1746813600,May 09 2025 - 6:00pm,complete,N/A,VVV,ADO Den Haag,Robin Hensgens,38,1.11,1.81,1.08,1.84,2,7,9,3,0,3,"69,90","24,33,36,48,59,63,80",5,7,0,0,0,0,0,0,0,0,9,16,3,9,6,7,11,8,42,58,1.43,1.57,0.96,2.07,2.85,57,79,57,33,18,32,78,48,81,10.75,3.94,3.13,3.72,2.09,1.11,1.60,2.20,3.72,1.53,2.38,N/A
