timestamp,date_GMT,status,attendance,home_team_name,away_team_name,referee,Game Week,Pre-Match PPG (Home),Pre-Match PPG (Away),home_ppg,away_ppg,home_team_goal_count,away_team_goal_count,total_goal_count,total_goals_at_half_time,home_team_goal_count_half_time,away_team_goal_count_half_time,home_team_goal_timings,away_team_goal_timings,home_team_corner_count,away_team_corner_count,home_team_yellow_cards,home_team_red_cards,away_team_yellow_cards,away_team_red_cards,home_team_first_half_cards,home_team_second_half_cards,away_team_first_half_cards,away_team_second_half_cards,home_team_shots,away_team_shots,home_team_shots_on_target,away_team_shots_on_target,home_team_shots_off_target,away_team_shots_off_target,home_team_fouls,away_team_fouls,home_team_possession,away_team_possession,Home Team Pre-Match xG,Away Team Pre-Match xG,team_a_xg,team_b_xg,average_goals_per_match_pre_match,btts_percentage_pre_match,over_15_percentage_pre_match,over_25_percentage_pre_match,over_35_percentage_pre_match,over_45_percentage_pre_match,over_15_HT_FHG_percentage_pre_match,over_05_HT_FHG_percentage_pre_match,over_15_2HG_percentage_pre_match,over_05_2HG_percentage_pre_match,average_corners_per_match_pre_match,average_cards_per_match_pre_match,odds_ft_home_team_win,odds_ft_draw,odds_ft_away_team_win,odds_ft_over15,odds_ft_over25,odds_ft_over35,odds_ft_over45,odds_btts_yes,odds_btts_no,stadium_name
1754676000,Aug 08 2025 - 6:00pm,complete,2544,Dordrecht,Cambuur,Alex Bos,1,0.00,0.00,1.21,1.79,1,0,1,1,1,0,"28","",7,7,2,0,1,1,1,1,1,1,17,7,6,2,11,5,12,8,40,60,0.00,0.00,1.79,0.89,0.00,0,0,0,0,0,0,0,0,0,0.00,0.00,2.70,3.25,2.20,1.19,1.62,2.39,4.38,1.54,2.50,Riwal Hoogwerkers Stadion
1754676000,Aug 08 2025 - 6:00pm,complete,10125,De Graafschap,VVV,Martijn Vos,1,0.00,0.00,1.74,1.00,3,2,5,3,2,1,"25,13,57","17,78",12,9,1,0,1,0,0,1,1,0,29,10,10,3,19,7,7,10,56,44,0.00,0.00,2.92,1.19,0.00,0,0,0,0,0,0,0,0,0,0.00,0.00,1.55,4.50,5.00,1.11,1.43,2.30,4.00,1.64,2.41,Stadion De Vijverberg
1754676000,Aug 08 2025 - 6:00pm,complete,6320,Den Bosch,Ajax II,Kevin Puts,1,0.00,0.00,1.58,0.79,2,0,2,1,1,0,"9,80","",2,5,0,0,1,0,0,0,0,1,10,15,7,4,3,11,10,8,50,50,0.00,0.00,1.36,1.61,0.00,0,0,0,0,0,0,0,0,0,0.00,0.00,2.00,3.60,3.25,1.17,1.65,2.60,4.60,1.51,2.21,Stadion De Vliert
1754676000,Aug 08 2025 - 6:00pm,complete,1912,Eindhoven,Utrecht II,Stan Teuben,1,0.00,0.00,1.58,0.89,1,0,1,0,0,0,"69","",3,7,1,0,1,0,1,0,0,1,6,17,2,5,4,12,11,9,51,49,0.00,0.00,0.86,1.70,0.00,0,0,0,0,0,0,0,0,0,0.00,0.00,1.50,4.12,5.30,1.25,1.85,3.00,5.75,1.88,1.91,Jan Louwers Stadion
1754676000,Aug 08 2025 - 6:00pm,complete,2369,Oss,MVV,Laurens Gerrets,1,0.00,0.00,1.11,0.79,4,0,4,1,1,0,"11,52,88,66","",5,8,1,0,1,0,0,1,1,0,16,17,7,6,9,11,17,17,44,56,0.00,0.00,1.81,1.99,0.00,0,0,0,0,0,0,0,0,0,0.00,0.00,2.37,3.40,2.65,1.20,1.63,2.44,4.45,1.47,2.45,Frans Heesen Stadion
1754820900,Aug 10 2025 - 10:15am,complete,2733,Helmond Sport,Roda JC,Ingmar Oostrom,1,0.00,0.00,1.53,1.89,1,3,4,2,0,2,"69","33,38,87",7,2,2,0,0,0,0,2,0,0,11,12,2,6,9,6,15,10,66,34,0.00,0.00,1.22,1.33,0.00,0,0,0,0,0,0,0,0,0,0.00,0.00,2.46,3.55,2.83,1.18,1.65,2.50,4.50,1.53,2.36,SolarUnie Stadion
1754837100,Aug 10 2025 - 2:45pm,complete,7845,ADO Den Haag,Willem II,Sander van der Eijk,1,0.00,0.00,2.42,1.79,5,1,6,2,1,1,"52,36,55,63,72","40",6,3,0,0,1,1,0,0,1,1,23,5,8,3,15,2,9,10,66,34,0.00,0.00,2.38,0.62,0.00,0,0,0,0,0,0,0,0,0,0.00,0.00,2.10,3.35,3.40,1.20,1.70,2.90,4.90,1.55,2.33,Cars Jeans Stadion
1754935200,Aug 11 2025 - 6:00pm,complete,850,AZ II,RKC Waalwijk,Clay Ruperti,1,0.00,0.00,0.74,1.42,2,3,5,4,2,2,"19,26","72,14,28",5,3,2,0,2,0,2,0,0,2,13,8,3,3,10,5,17,6,59,41,0.00,0.00,1.63,0.94,0.00,0,0,0,0,0,0,0,0,0,0.00,0.00,3.15,4.01,2.00,1.15,1.50,2.20,3.50,1.46,2.60,AFAS Trainingscomplex
1754935200,Aug 11 2025 - 6:00pm,complete,750,PSV II,Emmen,Wouter Wiersma,1,0.00,0.00,1.58,0.84,3,1,4,1,1,0,"17,49,89","78",0,5,1,0,1,0,1,0,1,0,15,10,7,3,8,7,12,18,51,49,0.00,0.00,1.73,1.19,0.00,0,0,0,0,0,0,0,0,0,0.00,0.00,2.62,3.55,2.34,1.10,1.47,2.35,3.85,1.50,2.55,Sportcomplex De Herdgang
1755280800,Aug 15 2025 - 6:00pm,complete,3873,RKC Waalwijk,Helmond Sport,Marc Nagtegaal,2,0.00,0.00,1.63,0.53,1,1,2,2,1,1,"5","26",4,10,1,0,1,0,0,1,1,0,10,13,3,4,7,9,10,12,50,50,0.00,0.00,1.13,1.38,0.00,0,0,0,0,0,0,0,0,0,0.00,0.00,1.71,4.30,4.00,1.14,1.50,2.25,4.05,1.60,2.20,Mandemakers Stadion
1755280800,Aug 15 2025 - 6:00pm,complete,5214,VVV,PSV II,Martin Perez,2,0.00,0.00,1.37,1.37,0,2,2,1,0,1,"","32,73",9,4,0,0,4,0,0,0,1,3,25,13,6,8,19,5,11,10,51,49,0.00,0.00,2.48,1.64,0.00,0,0,0,0,0,0,0,0,0,0.00,0.00,2.16,3.70,2.80,1.07,1.34,1.95,3.20,1.37,2.70,Seacon Stadion De Koel
1755280800,Aug 15 2025 - 6:00pm,complete,8292,Roda JC,De Graafschap,Jannick van der Laan,2,0.00,0.00,1.00,1.58,1,0,1,0,0,0,"54","",5,9,2,0,2,0,0,2,0,2,14,14,6,5,8,9,11,17,41,59,0.00,0.00,1.52,1.68,0.00,0,0,0,0,0,0,0,0,0,0.00,0.00,2.40,3.70,2.75,1.13,1.63,2.33,4.10,1.47,2.65,Parkstad Limburg Stadion
1755280800,Aug 15 2025 - 6:00pm,complete,12236,Cambuur,Oss,Rob Dieperink,2,0.00,0.00,2.32,1.21,1,0,1,1,1,0,"6","",10,3,2,0,1,0,1,1,0,1,18,10,3,5,15,5,14,17,53,47,0.00,0.00,2.00,1.50,0.00,0,0,0,0,0,0,0,0,0,0.00,0.00,1.34,5.05,8.00,1.11,1.47,2.17,3.50,1.70,1.92,N/A
1755354600,Aug 16 2025 - 2:30pm,complete,3500,MVV,Dordrecht,Bas Nijhuis,2,0.00,0.00,1.21,1.26,0,1,1,0,0,0,"","48",4,11,2,0,1,0,2,0,0,1,10,24,1,7,9,17,9,11,51,49,0.00,0.00,1.09,2.40,0.00,0,0,0,0,0,0,0,0,0,0.00,0.00,3.26,3.65,1.96,1.15,1.50,2.48,3.70,1.42,2.82,De Geusselt
1755425700,Aug 17 2025 - 10:15am,complete,7429,Emmen,Almere City,Ingmar Oostrom,2,0.00,0.00,1.53,1.32,1,4,5,4,1,3,"14","8,31,26,46",3,7,2,0,1,0,1,1,1,0,14,18,3,7,11,11,13,13,57,43,0.00,0.00,1.36,1.90,0.00,0,0,0,0,0,0,0,0,0,0.00,0.00,3.00,3.25,2.05,1.25,1.72,3.00,5.25,1.60,2.50,N/A
1755441900,Aug 17 2025 - 2:45pm,complete,14000,Willem II,Eindhoven,Robin Hensgens,2,0.00,0.00,1.79,0.89,0,1,1,0,0,0,"","89",6,3,1,0,2,0,0,1,1,1,15,14,3,4,12,10,8,11,63,37,0.00,0.00,1.70,1.41,0.00,0,0,0,0,0,0,0,0,0,0.00,0.00,1.67,3.75,3.90,1.22,1.59,2.70,4.75,1.67,2.11,Koning Willem II Stadion
1755540000,Aug 18 2025 - 6:00pm,complete,1878,Ajax II,AZ II,Laurens Gerrets,2,0.00,0.00,1.05,1.37,4,1,5,3,2,1,"1,28,90'6,90'4","12",2,6,1,0,2,0,0,1,1,1,10,17,7,7,3,10,9,16,36,64,0.00,0.00,1.43,2.28,0.00,0,0,0,0,0,0,0,0,0,0.00,0.00,2.24,3.45,2.60,1.19,1.63,2.50,4.35,1.50,2.40,Sportpark De Toekomst 
1755540000,Aug 18 2025 - 6:00pm,complete,805,Utrecht II,ADO Den Haag,Rick Sturm,2,0.00,0.00,1.53,2.26,2,2,4,0,0,0,"47,63","52,67",2,13,1,0,1,0,0,1,0,1,10,21,4,6,6,15,10,15,29,71,0.00,0.00,1.04,2.35,0.00,0,0,0,0,0,0,0,0,0,0.00,0.00,4.00,3.80,1.67,1.21,1.65,2.70,4.33,1.67,2.15,Stadion Galgenwaard
1755885600,Aug 22 2025 - 6:00pm,complete,3323,Eindhoven,RKC Waalwijk,Erwin Blank,3,3.00,3.00,1.58,1.42,1,0,1,0,0,0,"85","",7,5,3,0,1,0,1,2,0,1,14,14,4,4,10,10,14,10,43,57,0.86,0.94,1.41,1.52,3.00,50,50,50,50,50,50,50,0,100,6.00,3.00,2.75,3.60,2.25,1.14,1.61,2.38,4.00,1.50,2.52,Jan Louwers Stadion
1755885600,Aug 22 2025 - 6:00pm,complete,3943,Almere City,Willem II,Martin van den Kerkhof,3,0.00,0.00,1.74,1.79,0,1,1,0,0,0,"","53",7,1,0,0,3,0,0,0,0,3,19,2,3,2,16,0,7,13,62,38,0.00,0.62,1.86,0.50,3.00,50,50,50,50,50,50,50,50,50,3.00,2.00,1.63,3.85,4.90,1.22,1.71,2.81,5.60,1.70,2.06,Yanmar Stadion
1755885600,Aug 22 2025 - 6:00pm,complete,10045,De Graafschap,MVV,Wouter Wiersma,3,3.00,0.00,1.74,0.79,0,1,1,0,0,0,"","89",7,3,0,0,1,0,0,0,0,1,23,12,5,4,18,8,7,11,62,38,2.92,1.99,2.34,1.24,4.50,50,100,100,100,50,50,100,100,100,20.00,2.00,1.43,4.80,6.00,1.10,1.36,1.95,3.00,1.55,2.38,Stadion De Vijverberg
1755885600,Aug 22 2025 - 6:00pm,complete,2064,Helmond Sport,Emmen,Rick Sturm,3,0.00,0.00,1.53,0.84,2,0,2,1,1,0,"22,75","",4,3,1,0,0,0,0,1,0,0,14,9,7,3,7,6,15,7,40,60,1.22,1.19,1.74,1.12,4.00,100,100,100,100,0,50,100,100,100,12.00,3.00,2.05,3.30,3.40,1.25,1.83,3.00,5.75,1.65,2.09,SolarUnie Stadion
1755959400,Aug 23 2025 - 2:30pm,complete,2655,Dordrecht,PSV II,Kevin Puts,3,3.00,3.00,1.21,1.37,1,2,3,1,0,1,"56","50,4",12,3,2,0,2,0,1,1,0,2,21,11,7,6,14,5,17,12,51,49,1.79,1.64,2.16,1.24,1.50,0,50,0,0,0,0,100,0,50,11.00,6.00,1.72,4.30,4.00,1.11,1.40,1.93,3.20,1.42,2.65,Riwal Hoogwerkers Stadion
1756030500,Aug 24 2025 - 10:15am,complete,5102,VVV,Roda JC,N/A,3,0.00,3.00,1.37,1.89,3,1,4,1,1,0,"21,50,78","58",2,4,2,0,1,0,1,1,0,1,18,12,5,4,13,8,16,11,40,60,2.48,1.33,1.73,1.35,3.00,50,100,50,50,0,50,100,50,100,11.00,0.00,2.49,3.25,2.55,1.19,1.60,2.45,4.33,1.53,2.30,Seacon Stadion De Koel
1756046700,Aug 24 2025 - 2:45pm,complete,5254,Den Bosch,Oss,N/A,3,3.00,0.00,1.58,1.21,5,2,7,5,4,1,"6,16,20,29,90'2","25,61",8,6,3,0,2,0,0,3,0,2,30,15,10,9,20,6,10,8,52,48,1.36,1.50,3.01,2.04,1.50,0,50,0,0,0,0,100,0,50,5.00,1.00,1.68,3.50,3.70,1.26,1.86,3.12,5.50,1.80,2.05,Stadion De Vliert
1756144800,Aug 25 2025 - 6:00pm,complete,461,Utrecht II,Ajax II,N/A,3,1.00,0.00,1.53,0.79,4,3,7,2,1,1,"11,46,56,69","2,58,72",4,5,1,0,1,0,0,1,1,0,16,17,6,9,10,8,11,9,45,55,1.04,1.61,1.72,2.03,3.00,50,100,50,50,0,0,50,50,100,7.00,2.00,2.65,3.45,2.38,1.18,1.71,2.73,4.95,1.60,2.15,N/A
1756144800,Aug 25 2025 - 6:00pm,complete,850,AZ II,Cambuur,N/A,3,0.00,0.00,0.74,1.79,0,1,1,1,0,1,"","16",5,5,1,0,2,0,0,1,1,1,11,10,4,3,7,7,23,15,51,49,1.63,0.89,1.35,1.08,3.00,50,50,50,50,50,50,100,0,50,12.00,4.00,2.75,3.78,2.05,1.15,1.50,2.35,4.35,1.49,2.50,AFAS Trainingscomplex
1756490400,Aug 29 2025 - 6:00pm,complete,2052,Oss,Dordrecht,Richard Martens,4,3.00,3.00,1.11,1.26,0,3,3,1,0,1,"","90'3,31,84",5,7,4,0,5,0,1,3,2,3,7,20,0,7,7,13,9,17,61,39,1.81,2.40,0.82,2.11,2.50,0,50,50,50,0,0,50,50,100,16.00,2.00,3.23,3.72,2.15,1.20,1.64,2.44,4.40,1.52,2.49,Frans Heesen Stadion
1756490400,Aug 29 2025 - 6:00pm,complete,13100,Willem II,Utrecht II,Stan Teuben,4,0.00,0.00,1.79,0.89,2,1,3,1,1,0,"29,90'2","70",5,4,1,0,1,0,0,1,1,0,14,13,5,8,9,5,9,11,51,49,1.70,1.70,1.58,1.71,1.00,0,0,0,0,0,0,0,0,100,13.00,2.00,1.32,5.20,6.70,1.10,1.56,2.30,3.75,1.85,1.83,Koning Willem II Stadion
1756490400,Aug 29 2025 - 6:00pm,complete,758,Ajax II,MVV,Kevin Puts,4,3.00,1.50,1.05,0.79,0,0,0,0,0,0,"","",8,0,1,0,1,0,1,0,1,0,17,3,5,3,12,0,12,17,71,29,1.43,1.62,2.09,0.65,3.75,50,75,75,75,50,50,75,75,100,7.50,2.00,1.91,3.50,3.25,1.14,1.68,2.47,4.33,1.53,2.40,Sportpark De Toekomst 
1756490400,Aug 29 2025 - 6:00pm,complete,8245,ADO Den Haag,Helmond Sport,Dennis Higler,4,3.00,1.00,2.42,0.53,2,0,2,0,0,0,"85,90","",12,2,2,0,1,0,2,0,0,1,23,2,4,1,19,1,18,12,63,37,2.38,1.38,2.20,0.35,4.00,100,100,50,50,50,100,100,50,50,16.00,1.00,1.48,4.59,5.70,1.17,1.46,2.31,3.85,1.68,2.02,Cars Jeans Stadion
1756490400,Aug 29 2025 - 6:00pm,complete,7561,Emmen,Den Bosch,N/A,4,0.00,0.00,1.53,1.11,3,1,4,1,0,1,"48,60,90'1","27",10,3,2,0,3,1,2,0,3,1,24,4,11,1,13,3,9,15,63,37,1.36,0.00,2.78,0.49,2.50,50,50,50,50,50,50,50,0,50,3.00,2.00,2.40,3.54,2.60,1.23,1.72,2.70,5.00,1.57,2.26,N/A
1756490400,Aug 29 2025 - 6:00pm,complete,575,PSV II,AZ II,Rick Sturm,4,3.00,0.00,1.58,1.37,1,0,1,1,1,0,"33","",9,5,0,0,2,0,0,0,0,2,13,9,5,0,8,9,10,13,43,57,1.73,2.28,1.41,1.00,4.50,100,100,100,100,50,50,100,100,100,6.00,3.00,2.30,4.05,2.52,1.04,1.30,1.89,3.20,1.33,3.20,Sportcomplex De Herdgang
1756490400,Aug 29 2025 - 6:00pm,complete,7512,Roda JC,Eindhoven,Martin Perez,4,3.00,3.00,1.00,0.89,0,0,0,0,0,0,"","",9,2,2,0,0,0,0,2,0,0,17,11,5,5,12,6,10,10,61,39,1.52,1.41,1.91,1.23,1.00,0,0,0,0,0,0,0,0,100,8.00,4.00,1.87,3.70,3.50,1.15,1.68,2.60,4.70,1.60,2.35,Parkstad Limburg Stadion
1756564200,Aug 30 2025 - 2:30pm,complete,5343,RKC Waalwijk,Almere City,Martijn Vos,4,1.00,3.00,1.63,1.32,2,0,2,1,1,0,"19,49","",4,6,1,0,0,0,0,1,0,0,14,9,6,3,8,6,9,12,42,58,1.13,1.90,1.62,1.11,3.50,100,100,50,50,50,100,100,0,50,11.00,2.00,2.75,3.65,2.43,1.22,1.67,2.65,4.80,1.53,2.39,Mandemakers Stadion
1756651500,Aug 31 2025 - 2:45pm,complete,12473,Cambuur,VVV,Martin van den Kerkhof,4,3.00,0.00,2.32,1.00,3,1,4,2,2,0,"15,53,32","64",2,4,2,0,3,0,1,1,1,2,7,12,5,5,2,7,12,19,56,44,2.00,1.19,1.09,1.38,3.00,50,50,50,50,50,50,100,50,50,19.00,3.00,1.50,4.15,5.40,1.14,1.50,2.22,4.12,1.62,2.12,N/A
1757095200,Sep 05 2025 - 6:00pm,complete,10204,De Graafschap,Emmen,Martin van den Kerkhof,6,1.50,0.00,1.74,0.84,2,3,5,2,0,2,"51,90","5,8,76",6,3,3,0,4,0,0,3,2,2,17,16,4,6,13,10,9,11,59,41,2.63,1.15,1.84,1.68,3.00,50,75,50,50,25,25,75,50,100,13.50,1.00,1.52,4.70,5.60,1.15,1.50,2.25,3.70,1.62,2.20,Stadion De Vijverberg
1757181600,Sep 06 2025 - 6:00pm,complete,13287,Cambuur,Willem II,N/A,6,3.00,1.50,2.32,1.79,2,2,4,1,0,1,"50,89","25,83",9,2,0,0,3,0,0,0,1,2,23,10,11,5,12,5,7,15,61,39,1.54,0.56,2.71,1.24,3.00,50,50,50,50,25,50,75,50,75,8.00,4.50,1.72,4.13,4.50,1.22,1.72,2.88,5.58,1.73,2.00,N/A
1757700000,Sep 12 2025 - 6:00pm,complete,411,Utrecht II,RKC Waalwijk,Laurens Gerrets,5,2.00,1.50,1.53,1.42,2,0,2,1,1,0,"73,45'1","",8,3,0,0,1,0,0,0,0,1,23,8,10,2,13,6,17,4,35,65,1.38,1.23,2.48,1.09,4.25,75,75,75,75,50,50,50,50,100,7.00,2.50,3.20,4.14,1.97,1.15,1.55,2.39,4.10,1.55,2.45,N/A
1757700000,Sep 12 2025 - 6:00pm,complete,3221,Almere City,PSV II,Stan Teuben,5,0.00,3.00,1.74,1.37,2,4,6,2,2,0,"16,33","54,74,69,88",7,7,3,0,2,0,0,3,1,1,26,17,7,11,19,6,14,12,34,66,1.86,1.44,2.37,2.18,1.75,25,50,25,0,0,0,50,25,100,10.50,3.00,1.50,4.65,5.00,1.11,1.36,2.06,3.45,1.49,2.54,Yanmar Stadion
1757700000,Sep 12 2025 - 6:00pm,complete,10549,De Graafschap,Willem II,Rob Dieperink,5,1.00,1.33,1.74,1.79,1,1,2,2,1,1,"45","1",10,4,2,0,3,0,2,0,1,2,29,11,10,4,19,7,8,16,63,37,2.37,0.78,2.85,1.21,3.67,67,67,67,67,50,50,67,67,100,10.33,4.00,2.15,3.60,2.90,1.13,1.57,2.40,4.10,1.55,2.46,Stadion De Vijverberg
1757700000,Sep 12 2025 - 6:00pm,complete,5273,Den Bosch,Dordrecht,Erwin Blank,5,3.00,3.00,1.58,1.26,3,3,6,3,1,2,"48,12,64","33,10,90'3",8,6,2,0,5,1,0,2,2,4,22,14,8,8,14,6,8,15,70,30,2.19,2.25,2.35,1.63,3.25,25,75,50,25,25,25,75,50,100,14.00,4.50,3.24,3.50,1.95,1.18,1.66,2.50,4.50,1.57,2.20,Stadion De Vliert
1757700000,Sep 12 2025 - 6:00pm,complete,2514,Eindhoven,ADO Den Haag,Jannick van der Laan,5,3.00,1.00,1.58,2.26,0,1,1,0,0,0,"","66",1,9,2,0,1,0,1,1,0,1,4,26,3,12,1,14,13,16,34,66,1.13,2.35,0.67,2.98,2.50,50,50,50,50,0,0,0,50,100,18.00,3.00,3.70,3.55,1.75,1.17,1.55,2.31,4.10,1.51,2.39,Jan Louwers Stadion
1757700000,Sep 12 2025 - 6:00pm,complete,7618,Emmen,Oss,Martin Perez,5,1.50,0.00,1.53,1.21,1,1,2,1,1,0,"27","90'7",2,6,1,0,2,0,0,1,1,1,19,13,5,4,14,9,22,24,50,50,2.07,1.77,1.94,1.51,4.25,75,75,75,75,50,50,100,50,75,11.00,3.50,1.57,3.90,4.50,1.14,1.65,2.55,4.75,1.72,2.05,N/A
1757700000,Sep 12 2025 - 6:00pm,complete,3600,MVV,Cambuur,Richard Martens,5,0.00,1.50,1.21,1.79,0,1,1,1,0,1,"","24",6,4,4,0,1,0,1,3,0,1,12,13,2,4,10,9,23,5,38,62,1.09,0.98,1.10,1.57,1.00,0,0,0,0,0,0,50,0,50,10.00,4.00,4.80,4.05,1.50,1.20,1.54,2.60,4.40,1.63,2.26,De Geusselt
1757700000,Sep 12 2025 - 6:00pm,complete,7672,Roda JC,Ajax II,Clay Ruperti,5,2.00,0.00,1.00,0.79,3,3,6,3,1,2,"22,50,80","43,90'4,12",5,6,2,1,1,0,2,1,1,0,17,21,7,8,10,13,12,12,41,59,1.71,1.82,1.96,2.29,2.50,25,50,25,25,25,25,50,25,75,12.00,3.00,1.60,3.90,4.33,1.14,1.57,2.50,4.20,1.61,2.17,Parkstad Limburg Stadion
1757700000,Sep 12 2025 - 6:00pm,complete,850,AZ II,Vitesse,Wouter Wiersma,5,0.00,0.00,0.74,1.53,4,0,4,1,1,0,"53,21,58,82","",5,5,3,0,4,0,2,1,2,2,19,7,9,1,10,6,13,10,65,35,1.49,0.00,2.16,0.79,1.50,25,25,25,25,25,25,50,0,25,5.00,1.50,1.19,6.89,10.82,1.06,1.30,2.00,2.75,1.95,1.94,AFAS Trainingscomplex
1757773800,Sep 13 2025 - 2:30pm,complete,4469,VVV,Helmond Sport,Ingmar Oostrom,5,1.50,0.50,1.37,0.53,2,1,3,1,1,0,"41,62","86",4,2,1,0,1,0,0,1,1,0,14,10,5,4,9,6,11,10,50,50,2.11,0.86,1.57,1.18,2.50,50,100,25,25,0,25,75,50,75,11.50,2.00,2.14,3.35,3.12,1.15,1.57,2.62,4.10,1.50,2.38,Seacon Stadion De Koel
1757959200,Sep 15 2025 - 6:00pm,complete,800,PSV II,Roda JC,Wouter Wiersma,6,3.00,1.50,1.58,1.89,0,1,1,0,0,0,"","59",9,3,2,0,2,0,1,1,1,1,18,10,5,3,13,7,15,10,52,48,1.57,1.34,1.82,1.22,3.25,75,75,75,75,0,25,100,75,75,7.50,1.00,2.41,3.70,2.56,1.13,1.44,2.02,3.33,1.37,3.05,Sportcomplex De Herdgang
1757959200,Sep 15 2025 - 6:00pm,complete,2840,Almere City,Eindhoven,Laurens Gerrets,6,0.00,2.00,1.74,0.89,5,0,5,3,3,0,"32,38,45'3,52,56","",10,4,2,0,2,1,0,2,3,0,28,14,13,5,15,9,9,10,57,43,2.11,1.32,3.10,1.49,2.00,25,25,25,25,25,25,25,25,75,9.50,2.50,1.41,4.40,5.90,1.20,1.62,2.47,4.35,1.78,2.01,Yanmar Stadion
1757959200,Sep 15 2025 - 6:00pm,complete,1800,Dordrecht,AZ II,Jannick van der Laan,6,1.50,0.00,1.21,1.37,1,1,2,2,1,1,"4","27",11,6,1,0,2,0,0,1,1,1,11,21,3,8,8,13,9,9,43,57,1.97,1.64,1.34,2.31,2.50,50,50,50,25,25,25,100,50,50,15.00,4.00,2.26,3.60,2.80,1.11,1.59,2.13,4.15,1.49,2.50,Riwal Hoogwerkers Stadion
1757959200,Sep 15 2025 - 6:00pm,complete,966,Ajax II,ADO Den Haag,Rick Sturm,6,2.00,2.00,1.05,2.26,1,3,4,2,0,2,"83","8,38,52",6,9,0,0,1,0,0,0,0,1,12,23,2,8,10,15,2,13,47,53,1.76,2.67,1.11,2.42,2.50,50,50,50,50,25,25,25,50,75,16.00,2.00,4.24,4.00,1.70,1.10,1.43,2.25,3.82,1.52,2.48,Sportpark De Toekomst 
1758045600,Sep 16 2025 - 6:00pm,complete,2900,MVV,Den Bosch,Stan Teuben,6,0.00,0.00,1.21,1.11,2,4,6,4,2,2,"24,41","58,30,90'2,45'1",12,8,2,0,1,0,0,2,0,1,18,22,3,9,15,13,9,6,45,55,1.09,0.49,1.68,2.40,2.50,50,50,50,50,0,0,75,50,75,8.00,7.00,2.63,3.50,2.45,1.13,1.60,2.39,4.33,1.49,2.48,De Geusselt
1758045600,Sep 16 2025 - 6:00pm,complete,1715,Oss,VVV,Kevin Puts,6,1.50,0.00,1.11,1.00,2,1,3,1,1,0,"40,58","66",5,11,3,0,3,0,1,2,1,2,9,17,4,3,5,14,19,17,43,57,1.32,1.29,1.19,1.81,4.00,50,100,100,75,25,50,100,100,100,11.50,4.50,2.57,3.50,2.55,1.13,1.54,2.51,4.80,1.49,2.40,Frans Heesen Stadion
1758045600,Sep 16 2025 - 6:00pm,complete,1267,Helmond Sport,Utrecht II,Joshua Kuipers,6,1.50,0.00,1.53,0.89,2,1,3,1,1,0,"8,72","70",6,4,2,0,0,0,0,2,0,0,9,15,4,3,5,12,23,7,48,52,1.48,1.71,1.17,1.47,2.50,50,75,50,25,0,25,75,50,100,11.00,2.50,1.67,3.80,4.20,1.22,1.67,2.70,5.00,1.72,2.11,SolarUnie Stadion
1758045600,Sep 16 2025 - 6:00pm,complete,3681,RKC Waalwijk,Vitesse,Clay Ruperti,6,2.00,0.00,1.63,1.53,1,1,2,1,1,0,"11","89",4,2,4,0,3,0,2,2,2,1,11,3,4,2,7,1,14,22,49,51,1.38,0.79,1.32,0.54,3.00,25,100,50,50,0,25,100,50,75,9.00,5.00,1.26,5.50,10.50,1.10,1.34,1.84,2.96,1.65,2.05,Mandemakers Stadion
1758304800,Sep 19 2025 - 6:00pm,complete,10120,ADO Den Haag,Almere City,N/A,7,3.00,1.50,2.42,1.32,2,1,3,2,2,0,"25,38","90'3",6,4,1,0,5,1,0,1,4,2,28,6,6,2,22,4,13,14,67,33,2.29,1.51,2.69,0.62,3.75,50,100,50,50,50,50,75,50,100,15.50,1.50,1.50,4.00,4.70,1.17,1.49,2.35,4.00,1.53,2.41,Cars Jeans Stadion
1758304800,Sep 19 2025 - 6:00pm,complete,2169,Eindhoven,Oss,N/A,7,2.00,0.33,1.58,1.21,3,4,7,4,2,2,"3,44,87","26,40,68,90'6",2,0,1,0,0,0,0,1,0,0,11,14,5,8,6,6,10,11,43,57,0.98,1.69,1.39,1.93,2.17,34,34,17,17,17,17,50,17,84,8.67,3.67,1.83,3.50,3.60,1.22,1.75,2.60,5.42,1.65,2.20,Jan Louwers Stadion
1758304800,Sep 19 2025 - 6:00pm,complete,7211,Emmen,Dordrecht,Martijn Vos,7,1.33,2.33,1.53,1.26,2,0,2,1,1,0,"13,84","",2,4,2,0,1,0,0,2,1,0,14,8,6,1,8,7,16,17,59,41,2.03,2.04,1.71,0.88,3.50,67,84,67,50,33,33,84,50,100,13.00,6.00,2.50,3.55,2.50,1.18,1.49,2.35,3.80,1.46,2.52,N/A
1758304800,Sep 19 2025 - 6:00pm,complete,7816,Roda JC,RKC Waalwijk,Stan Teuben,7,1.67,1.00,1.00,1.42,1,4,5,2,0,2,"73","43,39,54,66",4,4,1,0,0,0,1,0,0,0,14,12,4,7,10,5,12,6,62,38,1.79,1.18,1.59,1.49,2.50,33,50,33,33,33,33,50,17,84,10.00,3.66,2.05,3.72,3.29,1.14,1.53,2.39,4.33,1.69,2.40,Parkstad Limburg Stadion
1758304800,Sep 19 2025 - 6:00pm,complete,13800,Willem II,Ajax II,Ingmar Oostrom,7,1.50,0.33,1.79,0.79,1,0,1,0,0,0,"51","",8,3,1,0,0,0,0,1,0,0,11,13,3,2,8,11,13,9,49,51,1.64,1.97,1.41,1.44,3.50,59,75,59,34,34,34,75,59,100,10.83,2.00,1.60,4.30,4.20,1.15,1.47,2.25,3.60,1.51,2.37,Koning Willem II Stadion
1758391200,Sep 20 2025 - 6:00pm,complete,24539,Vitesse,Helmond Sport,Rob Dieperink,7,0.00,0.33,1.42,0.53,3,1,4,2,1,1,"64,15,82","6",3,6,3,0,3,0,1,2,1,2,12,13,4,3,8,10,10,20,38,62,0.00,0.97,1.19,1.42,1.17,34,50,17,0,0,17,34,34,34,4.67,1.00,6.00,4.85,1.45,1.15,1.53,2.30,3.72,1.67,2.11,GelreDome
1758465900,Sep 21 2025 - 2:45pm,complete,4570,VVV,MVV,Richard Martens,7,2.00,1.33,1.37,0.79,1,0,1,0,0,0,"90'1","",6,4,2,0,3,0,1,1,1,2,18,8,6,3,12,5,8,17,62,38,1.93,1.29,1.96,0.95,2.34,34,67,50,33,0,0,67,50,84,8.67,2.00,1.80,3.65,3.90,1.15,1.53,2.35,4.10,1.48,2.38,Seacon Stadion De Koel
1758564000,Sep 22 2025 - 6:00pm,complete,455,Utrecht II,Cambuur,Kevin Puts,7,2.33,2.00,1.53,1.79,2,4,6,4,1,3,"39,51","16,66,17,23",1,2,1,0,0,0,0,1,0,0,11,14,2,8,9,6,18,11,43,57,1.75,1.18,1.10,1.85,2.67,34,50,34,34,17,17,84,34,50,10.00,2.34,4.15,3.70,1.70,1.20,1.57,2.45,4.34,1.58,2.26,N/A
1758564000,Sep 22 2025 - 6:00pm,complete,778,PSV II,Den Bosch,Laurens Gerrets,7,2.00,1.50,1.58,1.11,3,0,3,2,2,0,"67,33,38","",6,10,2,0,2,0,0,2,1,1,12,14,5,3,7,11,11,14,49,51,1.65,1.45,1.38,1.46,3.50,67,67,67,67,25,25,84,67,84,11.50,3.50,2.12,3.70,2.67,1.06,1.40,2.02,3.26,1.34,3.07,Sportcomplex De Herdgang
1758564900,Sep 22 2025 - 6:15pm,complete,400,AZ II,De Graafschap,Joshua Kuipers,7,1.00,0.00,0.74,1.58,1,3,4,1,0,1,"59","43,74,47",3,9,1,0,2,0,1,0,1,1,9,20,2,7,7,13,11,15,56,44,1.72,1.68,1.14,2.10,2.17,17,34,34,34,17,17,50,17,84,14.00,4.00,2.22,3.95,2.55,1.11,1.38,1.94,2.93,1.33,3.00,AFAS Trainingscomplex
1758909600,Sep 26 2025 - 6:00pm,complete,N/A,Helmond Sport,Eindhoven,Kevin Puts,8,2.00,1.33,1.53,0.89,1,0,1,1,1,0,"30","",10,6,4,0,1,0,2,2,1,0,17,17,6,1,11,16,18,7,43,57,1.38,1.37,1.73,1.58,2.50,34,67,50,33,17,33,67,50,84,8.67,3.67,1.73,3.88,4.50,1.20,1.76,2.79,5.15,1.76,2.00,SolarUnie Stadion
1758909600,Sep 26 2025 - 6:00pm,complete,N/A,Cambuur,PSV II,Martijn Vos,8,2.33,3.00,2.32,1.37,5,3,8,4,3,1,"36,39,55,15,84","30,48,70",12,3,2,0,2,0,0,2,0,2,19,14,9,5,10,9,14,17,58,42,1.93,1.69,2.12,1.38,3.34,67,84,67,50,17,33,100,67,84,11.67,4.00,1.60,4.68,4.75,1.07,1.41,2.01,3.41,1.51,2.63,N/A
1758909600,Sep 26 2025 - 6:00pm,complete,N/A,Almere City,Utrecht II,Rick Sturm,8,1.00,0.00,1.74,0.89,4,0,4,1,1,0,"61,85,90'3,20","",11,2,0,0,0,0,0,0,0,0,17,5,10,0,7,5,8,4,45,55,2.44,1.63,2.03,0.67,3.17,50,67,67,34,34,34,67,67,100,13.00,2.34,1.44,4.33,5.00,1.17,1.44,2.23,4.09,1.63,2.17,Yanmar Stadion
1758909600,Sep 26 2025 - 6:00pm,complete,N/A,Den Bosch,AZ II,Richard Martens,8,2.33,0.33,1.58,1.37,2,3,5,3,2,1,"37,4","49,80,17",8,2,2,0,0,0,1,1,0,0,8,12,3,4,5,8,16,8,43,57,2.24,1.86,1.13,1.30,3.84,67,84,50,50,50,67,100,50,67,11.67,3.67,2.10,3.75,2.90,1.09,1.40,2.11,3.70,1.43,2.89,Stadion De Vliert
1758909600,Sep 26 2025 - 6:00pm,complete,N/A,Dordrecht,De Graafschap,Stan Teuben,8,1.33,1.50,1.21,1.58,1,1,2,1,0,1,"78","41",5,4,3,0,1,0,0,3,0,1,23,21,6,9,17,12,10,8,40,60,1.76,1.89,2.24,2.42,2.25,59,59,42,25,0,17,75,42,67,19.00,3.67,2.63,3.60,2.38,1.08,1.47,2.14,3.44,1.39,2.70,Riwal Hoogwerkers Stadion
1758909600,Sep 26 2025 - 6:00pm,complete,N/A,MVV,Emmen,Ruben Calluy,8,0.00,1.00,1.21,0.84,1,0,1,0,0,0,"90'5","",5,3,0,0,1,1,0,0,0,2,18,7,4,0,14,7,12,14,51,49,1.29,1.33,1.88,0.72,3.17,50,67,50,50,33,33,84,50,84,11.00,4.34,3.20,3.50,2.16,1.14,1.60,2.33,4.00,1.53,2.40,De Geusselt
1758909600,Sep 26 2025 - 6:00pm,complete,N/A,Ajax II,VVV,Niels Boel,8,1.33,0.00,1.05,1.00,2,4,6,2,1,1,"66,18","52,46,79,10",6,5,1,0,2,0,1,0,0,2,12,15,5,10,7,5,13,12,59,41,1.54,1.46,1.63,2.00,3.50,84,84,84,67,33,67,84,84,84,13.33,3.00,2.15,3.60,2.70,1.09,1.40,2.11,3.28,1.45,2.82,Sportpark De Toekomst 
1758909600,Sep 26 2025 - 6:00pm,complete,N/A,RKC Waalwijk,ADO Den Haag,Martin van den Kerkhof,8,1.67,2.33,1.63,2.26,1,3,4,2,1,1,"8","45'2,71,83",4,11,1,0,1,0,0,1,1,0,7,14,2,5,5,9,13,19,38,62,1.36,2.58,0.83,1.73,2.50,67,84,34,34,0,33,67,34,84,14.33,3.00,4.25,4.00,1.67,1.12,1.46,2.23,4.20,1.59,2.41,Mandemakers Stadion
1758910500,Sep 26 2025 - 6:15pm,complete,N/A,Oss,Roda JC,Joshua Kuipers,8,2.00,2.00,1.11,1.89,1,2,3,1,0,1,"75","30,90'4",5,4,2,0,1,0,0,2,1,0,17,8,5,3,12,5,14,21,53,47,1.27,1.30,1.87,0.94,3.17,50,84,84,50,0,17,84,84,100,8.00,3.67,3.25,3.60,2.14,1.22,1.74,2.79,4.75,1.59,2.41,Frans Heesen Stadion
1758983400,Sep 27 2025 - 2:30pm,complete,N/A,Vitesse,Willem II,Jeroen Manschot,8,3.00,1.25,1.42,1.79,1,2,3,1,0,1,"76","22,81",4,8,2,0,3,0,2,0,1,2,17,11,9,6,8,5,10,12,54,46,1.19,0.89,2.11,1.46,3.63,88,88,75,75,13,75,88,75,88,5.50,5.75,3.40,3.70,1.95,1.15,1.67,2.47,4.78,1.64,2.20,GelreDome
1759168800,Sep 29 2025 - 6:00pm,complete,N/A,Roda JC,Cambuur,Martin van den Kerkhof,9,1.25,2.25,1.00,1.79,1,1,2,2,1,1,"8","38",2,9,1,0,2,0,0,1,0,2,16,15,8,6,8,9,11,13,39,61,1.74,1.35,1.82,1.78,2.63,38,38,38,38,38,38,75,38,50,10.25,3.25,3.11,3.69,2.38,1.15,1.63,2.44,4.33,1.57,2.37,Parkstad Limburg Stadion
1759168800,Sep 29 2025 - 6:00pm,complete,N/A,RKC Waalwijk,Ajax II,Rick Sturm,9,1.25,0.25,1.63,0.79,2,1,3,1,1,0,"19,82","77",10,2,0,0,0,0,0,0,0,0,20,9,9,3,11,6,12,9,56,44,1.22,1.84,2.53,1.06,3.25,63,88,38,38,25,50,88,38,88,8.75,2.50,1.72,4.50,4.10,1.10,1.48,2.14,3.61,1.53,2.53,Mandemakers Stadion
1759168800,Sep 29 2025 - 6:00pm,complete,N/A,ADO Den Haag,Oss,Erwin Blank,9,3.00,1.00,2.42,1.21,5,1,6,5,4,1,"7,26,36,45'2,77","45",10,1,1,0,2,0,1,0,1,1,32,5,10,1,22,4,21,12,68,32,2.42,1.75,3.28,0.70,3.96,71,88,59,42,42,59,84,59,88,11.75,2.25,1.10,6.80,9.40,1.12,1.35,1.97,3.04,1.90,1.91,Cars Jeans Stadion
1759168800,Sep 29 2025 - 6:00pm,complete,650,PSV II,MVV,N/A,9,2.25,1.00,1.58,0.79,2,2,4,3,2,1,"24,38","34,67",6,5,1,0,2,0,0,1,0,2,18,15,3,7,15,8,7,9,58,42,1.58,1.21,1.77,1.72,1.88,13,38,38,25,0,13,50,25,75,9.75,2.75,1.68,4.15,3.90,1.08,1.35,2.04,3.26,1.42,2.80,Sportcomplex De Herdgang
1759168800,Sep 29 2025 - 6:00pm,complete,N/A,De Graafschap,Almere City,Richard Martens,9,1.00,1.00,1.74,1.32,3,2,5,4,3,1,"15,20,29","52,19",2,5,1,0,4,0,1,0,0,4,14,20,8,8,6,12,9,14,55,45,2.49,1.21,1.74,2.19,3.29,71,88,59,42,42,71,88,25,88,14.42,4.17,1.67,3.80,3.30,1.07,1.44,2.17,3.52,1.45,2.65,Stadion De Vijverberg
1759255200,Sep 30 2025 - 6:00pm,complete,N/A,Utrecht II,AZ II,Wouter Wiersma,9,1.75,1.00,1.53,1.37,0,0,0,0,0,0,"","",7,4,2,0,0,0,0,2,0,0,13,6,3,2,10,4,14,15,51,49,1.59,1.72,1.41,0.71,4.00,75,88,63,63,50,63,88,63,75,8.50,2.25,2.93,3.50,2.20,1.17,1.47,2.33,3.95,1.44,2.50,N/A
1759255200,Sep 30 2025 - 6:00pm,complete,N/A,VVV,Den Bosch,Wouter Wiersma,9,2.25,1.00,1.37,1.11,0,1,1,0,0,0,"","76",9,6,3,0,3,0,2,1,0,3,14,8,5,3,9,5,15,15,50,50,1.93,1.45,1.57,1.01,3.42,59,88,75,46,17,34,88,59,100,12.25,3.58,2.20,3.60,2.85,1.11,1.51,2.31,3.52,1.46,2.78,Seacon Stadion De Koel
1759255200,Sep 30 2025 - 6:00pm,complete,N/A,Eindhoven,Dordrecht,Laurens Gerrets,9,1.50,1.75,1.58,1.26,2,2,4,3,2,1,"30,45'3","2,86",7,9,4,0,1,0,0,4,0,1,9,28,4,9,5,19,10,14,47,53,1.08,1.75,1.13,2.78,2.75,25,50,38,25,25,25,50,38,100,10.25,5.25,2.98,3.70,2.12,1.20,1.62,2.58,4.30,1.55,2.43,Jan Louwers Stadion
1759255200,Sep 30 2025 - 6:00pm,complete,N/A,Willem II,Helmond Sport,Clay Ruperti,9,2.00,0.25,1.79,0.53,1,0,1,1,1,0,"44","",6,2,2,0,2,0,1,1,1,1,17,17,6,3,11,14,12,13,49,51,1.56,1.08,1.82,1.48,2.21,54,67,42,13,0,25,54,54,88,11.33,2.50,2.00,3.74,3.40,1.16,1.68,2.60,5.07,1.58,2.26,Koning Willem II Stadion
1759255200,Sep 30 2025 - 6:00pm,complete,N/A,Emmen,Vitesse,Kevin Puts,9,1.75,0.50,1.53,1.53,2,4,6,3,1,2,"32,90'3","34,39,61,90'7",8,1,3,0,3,0,1,2,1,2,18,12,4,7,14,5,16,13,63,37,1.95,0.67,1.89,1.49,3.13,63,100,50,50,13,13,100,38,100,7.75,5.25,1.63,4.45,4.48,1.13,1.55,2.33,3.80,1.61,2.28,N/A
1759514400,Oct 03 2025 - 6:00pm,complete,N/A,Den Bosch,RKC Waalwijk,Martin Perez,10,1.75,1.50,1.58,1.42,2,2,4,1,0,1,"66,83","16,67",11,13,0,0,3,0,0,0,2,1,10,16,3,7,7,9,11,8,56,44,1.96,1.26,1.25,1.73,4.13,63,88,63,63,63,63,88,50,100,10.25,2.75,1.96,3.60,2.66,1.12,1.49,2.33,4.00,1.44,2.50,Stadion De Vliert
1759514400,Oct 03 2025 - 6:00pm,complete,N/A,Dordrecht,VVV,Rob Dieperink,10,1.25,0.75,1.21,1.00,2,0,2,0,0,0,"59,74","",5,8,1,0,2,0,0,1,0,2,12,11,3,4,9,7,10,11,52,48,1.88,1.60,1.43,1.28,3.25,88,88,63,38,25,50,100,63,75,16.00,4.25,2.02,3.80,2.92,1.09,1.36,2.17,3.75,1.43,2.60,Riwal Hoogwerkers Stadion
1759514400,Oct 03 2025 - 6:00pm,complete,N/A,Ajax II,De Graafschap,Erwin Blank,10,1.00,1.33,1.05,1.58,2,2,4,2,1,1,"27,57","9,70",3,11,1,0,0,0,0,1,0,0,13,12,4,7,9,5,7,15,46,54,1.57,2.07,1.50,1.83,3.04,71,71,54,54,25,38,71,54,88,12.83,2.42,3.50,4.15,1.80,1.04,1.34,1.83,2.85,1.36,3.00,Sportpark De Toekomst 
1759514400,Oct 03 2025 - 6:00pm,complete,N/A,Oss,PSV II,Kevin Puts,10,1.50,2.25,1.11,1.37,1,1,2,1,1,0,"44","90'1",9,3,5,0,1,0,1,4,1,0,22,13,4,2,18,11,27,12,38,62,1.42,1.61,2.05,1.39,4.00,63,100,88,38,25,25,100,88,100,9.25,5.00,2.41,3.74,2.50,1.11,1.44,2.14,3.67,1.40,2.70,Frans Heesen Stadion
1759514400,Oct 03 2025 - 6:00pm,complete,N/A,Helmond Sport,Almere City,Robin Hensgens,10,2.25,0.75,1.53,1.32,2,1,3,1,1,0,"31,90'3","84",5,6,1,0,1,0,0,1,0,1,11,16,2,2,9,14,10,16,46,54,1.47,1.45,1.02,1.43,3.13,63,88,63,38,25,50,100,25,88,12.25,5.25,2.54,3.25,2.36,1.21,1.67,2.55,4.40,1.52,2.38,SolarUnie Stadion
1759514400,Oct 03 2025 - 6:00pm,complete,N/A,Willem II,Roda JC,Dennis Higler,10,2.25,2.25,1.79,1.89,1,2,3,2,1,1,"28","41,69",2,4,1,0,1,0,1,0,0,1,13,13,4,4,9,9,13,10,55,45,1.63,1.21,1.47,1.45,2.25,50,50,50,25,0,13,63,50,88,9.50,2.25,2.15,3.60,2.80,1.20,1.65,2.70,4.50,1.57,2.36,Koning Willem II Stadion
1759514400,Oct 03 2025 - 6:00pm,complete,N/A,AZ II,ADO Den Haag,Stan Teuben,10,0.75,2.50,0.74,2.26,0,4,4,1,0,1,"","8,64,72,90'3",3,4,3,0,2,0,1,2,2,0,5,12,3,8,2,4,19,13,54,46,1.57,2.37,0.78,1.59,3.38,63,75,75,75,13,38,75,63,88,15.00,2.75,5.50,5.13,1.46,1.13,1.40,2.00,3.40,1.53,2.30,AFAS Trainingscomplex
1759514400,Oct 03 2025 - 6:00pm,complete,N/A,Cambuur,Emmen,Marc Nagtegaal,10,2.50,0.75,2.32,0.84,3,2,5,2,1,1,"34,55,73","81,31",7,7,3,0,2,0,1,2,2,0,12,19,5,7,7,12,8,26,58,42,1.98,1.18,1.42,1.94,3.63,63,75,63,63,25,38,88,63,88,11.75,3.50,1.48,4.65,5.90,1.14,1.49,2.19,3.50,1.69,2.34,N/A
1759514400,Oct 03 2025 - 6:00pm,complete,4000,MVV,Eindhoven,N/A,10,0.75,1.00,1.21,0.89,3,1,4,2,2,0,"9,13,90'2","90'4",7,6,3,0,1,0,2,1,0,1,10,17,3,6,7,11,12,12,54,46,1.44,1.43,1.18,1.78,2.00,13,25,25,25,25,25,50,25,63,10.50,3.75,2.05,3.61,2.88,1.20,1.54,2.42,4.64,1.57,2.37,De Geusselt
1759514400,Oct 03 2025 - 6:00pm,complete,N/A,Vitesse,Utrecht II,Laurens Gerrets,10,1.50,0.00,1.42,0.89,2,0,2,1,1,0,"10,52","",3,7,3,0,3,0,2,1,2,1,10,7,3,3,7,4,18,18,48,52,1.65,1.39,1.03,0.93,3.13,75,88,88,38,0,25,88,88,100,7.75,3.00,2.30,3.65,2.65,1.17,1.66,2.52,5.00,1.52,2.45,GelreDome
1759773600,Oct 06 2025 - 6:00pm,complete,15465,Vitesse,Den Bosch,Joey Kooij,2,2.00,1.50,1.42,1.11,1,2,3,2,0,2,"88","33,35",11,2,1,0,5,0,1,0,3,2,24,9,9,7,15,2,9,25,62,38,1.44,1.34,2.54,1.30,3.25,59,88,71,42,13,42,88,59,100,10.08,5.17,2.54,3.45,2.18,1.12,1.50,2.23,3.80,1.44,2.60,GelreDome
1760120100,Oct 10 2025 - 6:15pm,complete,N/A,Almere City,Vitesse,Martin van den Kerkhof,1,1.50,1.33,1.74,1.53,2,2,4,0,0,0,"71,82","86,90'4",10,3,1,0,2,0,0,1,1,1,18,14,6,5,12,9,15,11,57,43,2.34,0.94,1.98,1.50,4.00,46,88,71,71,42,42,88,71,100,11.42,4.58,1.49,4.55,6.40,1.13,1.41,2.09,3.50,1.57,2.28,Yanmar Stadion
1760201100,Oct 11 2025 - 4:45pm,complete,N/A,Emmen,Eindhoven,Stan Teuben,12,1.40,0.80,1.53,0.89,6,0,6,1,1,0,"15,53,62,74,84,90'2","",8,3,1,0,5,0,0,1,2,3,16,5,9,1,7,4,14,14,62,38,1.93,1.50,1.96,0.60,3.00,50,70,50,50,30,40,80,40,80,9.20,3.60,1.57,4.10,4.90,1.17,1.53,2.38,4.00,1.57,2.25,N/A
1760209200,Oct 11 2025 - 7:00pm,complete,N/A,Cambuur,De Graafschap,Sander van der Eijk,12,2.60,1.25,2.32,1.58,2,0,2,1,1,0,"45'1,87","",9,1,2,0,3,1,1,1,3,1,22,7,11,3,11,4,11,21,71,29,1.87,2.01,2.89,0.78,3.58,78,78,65,65,20,43,88,65,90,16.25,3.05,1.97,3.80,3.20,1.10,1.36,1.91,3.10,1.36,2.90,N/A
1760718600,Oct 17 2025 - 4:30pm,complete,N/A,RKC Waalwijk,Willem II,Ingmar Oostrom,11,1.60,1.60,1.63,1.79,2,3,5,1,0,1,"90'4,80","27,48,78",8,6,0,0,0,0,0,0,0,0,25,12,7,4,18,8,8,11,56,44,1.49,1.00,2.59,1.33,2.90,80,90,50,30,10,40,90,50,80,8.80,4.20,2.15,3.45,2.90,1.19,1.60,2.52,4.20,1.49,2.44,Mandemakers Stadion
1760724000,Oct 17 2025 - 6:00pm,complete,N/A,ADO Den Haag,Dordrecht,Bas Nijhuis,11,3.00,1.60,2.42,1.26,3,0,3,0,0,0,"49,57,90'3","",4,3,0,0,2,0,0,0,1,1,18,10,13,3,5,7,16,13,60,40,2.64,1.96,2.44,1.03,3.73,58,90,68,45,35,58,78,45,100,15.90,4.00,1.20,5.75,9.00,1.08,1.38,1.97,3.25,1.74,1.98,Cars Jeans Stadion
1760724000,Oct 17 2025 - 6:00pm,complete,N/A,Utrecht II,MVV,Kevin Puts,11,1.60,1.00,1.53,0.79,3,1,4,3,2,1,"9,20,52","18",3,7,0,0,2,0,0,0,1,1,16,19,6,9,10,10,11,13,37,63,1.55,1.31,1.64,2.30,2.90,40,60,50,50,20,30,50,40,80,8.40,2.60,2.20,3.40,2.80,1.17,1.68,2.52,4.45,1.57,2.30,N/A
1760724000,Oct 17 2025 - 6:00pm,complete,N/A,Almere City,Cambuur,Jannick van der Laan,11,1.40,2.00,1.74,1.79,1,1,2,0,0,0,"55","70",4,10,2,0,2,0,2,0,1,1,10,22,4,9,6,13,18,8,36,64,2.27,1.43,1.13,2.55,3.10,40,60,50,50,30,40,80,50,60,14.40,2.60,2.30,3.50,2.50,1.16,1.46,2.25,3.96,1.43,2.63,Yanmar Stadion
1760724000,Oct 17 2025 - 6:00pm,complete,N/A,Helmond Sport,AZ II,Wouter Wiersma,11,2.40,1.00,1.53,1.37,4,2,6,3,1,2,"34,56,51,58","17,43",3,5,1,0,1,0,0,1,0,1,12,16,6,7,6,9,11,14,54,46,1.38,1.52,1.48,1.77,2.60,60,70,50,30,20,40,90,50,60,11.00,3.20,2.14,3.80,2.90,1.16,1.61,2.46,4.30,1.53,2.34,SolarUnie Stadion
1760724000,Oct 17 2025 - 6:00pm,complete,N/A,Ajax II,PSV II,Boyd van Kommer,11,1.00,2.00,1.05,1.37,2,2,4,1,0,1,"90'2,54","22,77",8,5,2,0,3,0,0,2,1,2,21,20,9,8,12,12,12,14,56,44,1.55,1.57,2.54,2.39,4.00,80,90,70,60,40,60,90,70,90,9.00,3.00,2.33,3.75,2.49,1.10,1.36,1.83,2.81,1.30,3.21,Sportpark De Toekomst 
1760724000,Oct 17 2025 - 6:00pm,complete,N/A,VVV,Emmen,Erwin Blank,11,1.80,0.60,1.37,0.84,4,0,4,0,0,0,"49,71,58,85","",2,8,1,0,1,0,0,1,1,0,14,15,7,3,7,12,10,5,32,68,1.86,1.33,1.52,1.71,2.80,50,70,50,40,20,20,70,50,100,10.20,3.60,2.34,3.70,2.49,1.15,1.50,2.20,3.42,1.41,2.62,Seacon Stadion De Koel
1760724000,Oct 17 2025 - 6:00pm,complete,N/A,Roda JC,Den Bosch,Martijn Vos,11,1.20,1.80,1.00,1.11,6,0,6,4,4,0,"17,21,32,42,63,69","",8,5,2,0,3,0,1,1,1,2,15,9,7,3,8,6,10,14,59,41,1.76,1.33,1.66,0.99,3.10,60,70,60,40,30,60,70,40,80,10.80,4.80,1.90,3.60,3.56,1.15,1.58,2.40,4.00,1.55,2.28,Parkstad Limburg Stadion
1760724000,Oct 17 2025 - 6:00pm,complete,N/A,Eindhoven,Vitesse,Clay Ruperti,11,1.40,1.25,1.58,1.53,0,4,4,1,0,1,"","33,55,87,63",2,1,3,0,2,0,1,2,0,2,11,9,2,4,9,5,13,13,44,56,1.09,1.08,1.03,1.10,3.40,58,70,58,58,23,33,58,48,100,6.75,5.20,2.50,3.60,2.62,1.22,1.62,2.70,4.50,1.52,2.37,Jan Louwers Stadion
1760797800,Oct 18 2025 - 2:30pm,complete,N/A,De Graafschap,Oss,Allard Lindhout,11,1.40,0.80,1.74,1.21,1,1,2,1,0,1,"58","3",19,2,1,0,0,0,0,1,0,0,30,16,10,3,20,13,12,14,68,32,2.34,1.54,3.19,1.60,4.10,80,80,60,60,60,70,90,40,80,10.60,2.80,1.37,4.75,6.00,1.06,1.32,1.86,3.10,1.50,2.42,Stadion De Vijverberg
1760983200,Oct 20 2025 - 6:00pm,complete,N/A,PSV II,ADO Den Haag,Rick Sturm,12,2.00,2.60,1.58,2.26,0,3,3,1,0,1,"","29,47,80",2,4,3,0,3,0,0,3,2,1,11,21,1,7,10,14,11,13,45,55,1.62,2.21,0.96,2.30,3.00,50,70,70,60,0,40,70,50,90,15.20,2.40,5.80,4.75,1.32,1.04,1.33,1.81,2.88,1.46,2.65,Sportcomplex De Herdgang
1760983200,Oct 20 2025 - 6:00pm,complete,N/A,AZ II,Willem II,Laurens Gerrets,12,0.60,1.83,0.74,1.79,4,0,4,2,2,0,"4,34,67,87","",4,5,2,0,1,0,0,2,0,1,15,11,7,6,8,5,10,8,52,48,1.41,1.06,1.67,1.44,3.55,62,82,74,65,27,27,92,64,82,8.20,4.33,2.74,3.60,2.05,1.16,1.52,2.29,3.86,1.46,2.68,AFAS Trainingscomplex
1760983200,Oct 20 2025 - 6:00pm,complete,N/A,Dordrecht,RKC Waalwijk,Stan Teuben,12,1.60,1.40,1.21,1.42,1,2,3,1,1,0,"2","73,84",5,7,1,0,3,0,0,1,2,1,7,17,2,6,5,11,14,17,49,51,1.79,1.35,0.78,1.90,2.70,60,80,40,30,20,30,80,40,80,13.60,3.20,2.07,3.82,2.83,1.09,1.42,2.16,3.42,1.40,2.73,Riwal Hoogwerkers Stadion
1760983200,Oct 20 2025 - 6:00pm,complete,N/A,Roda JC,Almere City,Martin Perez,12,1.50,0.60,1.00,1.32,2,0,2,0,0,0,"66,90'4","",7,9,1,0,1,0,0,1,0,1,14,15,6,3,8,12,3,14,58,42,1.74,1.45,1.74,1.44,3.47,65,84,65,45,45,64,84,35,84,11.10,4.43,2.13,3.88,2.90,1.18,1.57,2.44,4.28,1.49,2.58,Parkstad Limburg Stadion
1761069600,Oct 21 2025 - 6:00pm,complete,N/A,Oss,Ajax II,Joshua Kuipers,12,1.40,0.20,1.11,0.79,1,1,2,1,1,0,"12","74",7,4,1,0,3,0,1,0,2,1,15,10,3,3,12,7,13,23,47,53,1.55,1.68,1.62,1.20,3.40,60,90,70,30,20,20,90,70,100,10.00,3.60,1.87,3.95,3.45,1.13,1.41,2.16,3.50,1.48,2.62,Frans Heesen Stadion
1761069600,Oct 21 2025 - 6:00pm,complete,N/A,Den Bosch,Helmond Sport,Erwin Blank,12,1.60,0.20,1.58,0.53,1,0,1,0,0,0,"73","",6,7,1,0,0,0,0,1,0,0,9,14,5,2,4,12,10,11,44,56,1.82,1.16,1.25,1.37,3.60,70,90,60,50,30,50,90,70,80,11.80,3.00,2.31,3.60,2.80,1.14,1.63,2.55,4.67,1.48,2.51,Stadion De Vliert
1761069600,Oct 21 2025 - 6:00pm,complete,N/A,VVV,Utrecht II,Niels Boel,12,2.00,0.00,1.37,0.89,0,1,1,1,0,1,"","8",6,5,1,0,2,0,1,0,2,0,13,8,4,1,9,7,10,9,58,42,1.80,1.30,1.58,0.82,2.55,37,74,55,27,0,0,65,55,100,10.13,2.50,1.65,3.95,4.37,1.12,1.44,2.28,3.74,1.50,2.42,Seacon Stadion De Koel
1761069600,Oct 21 2025 - 6:00pm,complete,N/A,MVV,Vitesse,Richard Martens,12,1.20,1.60,1.21,1.53,3,2,5,1,1,0,"3,49,69","82,86",2,5,0,0,1,0,0,0,1,0,8,22,4,10,4,12,9,16,40,60,1.39,1.08,1.12,2.57,3.30,50,70,60,60,20,30,70,60,90,9.20,5.00,2.42,3.70,2.90,1.22,1.66,2.52,4.75,1.53,2.39,De Geusselt
1761328800,Oct 24 2025 - 6:00pm,complete,N/A,Helmond Sport,Dordrecht,Martijn Vos,13,2.50,1.33,1.53,1.26,1,2,3,1,1,0,"26","79,75",11,5,2,0,4,0,1,1,2,2,10,10,3,4,7,6,13,18,52,48,1.39,1.80,1.22,1.15,3.17,50,83,67,33,17,33,84,59,92,12.50,4.66,2.15,3.78,2.99,1.11,1.46,2.23,3.85,1.45,2.83,SolarUnie Stadion
1761328800,Oct 24 2025 - 6:00pm,complete,N/A,RKC Waalwijk,Cambuur,Robin Hensgens,13,1.33,1.83,1.63,1.79,4,2,6,2,2,0,"43,40,74,90'2","56,67",1,6,1,0,0,0,1,0,0,0,16,12,8,5,8,7,15,7,45,55,1.67,1.62,1.87,1.55,2.59,67,75,34,25,17,33,92,42,58,11.84,2.67,3.00,3.99,2.18,1.10,1.51,2.23,3.58,1.48,2.70,Mandemakers Stadion
1761328800,Oct 24 2025 - 6:00pm,complete,N/A,Ajax II,Emmen,Niels Boel,13,1.00,0.50,1.05,0.84,0,1,1,0,0,0,"","81",4,6,3,0,1,0,1,2,0,1,8,19,3,7,5,12,9,12,50,50,1.72,1.39,1.05,2.19,3.67,67,83,75,75,33,50,75,75,92,10.33,2.83,2.70,3.80,2.26,1.07,1.35,1.98,3.08,1.33,2.88,Sportpark De Toekomst 
1761328800,Oct 24 2025 - 6:00pm,complete,N/A,De Graafschap,PSV II,Clay Ruperti,13,1.33,1.83,1.74,1.37,3,2,5,0,0,0,"59,77,87","57,53",7,5,1,0,0,0,0,1,0,0,38,26,15,9,23,17,15,5,52,48,2.48,1.70,3.83,2.71,3.75,83,92,59,50,42,50,92,50,92,13.50,3.66,1.46,4.60,4.74,1.04,1.28,1.73,2.49,1.36,3.05,Stadion De Vijverberg
1761328800,Oct 24 2025 - 6:00pm,complete,N/A,Eindhoven,VVV,Teun van der Velden,13,1.17,0.60,1.58,1.00,0,1,1,0,0,0,"","74",7,4,2,0,1,0,1,1,0,1,12,12,3,2,9,10,12,11,48,52,1.08,1.53,1.26,1.18,3.50,57,75,65,55,29,47,65,67,100,11.07,4.53,2.95,3.50,2.14,1.11,1.58,2.32,4.20,1.50,2.45,Jan Louwers Stadion
1761328800,Oct 24 2025 - 6:00pm,complete,N/A,Almere City,AZ II,Rick Sturm,13,1.33,0.83,1.74,1.37,1,3,4,2,1,1,"41","22,49,60",11,2,1,0,1,0,0,1,0,1,18,11,7,6,11,5,6,7,54,46,2.08,1.56,2.05,1.32,3.42,59,75,59,59,42,50,67,67,75,12.84,2.50,1.75,4.20,4.18,1.10,1.42,2.15,3.34,1.50,2.50,Yanmar Stadion
1761328800,Oct 24 2025 - 6:00pm,complete,N/A,Utrecht II,Oss,Boyd van Kommer,13,1.83,0.83,1.53,1.21,0,0,0,0,0,0,"","",4,3,1,0,2,1,0,1,1,2,20,7,6,2,14,5,19,17,63,37,1.57,1.55,2.05,0.85,4.00,75,83,59,59,42,50,84,42,83,7.17,2.00,2.44,3.50,2.70,1.16,1.57,2.49,5.00,1.55,2.37,N/A
1761328800,Oct 24 2025 - 6:00pm,complete,N/A,Vitesse,Roda JC,Stan Teuben,13,1.50,2.40,1.42,1.89,2,2,4,3,2,1,"9,38","27,83",2,2,1,0,3,0,0,1,0,3,11,12,4,6,7,6,19,14,36,64,1.72,1.26,1.19,1.45,3.00,78,90,78,33,0,45,90,55,100,8.65,3.25,2.80,3.40,2.30,1.20,1.70,2.66,5.28,1.62,2.18,GelreDome
1761402600,Oct 25 2025 - 2:30pm,complete,N/A,ADO Den Haag,Den Bosch,Alex Bos,13,3.00,1.50,2.42,1.11,2,1,3,2,2,0,"15,33","53",11,4,0,0,1,0,0,0,0,1,20,7,6,3,14,4,12,6,69,31,2.60,1.28,2.23,0.86,3.92,55,92,82,45,37,64,72,55,100,13.27,3.80,1.18,7.00,12.00,1.10,1.33,1.86,2.88,1.76,2.04,Cars Jeans Stadion
1761485400,Oct 26 2025 - 1:30pm,complete,N/A,Willem II,MVV,Sander van der Eijk,13,1.80,0.83,1.79,0.79,2,2,4,2,1,1,"45'3,52","65,4",5,4,1,0,2,0,0,1,1,1,22,9,10,5,12,4,4,11,70,30,1.60,1.48,2.74,1.12,2.07,37,45,45,25,0,27,55,19,82,9.90,2.87,1.55,4.20,5.05,1.15,1.52,2.27,3.60,1.60,2.30,Koning Willem II Stadion
1761937200,Oct 31 2025 - 7:00pm,complete,N/A,Den Bosch,De Graafschap,Robin Hensgens,14,1.83,1.00,1.58,1.58,1,2,3,2,1,1,"45","40,90'2",4,8,1,0,3,0,1,0,1,2,20,13,5,4,15,9,14,13,45,55,1.73,1.76,1.95,1.52,3.39,64,82,54,54,25,35,82,54,100,13.97,3.33,2.80,3.70,2.15,1.10,1.36,1.85,2.81,1.31,3.00,Stadion De Vliert
1761937200,Oct 31 2025 - 7:00pm,complete,N/A,Oss,Helmond Sport,Stan Teuben,14,1.33,0.17,1.11,0.53,0,3,3,1,0,1,"","5,81,90'5",1,5,2,0,2,0,0,2,1,1,9,14,1,7,8,7,12,21,54,46,1.56,1.20,1.03,1.80,2.50,59,84,50,17,0,17,84,59,84,10.83,4.00,2.59,3.62,2.84,1.17,1.67,2.60,4.88,1.58,2.30,Frans Heesen Stadion
1761937200,Oct 31 2025 - 7:00pm,complete,N/A,VVV,Vitesse,Wouter Wiersma,14,1.71,1.33,1.37,1.53,1,2,3,1,0,1,"89","35,60",7,2,4,1,1,0,1,4,1,0,20,15,7,6,13,9,15,12,55,45,1.77,1.33,2.15,1.53,3.23,48,79,63,56,17,9,70,63,93,8.26,3.93,2.31,3.25,2.96,1.20,1.57,2.43,4.25,1.56,2.48,Seacon Stadion De Koel
1762011000,Nov 01 2025 - 3:30pm,complete,N/A,Roda JC,Utrecht II,Richard Martens,14,1.71,0.50,1.00,0.89,1,1,2,0,0,0,"56","78",5,2,0,0,1,0,0,0,0,1,13,10,5,3,8,7,9,12,59,41,1.74,1.22,1.57,1.20,2.74,38,69,47,30,22,29,70,54,77,10.54,2.88,1.57,4.35,6.20,1.18,1.57,2.35,4.50,1.60,2.25,Parkstad Limburg Stadion
1762023600,Nov 01 2025 - 7:00pm,complete,N/A,Cambuur,Ajax II,Laurens Gerrets,14,2.67,0.33,2.32,0.79,4,1,5,3,2,1,"8,23,66,90'3","10",2,2,0,0,2,0,0,0,1,1,10,14,6,3,4,11,3,17,51,49,2.04,1.60,1.49,1.44,3.75,67,83,59,50,33,42,92,59,92,12.34,2.83,1.28,5.50,7.25,1.06,1.29,1.85,3.05,1.50,2.40,N/A
1762090200,Nov 02 2025 - 1:30pm,complete,N/A,Emmen,RKC Waalwijk,Rob Dieperink,14,1.67,1.67,1.53,1.42,2,2,4,3,1,2,"22,90'1","41,37",5,7,1,0,2,0,1,0,1,1,8,19,5,11,3,8,10,13,60,40,1.94,1.44,1.30,2.25,3.75,67,92,67,59,42,33,92,50,100,11.33,3.50,2.25,3.60,2.62,1.15,1.47,2.25,3.58,1.44,2.60,N/A
1762098300,Nov 02 2025 - 3:45pm,complete,N/A,MVV,ADO Den Haag,Jeroen Manschot,14,1.50,2.67,1.21,2.26,3,4,7,2,0,2,"70,89,87","27,32,60,84",0,7,0,0,3,0,0,0,1,2,5,30,3,8,2,22,6,17,33,67,1.34,2.23,0.62,3.00,3.17,50,67,67,59,17,33,67,67,92,14.33,3.33,9.25,5.80,1.17,1.08,1.27,1.79,2.60,1.62,2.16,De Geusselt
1762196400,Nov 03 2025 - 7:00pm,complete,N/A,AZ II,Eindhoven,Joshua Kuipers,14,1.00,0.67,0.74,0.89,0,2,2,0,0,0,"","52,72",5,6,2,0,1,0,0,2,1,0,7,9,2,2,5,7,15,10,65,35,1.46,1.35,0.91,1.01,3.25,25,67,67,67,25,33,84,59,75,8.17,4.17,1.53,4.00,4.75,1.11,1.48,2.38,4.19,1.56,2.25,AFAS Trainingscomplex
1762196400,Nov 03 2025 - 7:00pm,complete,N/A,PSV II,Willem II,Kevin Puts,14,1.67,1.57,1.58,1.79,2,1,3,3,2,1,"42,4","35",8,7,1,0,1,0,0,1,1,0,24,18,12,6,12,12,10,10,50,50,1.51,1.11,2.79,1.86,3.12,52,77,69,45,15,38,85,52,85,9.47,3.64,2.53,3.92,2.20,1.11,1.38,1.96,3.00,1.36,2.93,Sportcomplex De Herdgang
1762196400,Nov 03 2025 - 7:00pm,complete,N/A,Dordrecht,Almere City,Erwin Blank,14,1.33,0.50,1.21,1.32,0,1,1,0,0,0,"","77",8,8,1,0,1,0,0,1,0,1,20,17,5,5,15,12,10,13,58,42,1.62,1.45,1.96,1.73,2.75,67,92,50,17,17,34,83,42,84,13.67,4.00,2.37,3.50,2.60,1.10,1.50,2.27,3.80,1.45,2.50,Riwal Hoogwerkers Stadion
1762542000,Nov 07 2025 - 7:00pm,complete,N/A,Willem II,Oss,Robin Hensgens,15,1.67,0.86,1.79,1.21,1,1,2,0,0,0,"90'5","62",14,0,3,0,0,0,2,1,0,0,28,11,8,3,20,8,17,10,65,35,1.79,1.45,2.94,1.18,2.87,61,61,47,30,22,38,77,31,77,8.33,2.60,1.65,4.00,4.60,1.14,1.53,2.56,3.94,1.64,2.31,Koning Willem II Stadion
1762542000,Nov 07 2025 - 7:00pm,complete,2609,Eindhoven,Den Bosch,N/A,15,1.00,1.29,1.58,1.11,1,3,4,2,0,2,"85","3,5,77",3,10,1,0,0,0,1,0,0,0,12,16,5,6,7,10,15,10,47,53,1.11,1.22,1.38,1.76,3.21,43,65,65,43,22,50,65,36,100,9.57,5.00,2.65,3.50,2.30,1.18,1.57,2.45,4.05,1.50,2.40,Jan Louwers Stadion
1762542000,Nov 07 2025 - 7:00pm,complete,3142,Almere City,MVV,N/A,15,1.14,0.86,1.74,0.79,4,0,4,2,2,0,"9,34,78,90","",6,4,1,0,0,0,0,1,0,0,25,14,9,4,16,10,8,6,44,56,2.07,1.43,2.44,1.58,3.14,50,72,64,64,15,43,57,58,93,13.00,3.00,1.44,4.45,5.50,1.07,2.01,2.13,3.50,1.54,2.32,Yanmar Stadion
1762542000,Nov 07 2025 - 7:00pm,complete,N/A,AZ II,VVV,Boyd van Kommer,15,0.86,1.00,0.74,1.00,0,2,2,1,0,1,"","3,90'1",3,1,2,0,1,0,2,0,0,1,14,13,2,3,12,10,19,19,58,42,1.38,1.47,1.38,1.33,3.47,48,85,69,61,24,40,77,77,93,11.12,4.00,1.93,3.70,3.10,1.11,1.44,2.10,3.45,1.40,2.68,AFAS Trainingscomplex
1762542000,Nov 07 2025 - 7:00pm,complete,N/A,Ajax II,Dordrecht,Rick Sturm,15,0.86,1.57,1.05,1.26,0,0,0,0,0,0,"","",7,5,4,0,4,0,1,3,0,4,11,14,2,1,9,13,16,17,58,42,1.62,1.71,1.15,1.24,3.29,57,79,71,50,22,43,71,64,93,11.72,4.29,2.80,3.60,2.10,1.08,1.36,2.06,3.08,1.41,2.91,Sportpark De Toekomst 
1762542000,Nov 07 2025 - 7:00pm,complete,N/A,Utrecht II,Emmen,Joshua Kuipers,15,1.71,0.86,1.53,0.84,1,2,3,1,1,0,"14","69,75",6,7,1,0,0,0,1,0,0,0,12,17,5,5,7,12,10,14,42,58,1.64,1.51,1.38,1.82,3.22,50,71,57,57,29,36,57,50,86,9.14,2.57,2.93,3.40,2.20,1.13,1.62,2.55,4.25,1.50,2.33,N/A
1762542000,Nov 07 2025 - 7:00pm,complete,N/A,Vitesse,Cambuur,Bas Nijhuis,15,1.40,1.57,1.42,1.79,0,4,4,3,0,3,"","21,43,79,45'1",3,2,4,0,2,0,0,4,0,2,16,13,7,7,9,6,12,18,44,56,1.61,1.61,1.80,1.47,2.96,69,79,55,35,15,52,93,42,72,10.74,3.29,3.05,3.68,1.99,1.12,1.50,2.40,4.05,1.55,2.47,GelreDome
1762542900,Nov 07 2025 - 7:15pm,complete,N/A,ADO Den Haag,Roda JC,Martin van den Kerkhof,15,3.00,2.17,2.42,1.89,4,0,4,2,2,0,"22,45'1,59,71","",4,8,0,0,0,0,0,0,0,0,20,12,8,2,12,10,17,6,51,49,2.54,1.29,2.09,1.20,3.50,75,92,83,42,17,59,75,50,100,11.34,2.00,1.31,4.80,8.27,1.14,1.42,2.15,3.50,1.68,2.06,Cars Jeans Stadion
1762615800,Nov 08 2025 - 3:30pm,complete,N/A,Helmond Sport,PSV II,Wouter Wiersma,15,2.14,1.57,1.53,1.37,2,3,5,2,0,2,"83,46","12,30,54",13,3,1,0,4,0,1,0,2,2,19,12,6,7,13,5,12,11,60,40,1.37,1.85,2.09,1.52,3.72,79,93,71,43,29,29,93,71,93,10.86,3.86,1.84,4.10,3.40,1.08,1.36,1.94,3.30,1.39,3.11,SolarUnie Stadion
1762703100,Nov 09 2025 - 3:45pm,complete,N/A,RKC Waalwijk,De Graafschap,Alex Bos,15,1.57,1.33,1.63,1.58,1,4,5,3,0,3,"90","3,34,44,90'1",11,5,2,0,1,0,0,2,0,1,24,18,9,8,15,10,8,9,63,37,1.70,1.72,2.66,2.01,3.05,77,92,54,38,15,38,92,45,93,12.00,3.31,2.10,3.60,3.05,1.11,1.28,1.88,3.00,1.30,3.20,Mandemakers Stadion
1763228700,Nov 15 2025 - 5:45pm,complete,N/A,Eindhoven,Cambuur,Rick Sturm,17,0.88,1.75,1.58,1.79,3,3,6,3,2,1,"35,39,86","73,90'5,45",2,6,4,0,0,0,1,3,0,0,12,19,5,8,7,11,22,7,31,69,1.14,1.59,1.36,2.07,2.88,44,57,44,44,19,44,69,38,75,9.63,3.51,5.00,4.20,1.53,1.14,1.65,2.40,4.50,1.72,2.06,Jan Louwers Stadion
1763236800,Nov 15 2025 - 8:00pm,complete,13750,Willem II,Emmen,N/A,17,1.57,1.13,1.79,0.84,1,1,2,0,0,0,"51","84",2,7,1,0,2,0,0,1,0,2,19,10,7,2,12,8,10,13,48,52,1.95,1.55,2.02,1.20,2.64,54,66,53,32,13,27,60,53,93,11.82,2.93,1.93,3.90,3.20,1.10,1.50,2.25,3.74,1.44,2.66,Koning Willem II Stadion
1763751600,Nov 21 2025 - 7:00pm,complete,N/A,Den Bosch,Almere City,Richard Martens,16,1.57,0.86,1.58,1.32,5,2,7,2,1,1,"16,70,90'1,87,83","37,50",4,3,1,0,0,1,1,0,0,1,18,9,9,6,9,3,2,12,57,43,1.76,1.49,3.05,1.77,3.50,64,86,64,43,36,50,79,43,100,13.14,3.43,2.40,3.60,2.63,1.10,1.44,2.25,4.00,1.41,2.50,Stadion De Vliert
1763751600,Nov 21 2025 - 7:00pm,complete,N/A,Ajax II,Eindhoven,Clay Ruperti,16,0.88,1.00,1.05,0.89,1,3,4,1,0,1,"53","6,59,75",6,6,2,0,0,0,0,2,0,0,12,16,5,6,7,10,5,16,63,37,1.56,1.30,1.59,1.79,2.86,39,60,53,53,27,40,60,60,73,9.79,3.63,2.15,3.50,2.90,1.21,1.70,3.00,5.50,1.62,2.18,Sportpark De Toekomst 
1763751600,Nov 21 2025 - 7:00pm,complete,N/A,De Graafschap,Helmond Sport,Rob Dieperink,16,1.57,0.57,1.74,0.53,3,1,4,1,1,0,"7,57,62","67",7,12,0,0,0,0,0,0,0,0,21,16,9,3,12,13,10,9,48,52,2.67,1.28,2.78,2.13,2.93,65,79,50,36,29,43,71,50,79,13.86,2.72,1.83,3.98,3.35,1.10,1.30,1.85,2.88,1.32,3.20,Stadion De Vijverberg
1763751600,Nov 21 2025 - 7:00pm,complete,N/A,MVV,AZ II,Kevin Puts,16,1.29,1.14,1.21,1.37,1,3,4,2,1,1,"5","11,62,59",3,4,1,0,1,0,0,1,0,1,7,16,3,7,4,9,4,12,43,57,1.24,1.53,0.89,1.84,3.43,64,64,57,57,43,57,79,57,72,9.43,2.71,2.55,3.55,2.50,1.15,1.44,2.14,3.60,1.40,2.89,De Geusselt
1763751600,Nov 21 2025 - 7:00pm,complete,N/A,PSV II,Utrecht II,Boyd van Kommer,16,1.86,0.57,1.58,0.89,3,3,6,2,2,0,"12,33,46","56,61,90",4,6,1,0,1,0,0,1,0,1,10,21,5,9,5,12,12,13,56,44,1.69,1.22,1.74,2.74,2.50,43,71,57,22,0,22,79,43,79,10.14,2.57,1.73,4.40,3.70,1.06,1.35,1.99,2.88,1.44,2.85,Sportcomplex De Herdgang
1763751600,Nov 21 2025 - 7:00pm,complete,N/A,VVV,Willem II,Ingmar Oostrom,16,1.50,1.38,1.37,1.79,0,2,2,1,0,1,"","1,53",7,5,2,0,0,0,0,2,0,0,13,8,5,3,8,5,10,6,60,40,1.82,1.21,3.47,1.89,2.94,57,76,63,38,13,25,76,57,82,10.13,3.88,2.60,3.60,2.44,1.15,1.53,2.23,3.90,1.41,2.64,Seacon Stadion De Koel
1763751600,Nov 21 2025 - 7:00pm,complete,N/A,Cambuur,ADO Den Haag,Serdar Gözübüyük,16,2.71,2.71,2.32,2.26,2,0,2,0,0,0,"76,88","",2,7,3,0,3,0,0,3,0,3,8,19,4,6,4,13,10,21,46,54,1.96,2.34,1.10,2.18,4.00,64,86,79,71,29,50,86,79,93,15.43,3.28,3.50,3.70,1.80,1.12,1.50,2.32,3.95,1.50,2.45,N/A
1763751600,Nov 21 2025 - 7:00pm,complete,N/A,Oss,RKC Waalwijk,Martin van den Kerkhof,16,1.14,1.57,1.11,1.42,0,0,0,0,0,0,"","",3,8,1,0,1,0,0,1,0,1,8,23,2,7,6,16,16,15,34,66,1.48,1.56,0.99,2.70,3.15,64,93,71,36,15,22,93,57,100,11.29,4.28,4.12,3.94,1.82,1.18,1.46,2.35,3.90,1.50,2.58,Frans Heesen Stadion
1763751600,Nov 21 2025 - 7:00pm,complete,N/A,Dordrecht,Vitesse,Tom Stevens,16,1.14,1.57,1.21,1.53,1,1,2,2,1,1,"16","21",4,10,1,0,1,0,0,1,1,0,13,16,6,6,7,10,16,13,52,48,1.67,1.36,2.12,2.32,3.00,64,86,58,36,15,14,79,65,86,10.28,3.86,1.75,3.90,4.13,1.17,1.58,2.40,3.92,1.58,2.44,Riwal Hoogwerkers Stadion
1763825400,Nov 22 2025 - 3:30pm,complete,N/A,Emmen,Roda JC,Martijn Vos,16,1.57,1.86,1.53,1.89,1,1,2,1,1,0,"17","53",3,3,1,0,1,0,0,1,0,1,11,18,4,6,7,12,14,7,44,56,1.85,1.28,0.98,1.60,3.72,71,93,79,64,22,50,93,50,100,9.29,2.85,2.20,3.50,2.50,1.17,1.48,2.25,3.70,1.44,2.50,N/A
1764010800,Nov 24 2025 - 7:00pm,complete,N/A,AZ II,Oss,Niels Boel,17,0.75,0.88,0.74,1.21,0,1,1,1,0,1,"","26",6,4,1,0,1,0,0,1,1,0,13,11,5,2,8,9,12,14,60,40,1.38,1.42,1.82,1.34,3.32,50,82,51,51,26,32,82,51,82,6.76,3.25,1.75,3.70,4.00,1.15,1.50,2.27,3.87,1.50,2.40,AFAS Trainingscomplex
1764010800,Nov 24 2025 - 7:00pm,complete,N/A,Helmond Sport,Ajax II,Joshua Kuipers,17,1.88,0.29,1.53,0.79,2,1,3,1,1,0,"38,51","76",6,4,3,0,0,0,0,3,0,0,11,6,4,3,7,3,12,5,41,59,1.46,1.58,1.05,0.75,3.55,73,87,66,41,34,41,93,66,94,11.24,2.89,1.53,4.25,5.52,1.14,1.44,2.17,3.55,1.57,2.30,SolarUnie Stadion
1764010800,Nov 24 2025 - 7:00pm,complete,N/A,Utrecht II,Den Bosch,T Hardeman,17,1.50,1.50,1.53,1.11,3,2,5,1,1,0,"43,69,89","59,86",2,9,1,0,1,0,0,1,0,1,13,12,9,4,4,8,8,11,41,59,1.60,1.28,1.70,1.60,3.50,63,82,76,50,25,57,76,50,88,10.38,3.26,2.43,3.50,2.50,1.17,1.56,2.35,4.15,1.50,2.45,N/A
1764010800,Nov 24 2025 - 7:00pm,complete,N/A,Almere City,VVV,Laurens Gerrets,17,1.38,1.29,1.74,1.00,3,0,3,2,2,0,"29,12,78","",10,7,1,0,1,0,0,1,1,0,12,11,7,5,5,6,18,11,40,60,2.12,1.45,1.42,1.54,3.52,54,87,66,59,27,47,67,80,100,14.25,3.11,1.70,3.75,3.95,1.13,1.51,2.10,3.59,1.55,2.30,Yanmar Stadion
1764097200,Nov 25 2025 - 7:00pm,complete,N/A,RKC Waalwijk,MVV,Martijn Vos,17,1.38,0.75,1.63,0.79,1,0,1,1,1,0,"12","",4,2,2,0,2,0,0,2,1,1,15,10,7,3,8,7,15,16,55,45,1.82,1.45,1.97,1.27,3.19,63,82,63,57,19,50,82,51,88,10.13,2.75,1.37,6.32,7.25,1.08,1.30,1.86,2.90,1.62,2.20,Mandemakers Stadion
1764097200,Nov 25 2025 - 7:00pm,complete,N/A,Roda JC,Dordrecht,Wouter Wiersma,17,1.63,1.50,1.00,1.26,1,2,3,1,0,1,"90'1","37,80",7,4,1,0,4,0,1,0,0,4,17,9,7,3,10,6,6,16,61,39,1.72,1.65,2.05,1.04,2.88,44,75,51,32,26,38,57,57,82,11.88,4.63,1.82,3.76,3.87,1.15,1.58,2.50,4.40,1.53,2.38,Parkstad Limburg Stadion
1764097200,Nov 25 2025 - 7:00pm,complete,N/A,ADO Den Haag,De Graafschap,Jannick van der Laan,17,3.00,1.57,2.42,1.58,3,2,5,3,1,2,"7,75,67","11,37",9,5,4,0,2,0,2,2,1,1,21,14,7,7,14,7,12,12,63,37,2.47,1.76,2.40,1.62,3.43,64,93,72,43,22,57,79,50,100,14.28,2.57,1.44,4.60,5.31,1.04,1.27,1.72,2.71,1.40,2.80,Cars Jeans Stadion
1764097200,Nov 25 2025 - 7:00pm,complete,N/A,Vitesse,PSV II,Rob Dieperink,17,1.17,1.75,1.42,1.37,3,1,4,3,2,1,"22,32,53","39",7,3,2,0,3,0,2,0,1,2,20,10,8,5,12,5,12,16,42,58,1.65,1.80,2.22,1.24,3.86,78,100,79,57,25,53,94,54,100,8.46,4.58,1.98,4.20,3.26,1.05,1.38,1.98,2.97,1.36,3.08,GelreDome
1764356400,Nov 28 2025 - 7:00pm,complete,N/A,Cambuur,Helmond Sport,Joey Kooij,18,2.75,0.50,2.32,0.53,0,0,0,0,0,0,"","",8,1,1,0,2,0,0,1,0,2,10,13,2,1,8,12,7,13,68,32,1.85,1.39,1.29,1.04,3.19,57,82,57,44,19,38,82,69,82,12.38,3.00,1.38,4.50,5.20,1.12,1.46,2.25,3.95,1.62,2.20,N/A
1764356400,Nov 28 2025 - 7:00pm,complete,N/A,Emmen,AZ II,Rick Sturm,18,1.50,1.38,1.53,1.37,4,2,6,3,2,1,"27,37,71,80","4,78",5,5,2,0,2,1,0,2,2,1,18,5,7,3,11,2,15,9,60,40,1.74,1.57,1.98,0.77,3.63,75,88,63,63,38,57,94,51,82,9.38,2.76,1.75,3.90,4.00,1.12,1.40,2.04,3.33,1.40,2.70,N/A
1764356400,Nov 28 2025 - 7:00pm,complete,N/A,VVV,ADO Den Haag,Alex Bos,18,1.33,2.38,1.37,2.26,0,3,3,1,0,1,"","51,32,88",4,6,1,0,2,0,0,1,2,0,12,13,2,5,10,8,8,17,44,56,2.00,2.32,1.13,1.44,2.98,42,78,60,43,7,19,65,66,95,13.78,3.77,5.17,4.20,1.55,1.11,1.50,2.27,3.90,1.57,2.25,Seacon Stadion De Koel
1764356400,Nov 28 2025 - 7:00pm,complete,N/A,Dordrecht,Utrecht II,Laurens Gerrets,18,1.13,0.63,1.21,0.89,1,2,3,0,0,0,"64","53,59",5,2,2,0,2,0,0,2,1,1,13,8,4,6,9,2,16,16,52,48,1.73,1.41,1.43,1.19,2.38,57,75,38,13,7,19,75,51,76,11.76,2.63,1.77,4.20,3.95,1.17,1.46,2.28,3.70,1.48,2.43,Riwal Hoogwerkers Stadion
1764356400,Nov 28 2025 - 7:00pm,complete,N/A,Den Bosch,Willem II,Erwin Blank,18,1.75,1.56,1.58,1.79,2,1,3,3,2,1,"16,23","34",3,9,2,0,2,0,0,2,0,2,17,18,5,6,12,12,11,9,41,59,1.92,1.28,1.65,1.90,3.86,71,89,71,54,36,54,89,60,89,10.94,3.03,2.60,3.65,2.37,1.13,1.47,2.15,4.10,1.44,2.63,Stadion De Vliert
1764430200,Nov 29 2025 - 3:30pm,complete,N/A,Oss,Almere City,Martin Perez,18,1.13,0.75,1.11,1.32,1,2,3,2,1,1,"14","35,84",4,4,1,1,3,0,0,2,1,2,12,18,4,9,8,9,17,15,41,59,1.42,1.52,1.39,2.27,3.00,57,88,63,26,19,25,82,51,94,11.00,4.51,3.20,3.64,2.00,1.17,1.50,2.40,4.40,1.44,2.50,Frans Heesen Stadion
1764501300,Nov 30 2025 - 11:15am,complete,N/A,MVV,Roda JC,Marc Nagtegaal,18,1.13,1.75,1.21,1.89,0,0,0,0,0,0,"","",1,3,1,0,0,0,1,0,0,0,16,15,6,3,10,12,17,15,47,53,1.20,1.32,1.71,1.54,3.38,69,76,69,57,19,50,82,57,94,8.63,2.63,3.95,3.75,1.75,1.10,1.44,2.17,3.90,1.56,2.50,De Geusselt
1764517500,Nov 30 2025 - 3:45pm,complete,N/A,De Graafschap,Eindhoven,Wouter Wiersma,18,1.75,1.25,1.74,0.89,2,0,2,2,2,0,"5,31","",6,14,2,0,1,0,0,2,0,1,13,30,6,9,7,21,7,8,51,49,2.69,1.36,1.54,2.99,3.26,57,76,57,57,38,38,69,57,82,13.25,2.88,1.35,4.60,6.75,1.08,1.40,2.08,3.28,1.56,2.28,Stadion De Vijverberg
1764615600,Dec 01 2025 - 7:00pm,complete,N/A,PSV II,RKC Waalwijk,Clay Ruperti,18,1.75,1.50,1.58,1.42,3,1,4,1,1,0,"15,57,53","90",4,3,2,0,1,0,0,2,1,0,11,13,6,2,5,11,12,12,46,54,1.70,1.70,1.42,1.26,3.07,57,75,69,44,19,44,82,38,82,11.75,3.01,3.51,4.49,1.84,1.10,1.26,1.74,2.59,1.33,3.26,Sportcomplex De Herdgang
1764615600,Dec 01 2025 - 7:00pm,complete,N/A,Ajax II,Vitesse,T Hardeman,18,0.78,1.50,1.05,1.53,2,0,2,1,1,0,"32,49","",1,10,3,0,1,0,2,1,1,0,9,22,3,9,6,13,13,18,49,51,1.57,1.48,1.07,2.67,3.43,71,84,71,65,24,35,78,71,83,9.19,3.80,3.05,3.85,2.05,1.17,1.47,2.27,3.80,1.44,2.63,Sportpark De Toekomst 
1764874800,Dec 04 2025 - 7:00pm,complete,N/A,Vitesse,De Graafschap,Joey Kooij,4,1.43,1.38,1.42,1.58,1,2,3,2,1,1,"23","25,86",8,9,0,0,3,0,0,0,0,3,17,21,3,8,14,13,8,18,43,57,1.73,1.74,1.57,2.19,3.34,73,94,75,54,13,61,94,40,100,11.21,4.29,2.80,3.80,1.95,1.09,1.33,1.99,2.97,1.39,3.11,GelreDome
1764961200,Dec 05 2025 - 7:00pm,complete,N/A,Cambuur,Den Bosch,Alex Bos,19,2.56,1.33,2.32,1.11,2,1,3,3,2,1,"6,10","33",6,2,0,0,2,0,0,0,2,0,14,12,5,7,9,5,10,13,51,49,1.79,1.32,1.47,1.52,3.67,62,84,73,56,33,56,84,62,89,13.11,3.89,1.43,4.20,4.10,1.07,1.44,2.05,3.28,1.47,2.63,N/A
1764961200,Dec 05 2025 - 7:00pm,complete,N/A,ADO Den Haag,Emmen,Robin Hensgens,19,3.00,1.11,2.42,0.84,2,1,3,2,1,1,"37,71","5",10,4,1,0,3,0,1,0,0,3,16,9,8,5,8,4,12,13,66,34,2.46,1.51,1.97,1.09,3.50,60,89,72,47,30,49,66,65,100,13.19,2.56,1.28,5.75,8.75,1.07,1.36,1.98,3.19,1.72,1.98,Cars Jeans Stadion
1764961200,Dec 05 2025 - 7:00pm,complete,3265,Almere City,Ajax II,N/A,19,1.56,0.25,1.74,0.79,3,2,5,1,1,0,"34,90'1,90'3","81,86",12,3,2,0,2,0,0,2,2,0,20,9,9,1,11,8,11,12,46,54,2.04,1.48,2.20,0.88,3.65,60,89,71,53,30,47,78,71,100,12.32,2.22,1.44,4.75,5.20,1.08,1.38,1.97,3.04,1.52,2.50,Yanmar Stadion
1764961200,Dec 05 2025 - 7:00pm,complete,N/A,Helmond Sport,MVV,Boyd van Kommer,19,2.00,0.67,1.53,0.79,2,4,6,2,1,1,"40,53","29,56,59,80",12,2,1,0,0,0,0,1,0,0,12,11,5,8,7,3,18,9,56,44,1.41,1.43,1.59,1.56,2.95,56,73,67,45,11,39,84,56,84,11.33,3.45,1.60,4.15,4.84,1.17,1.53,2.29,3.95,1.58,2.34,SolarUnie Stadion
1764961200,Dec 05 2025 - 7:00pm,complete,N/A,RKC Waalwijk,VVV,Richard Martens,19,1.56,1.13,1.63,1.00,1,2,3,0,0,0,"89","56,90'3",8,3,2,0,4,1,1,1,2,3,24,10,6,2,18,8,8,13,62,38,1.84,1.46,2.56,1.12,3.29,64,89,60,41,29,47,88,60,89,11.69,3.08,1.73,3.70,3.80,1.18,1.60,2.40,4.05,1.57,2.43,Mandemakers Stadion
1764961200,Dec 05 2025 - 7:00pm,complete,N/A,Roda JC,AZ II,T Hardeman,19,1.44,1.22,1.00,1.37,2,3,5,1,0,1,"81,90'1","45,62,88",7,8,1,0,3,0,1,0,0,3,16,12,4,7,12,5,7,12,51,49,1.76,1.48,1.69,1.56,3.34,67,78,56,50,39,61,73,67,73,10.11,2.88,1.68,3.70,4.50,1.14,1.61,2.56,4.55,1.57,2.35,Parkstad Limburg Stadion
1764961200,Dec 05 2025 - 7:00pm,complete,N/A,Eindhoven,PSV II,Niels Boel,19,0.89,1.56,1.58,1.37,4,0,4,4,4,0,"1,5,13,45","",5,4,1,0,1,0,0,1,0,1,19,15,7,6,12,9,17,7,47,53,1.17,1.74,2.08,1.77,3.78,67,78,67,62,33,44,73,56,100,7.78,4.66,2.25,3.80,2.55,1.09,1.44,2.08,3.20,1.40,2.81,Jan Louwers Stadion
1765035000,Dec 06 2025 - 3:30pm,complete,N/A,Willem II,Dordrecht,Jannick van der Laan,19,1.50,1.67,1.79,1.26,2,0,2,0,0,0,"78,89","",6,3,0,0,2,0,0,0,0,2,13,14,3,8,10,6,12,15,52,48,1.96,1.58,1.44,1.75,2.46,54,71,53,18,6,24,59,53,89,12.00,4.60,1.81,3.75,3.95,1.14,1.45,2.15,3.42,1.47,2.76,Koning Willem II Stadion
1765122300,Dec 07 2025 - 3:45pm,complete,N/A,Vitesse,Oss,Wouter Wiersma,19,1.25,1.11,1.42,1.21,0,0,0,0,0,0,"","",5,6,5,0,5,0,0,5,3,2,23,10,2,2,21,8,14,19,54,46,1.71,1.41,2.05,1.10,3.25,71,84,61,42,17,54,89,29,84,7.91,3.22,1.75,3.75,4.10,1.17,1.53,2.39,4.05,1.52,2.37,GelreDome
1765220400,Dec 08 2025 - 7:00pm,complete,N/A,Utrecht II,De Graafschap,Joshua Kuipers,19,1.67,1.56,1.53,1.58,2,3,5,3,1,2,"37,90'1","6,9,85",5,4,1,0,2,0,0,1,1,1,25,12,8,6,17,6,7,24,56,44,1.61,1.79,2.56,1.36,3.33,73,84,67,50,28,45,78,50,89,10.89,3.00,3.52,3.80,1.91,1.12,1.34,2.00,3.25,1.43,2.91,N/A
1765393200,Dec 10 2025 - 7:00pm,complete,N/A,Vitesse,RKC Waalwijk,Robin Hensgens,20,1.22,1.33,1.42,1.42,2,1,3,1,1,0,"39,90'4","60",3,7,2,0,2,0,1,1,0,2,9,13,2,3,7,10,16,18,38,62,1.75,1.65,0.94,1.32,3.06,67,84,73,50,11,50,84,33,89,11.00,3.89,2.75,3.74,2.25,1.20,1.57,2.40,4.01,1.44,2.50,GelreDome
1765566000,Dec 12 2025 - 7:00pm,complete,N/A,De Graafschap,Roda JC,Martin van den Kerkhof,20,1.89,1.67,1.74,1.89,2,3,5,2,2,0,"6,29","51,58,90'4",7,4,0,0,1,0,0,0,0,1,17,18,7,9,10,9,14,8,53,47,2.56,1.34,1.80,2.01,3.11,73,84,62,50,22,50,78,44,84,12.11,2.22,1.83,4.00,3.59,1.05,1.30,1.88,2.83,1.40,3.00,Stadion De Vijverberg
1765566000,Dec 12 2025 - 7:00pm,complete,N/A,Den Bosch,VVV,Tom Stevens,20,1.89,1.33,1.58,1.00,0,1,1,0,0,0,"","90'3",6,2,4,0,2,0,0,4,0,2,11,12,4,4,7,8,11,14,57,43,1.89,1.43,1.37,1.32,3.72,67,89,73,45,33,56,78,62,95,11.78,3.44,1.95,3.80,3.10,1.08,1.39,2.23,3.25,1.40,2.70,Stadion De Vliert
1765566000,Dec 12 2025 - 7:00pm,complete,N/A,Dordrecht,Eindhoven,Martin Perez,20,1.00,1.11,1.21,0.89,3,4,7,3,1,2,"25,54,90'8","32,39,82,90'6",6,6,1,0,1,0,0,1,1,0,21,13,9,5,12,8,9,12,54,46,1.69,1.54,2.20,1.38,2.45,45,73,39,22,11,28,67,50,67,12.45,3.23,1.75,3.60,3.80,1.22,1.70,2.52,5.18,1.60,2.23,Riwal Hoogwerkers Stadion
1765566000,Dec 12 2025 - 7:00pm,complete,N/A,MVV,Ajax II,Rick Sturm,20,1.11,0.22,1.21,0.79,2,1,3,1,1,0,"33,79","59",4,6,2,0,1,0,0,2,0,1,10,13,4,2,6,11,14,10,36,64,1.25,1.41,1.25,1.32,3.50,67,73,62,50,39,39,78,62,89,8.22,2.55,2.05,3.78,2.98,1.11,1.47,2.21,3.85,1.44,2.58,De Geusselt
1765566000,Dec 12 2025 - 7:00pm,complete,6905,Emmen,Helmond Sport,N/A,20,1.67,0.56,1.53,0.53,4,1,5,3,2,1,"7,14,50,78","28",5,6,1,0,3,0,1,0,0,3,16,12,5,5,11,7,14,11,50,50,1.76,1.35,1.78,1.35,3.17,61,84,56,45,22,33,84,50,84,10.33,3.00,1.93,3.98,3.80,1.18,1.61,2.41,4.25,1.53,2.41,N/A
1765566000,Dec 12 2025 - 7:00pm,complete,N/A,AZ II,Utrecht II,Kevin Puts,20,0.67,0.89,0.74,0.89,1,4,5,2,0,2,"81","11,38,55,65",4,4,0,0,4,0,0,0,1,3,16,15,6,9,10,6,13,12,64,36,1.43,1.38,1.92,1.85,2.89,39,78,56,39,11,17,78,62,84,8.66,3.11,2.07,3.95,2.83,1.14,1.44,2.10,3.95,1.44,2.73,AFAS Trainingscomplex
1765566000,Dec 12 2025 - 7:00pm,complete,N/A,PSV II,Almere City,T Hardeman,20,1.89,1.00,1.58,1.32,2,3,5,1,1,0,"25,60","57,84,86",4,5,2,0,2,0,1,1,0,2,13,20,5,11,8,9,9,13,57,43,1.67,1.60,1.47,2.51,3.33,62,84,73,39,22,50,84,39,89,11.11,3.66,2.76,4.35,2.17,1.04,1.30,1.75,2.56,1.33,3.10,Sportcomplex De Herdgang
1765566000,Dec 12 2025 - 7:00pm,complete,N/A,Oss,ADO Den Haag,Ingmar Oostrom,20,1.00,2.44,1.11,2.26,3,4,7,2,0,2,"73,53,62","5,23,54,90'5",7,11,0,0,0,0,0,0,0,0,10,19,5,6,5,13,19,23,36,64,1.42,2.22,1.26,2.00,3.06,50,89,73,34,6,22,78,73,95,12.67,4.33,6.46,4.88,1.35,1.04,1.39,1.99,3.29,1.60,2.25,Frans Heesen Stadion
1765566000,Dec 12 2025 - 7:00pm,complete,N/A,Willem II,Cambuur,Allard Lindhout,20,1.67,1.67,1.79,1.79,0,1,1,0,0,0,"","90",6,4,1,0,1,0,1,0,0,1,14,14,1,5,13,9,15,8,34,66,1.90,1.65,1.31,1.56,2.67,56,67,39,28,17,39,67,50,73,11.67,2.44,2.46,3.45,2.45,1.14,1.50,2.23,3.65,1.44,2.55,Koning Willem II Stadion
1766170800,Dec 19 2025 - 7:00pm,complete,N/A,VVV,Dordrecht,Rick Sturm,21,1.20,1.50,1.37,1.26,3,1,4,3,3,0,"21,29,33","61",2,4,2,0,1,0,0,2,0,1,13,23,5,8,8,15,12,13,48,52,1.92,1.60,1.51,2.32,2.55,35,75,55,20,5,10,65,55,90,11.30,4.90,2.50,3.70,2.45,1.15,1.49,2.39,4.10,1.44,2.50,Seacon Stadion De Koel
1766170800,Dec 19 2025 - 7:00pm,complete,12768,ADO Den Haag,PSV II,N/A,21,3.00,1.40,2.42,1.37,1,2,3,2,1,1,"17","27,85",8,3,2,0,2,0,0,2,0,2,22,11,7,7,15,4,11,13,63,37,2.41,1.75,2.41,1.33,4.10,74,100,85,57,37,64,84,58,95,12.00,3.20,1.22,6.00,6.75,1.03,1.22,1.60,2.38,1.57,2.49,Cars Jeans Stadion
1766170800,Dec 19 2025 - 7:00pm,complete,N/A,Cambuur,MVV,Stan Teuben,21,2.60,0.90,2.32,0.79,4,0,4,1,1,0,"11,78,61,71","",10,3,0,0,0,0,0,0,0,0,22,9,11,3,11,6,4,15,62,38,1.76,1.44,2.53,0.97,3.15,50,70,60,55,20,50,75,50,75,10.60,2.90,1.20,6.95,11.00,1.08,1.34,1.87,2.97,1.62,2.15,N/A
1766170800,Dec 19 2025 - 7:00pm,complete,N/A,Eindhoven,AZ II,Joshua Kuipers,21,1.10,1.40,1.58,1.37,3,2,5,2,1,1,"13,56,79","27,68",6,5,3,0,3,0,2,1,0,3,13,7,5,4,8,3,13,13,42,58,1.26,1.49,1.42,0.99,3.55,60,70,65,65,35,60,75,55,80,8.60,3.80,2.06,3.70,2.82,1.18,1.50,2.40,3.85,1.53,2.50,Jan Louwers Stadion
1766244600,Dec 20 2025 - 3:30pm,complete,N/A,Oss,De Graafschap,Martijn Vos,21,0.90,1.70,1.11,1.58,2,3,5,1,1,0,"9,56","63,82,84",7,6,1,0,3,0,0,1,0,3,11,18,2,6,9,12,12,15,30,70,1.40,1.75,1.27,2.29,3.20,70,90,70,35,20,40,90,55,95,11.60,4.30,3.40,3.95,1.90,1.07,1.30,1.90,2.81,1.36,3.14,Frans Heesen Stadion
1766257200,Dec 20 2025 - 7:00pm,complete,N/A,Almere City,Emmen,Erwin Blank,21,1.70,1.00,1.74,0.84,4,2,6,2,2,0,"15,41,49,80","60,90'4",5,1,2,0,2,0,1,1,2,0,18,9,11,5,7,4,7,15,49,51,2.06,1.47,2.15,1.21,3.40,55,85,70,55,25,40,65,70,100,14.10,3.00,1.86,4.10,3.05,1.12,1.48,2.17,3.50,1.44,2.63,Yanmar Stadion
1766315700,Dec 21 2025 - 11:15am,complete,N/A,Den Bosch,Vitesse,Jannick van der Laan,21,1.70,1.33,1.58,1.53,2,0,2,2,2,0,"17,22","",3,2,4,0,6,0,1,3,1,5,12,17,6,4,6,13,15,12,42,58,1.84,1.61,1.46,1.73,3.73,69,90,69,53,31,41,85,59,90,10.33,3.60,2.08,3.70,3.15,1.12,1.50,2.25,3.85,1.44,2.60,Stadion De Vliert
1766323800,Dec 21 2025 - 1:30pm,complete,N/A,Helmond Sport,Willem II,Robin Hensgens,21,1.80,1.40,1.53,1.79,2,2,4,2,1,1,"39,50","82,29",8,8,3,0,2,0,1,2,0,2,14,16,8,6,6,10,19,11,45,55,1.43,1.34,1.72,1.87,3.45,75,90,75,40,25,45,95,65,80,12.70,3.60,2.50,3.30,2.42,1.22,1.69,2.72,4.91,1.57,2.30,SolarUnie Stadion
1766430000,Dec 22 2025 - 7:00pm,complete,N/A,Ajax II,RKC Waalwijk,Laurens Gerrets,21,1.00,1.20,1.05,1.42,0,2,2,1,0,1,"","17,47",6,3,1,0,0,0,1,0,0,0,13,18,6,4,7,14,9,8,48,52,1.52,1.62,1.61,1.91,3.05,65,75,65,55,20,35,75,55,85,11.10,3.40,4.95,4.15,1.62,1.11,1.36,2.12,3.10,1.44,2.63,Sportpark De Toekomst 
1766430000,Dec 22 2025 - 7:00pm,complete,N/A,Utrecht II,Roda JC,Niels Boel,21,1.50,1.80,1.53,1.89,1,3,4,3,1,2,"36","20,29,90'4",7,2,1,0,4,0,0,1,0,4,11,10,5,5,6,5,14,15,60,40,1.71,1.41,1.47,1.26,3.30,70,80,70,55,25,45,75,55,85,7.90,1.90,2.42,3.80,2.40,1.15,1.47,2.29,4.30,1.44,2.50,N/A
1768244400,Jan 12 2026 - 7:00pm,complete,575,AZ II,Ajax II,N/A,22,0.60,0.20,0.74,0.79,1,2,3,1,0,1,"88","34,55",10,2,3,0,3,0,2,1,0,3,30,8,12,1,18,7,19,7,61,39,1.48,1.40,3.31,0.84,3.45,55,85,65,50,30,30,90,65,90,8.30,2.80,1.73,3.90,3.95,1.08,1.38,2.00,3.14,1.41,2.69,AFAS Trainingscomplex
1768590000,Jan 16 2026 - 7:00pm,complete,12855,ADO Den Haag,Cambuur,Robin Hensgens,23,2.70,1.80,2.42,1.79,1,2,3,2,0,2,"88","16,23",5,3,2,0,3,0,1,1,1,2,20,9,9,3,11,6,20,16,66,34,2.41,1.64,2.44,0.96,3.40,60,80,65,40,30,65,80,45,80,13.50,2.30,1.68,4.00,4.41,1.16,1.45,2.30,3.68,1.50,2.42,Cars Jeans Stadion
1768590000,Jan 16 2026 - 7:00pm,complete,4618,VVV,AZ II,Laurens Gerrets,23,1.36,1.27,1.37,1.37,1,3,4,1,0,1,"90'1","29,61,71",5,3,2,0,0,0,1,1,0,0,20,12,6,7,14,5,13,9,50,50,1.88,1.44,2.12,1.50,3.23,59,78,64,50,28,41,82,59,82,10.00,3.55,2.01,3.55,3.40,1.12,1.60,2.40,4.20,1.53,2.45,Seacon Stadion De Koel
1768590000,Jan 16 2026 - 7:00pm,complete,3000,Helmond Sport,Vitesse,Allard Lindhout,23,1.73,1.20,1.53,1.53,2,2,4,1,1,0,"38,77","70,90'3",5,8,1,0,2,0,1,0,0,2,11,27,5,6,6,21,18,11,49,51,1.46,1.62,1.34,2.51,3.52,71,96,71,48,24,38,95,71,86,11.83,4.31,2.20,3.40,2.62,1.20,1.86,2.66,5.12,1.62,2.28,SolarUnie Stadion
1768663800,Jan 17 2026 - 3:30pm,complete,1646,Oss,Emmen,Stan Teuben,23,0.82,0.91,1.11,0.84,4,0,4,4,4,0,"8,16,26,45","",4,7,2,0,6,1,1,1,3,4,13,13,7,3,6,10,19,22,60,40,1.39,1.44,1.73,1.33,3.23,64,87,69,36,23,27,78,64,96,10.18,3.82,3.00,3.50,2.15,1.18,1.63,2.35,4.15,1.50,2.40,Frans Heesen Stadion
1768734900,Jan 18 2026 - 11:15am,complete,4792,Den Bosch,MVV,Martin Perez,23,1.82,0.82,1.58,0.79,1,2,3,2,1,1,"25","57,11",11,3,0,0,1,0,0,0,0,1,12,8,1,5,11,3,10,14,57,43,1.80,1.40,1.51,1.12,3.37,50,73,64,55,23,55,78,45,82,9.55,3.09,1.53,4.33,5.00,1.08,1.40,2.00,3.20,1.44,2.50,Stadion De Vliert
1768743000,Jan 18 2026 - 1:30pm,complete,2934,Almere City,De Graafschap,Martin van den Kerkhof,23,1.82,1.82,1.74,1.58,2,0,2,0,0,0,"61,90'1","",12,5,0,0,2,0,0,0,0,2,25,13,9,4,16,9,4,9,43,57,2.07,1.80,2.60,1.50,3.78,69,91,78,64,36,55,82,69,100,14.90,3.54,1.90,3.75,3.30,1.05,1.30,1.67,2.77,1.30,3.10,Yanmar Stadion
1768743000,Jan 18 2026 - 1:30pm,complete,4073,RKC Waalwijk,Dordrecht,Jannick van der Laan,23,1.40,1.36,1.63,1.26,1,1,2,2,1,1,"5","38",3,5,3,0,5,0,0,3,3,2,12,14,3,4,9,10,12,11,53,47,1.91,1.67,1.30,1.41,3.06,63,86,62,34,20,34,77,58,86,11.35,4.31,1.69,4.00,4.41,1.16,1.50,2.20,3.58,1.53,2.30,Mandemakers Stadion
1768751100,Jan 18 2026 - 3:45pm,complete,2767,Eindhoven,Willem II,Richard Martens,23,1.27,1.36,1.58,1.79,0,2,2,2,0,2,"","16,19",4,2,1,0,0,0,1,0,0,0,14,15,2,6,12,9,11,14,50,50,1.27,1.39,1.54,1.61,3.41,59,78,69,55,23,55,78,50,82,9.36,4.09,2.75,3.45,2.16,1.16,1.57,2.53,4.33,1.47,2.53,Jan Louwers Stadion
1768849200,Jan 19 2026 - 7:00pm,complete,885,Ajax II,Roda JC,Wouter Wiersma,23,0.91,1.91,1.05,1.89,2,2,4,3,1,2,"33,55","24,35",3,5,2,0,2,0,1,1,0,2,5,16,3,7,2,9,19,9,52,48,1.52,1.40,0.75,1.98,3.00,64,78,64,55,14,46,78,50,87,8.73,3.00,3.35,3.65,1.86,1.15,1.52,2.25,3.58,1.44,2.60,Sportpark De Toekomst 
1768849200,Jan 19 2026 - 7:00pm,complete,266,Utrecht II,PSV II,T Hardeman,23,1.36,1.55,1.53,1.37,5,3,8,5,2,3,"57,18,28,68,90'2","9,30,11",3,0,4,0,3,0,2,2,0,3,19,12,10,5,9,7,10,18,50,50,1.69,1.71,2.24,1.47,3.91,78,91,78,64,36,50,82,55,87,8.36,3.09,1.85,4.10,3.35,1.04,1.34,1.86,2.80,1.33,3.10,N/A
1769194800,Jan 23 2026 - 7:00pm,complete,6812,Roda JC,Oss,N/A,24,1.30,1.10,1.00,1.21,1,2,3,0,0,0,"52","76,81",8,4,1,0,1,0,0,1,1,0,13,10,7,1,6,9,12,18,57,43,1.75,1.38,1.83,1.05,3.00,60,70,40,35,35,35,65,50,70,9.00,3.00,1.47,4.20,5.20,1.18,1.53,2.50,4.40,1.67,2.10,Parkstad Limburg Stadion
1769194800,Jan 23 2026 - 7:00pm,complete,10625,De Graafschap,RKC Waalwijk,Rob Dieperink,24,1.70,1.36,1.74,1.42,2,4,6,1,0,1,"57,90'3","35,54,78,84",4,5,1,0,3,0,1,0,1,2,7,12,4,5,3,7,9,11,70,30,2.48,1.65,1.17,1.30,3.30,72,86,62,53,34,44,81,48,86,14.03,2.55,2.06,3.90,2.96,1.11,1.36,1.95,3.15,1.36,2.90,Stadion De Vijverberg
1769194800,Jan 23 2026 - 7:00pm,complete,2200,Dordrecht,Den Bosch,Wouter Wiersma,24,0.90,1.20,1.21,1.11,3,2,5,1,1,0,"16,70,80","67,74",8,4,1,0,3,0,1,0,2,1,16,8,6,4,10,4,11,9,45,55,1.74,1.34,1.76,1.13,3.20,70,85,65,30,20,50,80,50,80,12.70,3.70,2.05,3.55,2.60,1.14,1.50,2.33,3.58,1.44,2.50,Riwal Hoogwerkers Stadion
1769194800,Jan 23 2026 - 7:00pm,complete,2851,MVV,Utrecht II,Joshua Kuipers,24,1.30,1.10,1.21,0.89,2,2,4,1,0,1,"70,90'6","47,4",5,1,1,0,1,1,1,0,0,2,19,17,3,6,16,11,13,14,54,46,1.25,1.43,1.74,1.72,3.10,60,70,60,40,25,30,70,65,85,8.70,3.00,2.80,3.50,2.05,1.16,1.50,2.25,3.80,1.44,2.58,De Geusselt
1769194800,Jan 23 2026 - 7:00pm,complete,N/A,Willem II,VVV,Arne De Beuckelaer,24,1.50,1.50,1.79,1.00,2,1,3,1,1,0,"35,88","79",8,1,1,0,1,0,0,1,0,1,25,8,9,2,16,6,13,12,48,52,1.84,1.42,2.60,0.95,2.50,50,70,45,20,10,30,50,55,95,11.40,3.30,1.91,3.64,3.78,1.10,1.44,2.21,3.86,1.44,2.61,Koning Willem II Stadion
1769194800,Jan 23 2026 - 7:00pm,complete,17051,Vitesse,ADO Den Haag,Jeroen Manschot,24,1.40,2.50,1.42,2.26,2,1,3,2,2,0,"38,44","52",3,1,1,0,4,0,0,1,1,3,12,13,3,7,9,6,4,22,34,66,1.67,2.20,1.12,1.80,3.45,60,90,80,50,10,50,80,60,95,13.00,4.00,3.93,4.15,1.78,1.10,1.52,2.25,3.84,1.50,2.40,GelreDome
1769454000,Jan 26 2026 - 7:00pm,complete,2741,RKC Waalwijk,Utrecht II,Rick Sturm,22,1.36,1.09,1.63,0.89,2,2,4,2,2,0,"6,20","90,90'4",1,8,2,0,0,0,0,2,0,0,8,25,3,10,5,15,11,6,43,57,1.85,1.46,0.88,2.68,3.14,73,87,60,36,23,32,82,64,82,9.55,3.10,1.66,4.50,3.95,1.08,1.39,2.09,3.60,1.52,2.50,Mandemakers Stadion
1769454000,Jan 26 2026 - 7:00pm,complete,6516,Roda JC,VVV,Richard Martens,22,1.18,1.36,1.00,1.00,2,2,4,3,2,1,"35,16","11,83",6,5,1,0,1,0,0,1,1,0,18,16,6,6,12,10,9,16,48,52,1.76,1.37,1.88,1.85,3.09,60,82,60,32,27,36,60,69,91,11.09,3.36,1.83,3.65,3.80,1.18,1.60,2.33,4.00,1.53,2.35,Parkstad Limburg Stadion
1769454000,Jan 26 2026 - 7:00pm,complete,8012,De Graafschap,Den Bosch,Stan Teuben,22,1.55,1.09,1.74,1.11,1,1,2,1,1,0,"28","90'1",8,5,1,0,2,0,1,0,0,2,18,17,7,8,11,9,13,13,64,36,2.36,1.32,1.98,1.90,3.87,78,91,78,60,46,60,87,55,87,13.64,3.36,2.07,4.08,3.00,1.08,1.28,1.80,2.62,1.31,3.20,Stadion De Vijverberg
1769454000,Jan 26 2026 - 7:00pm,complete,551,AZ II,Almere City,T Hardeman,24,0.55,1.20,0.74,1.32,3,4,7,3,1,2,"10,64,73","13,26,66,52",2,9,2,0,2,0,1,1,1,1,19,21,6,11,13,10,13,11,54,46,1.64,1.70,2.00,2.46,3.39,53,86,67,48,29,39,86,52,91,10.52,4.02,2.64,3.55,1.83,1.11,1.35,2.03,3.20,1.36,2.86,AFAS Trainingscomplex
1769454000,Jan 26 2026 - 7:00pm,complete,700,PSV II,Helmond Sport,Kevin Puts,24,1.70,0.50,1.58,0.53,4,0,4,2,2,0,"6,3,75,86","",8,3,0,0,2,0,0,0,0,2,23,11,12,2,11,9,9,16,60,40,1.65,1.35,2.70,1.12,2.95,55,75,65,40,15,35,80,55,75,10.50,3.00,2.20,3.75,2.55,1.12,1.36,2.05,3.14,1.36,3.03,Sportcomplex De Herdgang
1769454000,Jan 26 2026 - 7:00pm,complete,9653,ADO Den Haag,Vitesse,Danny Makkelie,3,2.45,1.18,2.42,1.53,0,0,0,0,0,0,"","",9,2,1,0,1,0,1,0,0,1,15,9,3,3,12,6,15,12,65,35,2.41,1.70,1.74,0.96,3.59,69,100,78,46,23,55,87,55,91,12.18,3.54,1.40,4.85,6.27,1.11,1.44,2.23,4.12,1.68,2.05,Cars Jeans Stadion
1769799600,Jan 30 2026 - 7:00pm,complete,10367,ADO Den Haag,AZ II,Wouter Wiersma,25,2.33,1.42,2.42,1.37,1,4,5,2,0,2,"80","24,44,85,90'2",12,4,1,0,1,0,0,1,1,0,26,15,8,10,18,5,9,14,66,34,2.36,1.45,2.71,1.80,3.67,75,88,79,54,38,71,84,59,84,12.41,2.75,1.31,5.50,9.30,1.03,1.30,1.75,2.56,1.52,2.35,Cars Jeans Stadion
1769799600,Jan 30 2026 - 7:00pm,complete,3219,Almere City,Roda JC,Stan Teuben,25,1.92,1.83,1.74,1.89,1,2,3,2,1,1,"40","41,88",5,13,0,0,0,0,0,0,0,0,23,24,3,8,20,16,14,6,49,51,2.11,1.44,2.02,2.41,3.50,63,88,75,63,21,54,75,63,96,12.42,2.58,1.57,4.00,3.75,1.11,1.51,2.19,3.79,1.48,2.47,Yanmar Stadion
1769799600,Jan 30 2026 - 7:00pm,complete,4828,Den Bosch,Emmen,T Hardeman,25,1.67,0.83,1.58,0.84,1,1,2,0,0,0,"85","51",4,3,1,0,1,0,0,1,0,1,11,10,4,4,7,6,13,15,50,50,1.78,1.43,1.41,1.19,3.50,63,83,67,46,29,55,75,50,88,11.25,3.92,2.10,3.50,3.11,1.10,1.52,2.25,3.92,1.44,2.61,Stadion De Vliert
1769799600,Jan 30 2026 - 7:00pm,complete,2250,Eindhoven,MVV,Edwin van de Graaf,25,1.17,1.00,1.58,0.79,5,0,5,2,2,0,"8,11,51,59,65","",1,6,0,0,1,0,0,0,1,0,23,7,13,3,10,4,8,11,49,51,1.29,1.37,2.66,1.04,3.17,42,67,63,58,17,54,71,42,83,7.83,3.42,1.77,3.88,4.00,1.15,1.61,2.38,4.30,1.57,2.30,Jan Louwers Stadion
1769799600,Jan 30 2026 - 7:00pm,complete,4104,RKC Waalwijk,Oss,Erwin Blank,25,1.33,1.27,1.63,1.21,2,0,2,0,0,0,"53,80","",6,7,0,0,2,0,0,0,1,1,17,12,4,3,13,9,12,11,59,41,1.77,1.35,1.79,1.35,3.04,74,78,47,35,26,39,78,47,70,8.35,3.13,1.70,3.90,4.75,1.16,1.53,2.30,4.30,1.55,2.14,Mandemakers Stadion
1769799600,Jan 30 2026 - 7:00pm,complete,16158,Vitesse,Dordrecht,Ingmar Oostrom,25,1.55,1.33,1.42,1.26,1,2,3,1,1,0,"28","47,69",6,3,4,0,1,0,2,2,1,0,13,7,3,2,10,5,11,16,45,55,1.62,1.64,1.39,0.78,2.88,62,87,70,31,4,49,79,39,87,10.23,5.26,2.10,3.40,3.14,1.16,1.60,2.38,4.33,1.57,2.30,GelreDome
1769873400,Jan 31 2026 - 3:30pm,complete,2420,Helmond Sport,De Graafschap,Dennis Higler,25,1.67,1.67,1.53,1.58,0,0,0,0,0,0,"","",7,3,0,0,2,0,0,0,1,1,11,12,3,5,8,7,8,13,34,66,1.45,1.77,1.23,1.58,3.55,79,92,75,50,29,46,92,71,96,13.83,4.00,2.60,3.70,2.30,1.07,1.35,2.06,3.30,1.36,2.88,SolarUnie Stadion
1770058800,Feb 02 2026 - 7:00pm,complete,1812,MVV,Almere City,N/A,22,1.27,1.36,1.21,1.32,1,1,2,1,1,0,"28","49",1,11,0,0,1,0,0,0,1,0,10,16,2,3,8,13,3,8,43,57,1.30,1.76,1.02,1.64,3.59,69,78,69,50,36,46,78,55,91,10.45,3.63,3.80,5.05,1.66,1.04,1.30,1.90,2.78,1.44,2.77,De Geusselt
1770058800,Feb 02 2026 - 7:00pm,complete,596,PSV II,Cambuur,Martin Perez,25,1.82,1.91,1.58,1.79,3,2,5,2,2,0,"21,17,55","79,87",4,6,2,0,2,0,1,1,1,1,17,16,6,9,11,7,13,8,46,54,1.74,1.58,1.75,2.03,3.23,55,73,64,46,23,50,87,46,73,10.72,2.72,3.90,4.50,1.61,1.02,1.22,1.68,2.42,1.30,3.10,Sportcomplex De Herdgang
1770058800,Feb 02 2026 - 7:00pm,complete,1067,Ajax II,Willem II,Joshua Kuipers,25,0.92,1.50,1.05,1.79,2,1,3,0,0,0,"55,82","71",4,4,2,0,2,0,0,2,0,2,11,11,5,7,6,4,10,13,59,41,1.46,1.41,1.26,1.49,3.13,63,84,63,50,17,50,84,50,75,10.00,3.42,3.78,3.95,1.75,1.10,1.40,2.12,3.20,1.44,2.50,Sportpark De Toekomst 
1770058800,Feb 02 2026 - 7:00pm,complete,343,Utrecht II,VVV,N/A,25,1.50,1.33,1.53,1.00,2,2,4,1,0,1,"48,89","15,78",8,2,1,0,1,0,1,0,0,1,27,9,10,4,17,5,7,13,56,44,1.73,1.41,2.97,1.14,3.54,67,83,71,50,30,46,71,58,92,9.33,3.09,1.90,3.96,3.42,1.10,1.49,2.26,3.77,1.44,2.63,N/A
1770058800,Feb 02 2026 - 7:00pm,complete,16225,Vitesse,Eindhoven,N/A,22,1.42,1.30,1.42,0.89,1,1,2,2,1,1,"30","24",6,5,1,0,1,0,0,1,0,1,14,10,5,2,9,8,12,15,50,50,1.60,1.53,1.59,1.07,3.10,53,81,67,42,15,49,81,47,81,10.43,3.93,2.04,3.63,3.30,1.20,1.67,2.63,4.80,1.60,2.20,GelreDome
1770145200,Feb 03 2026 - 7:00pm,complete,425,Dordrecht,Helmond Sport,Clay Ruperti,22,1.09,0.45,1.21,0.53,3,0,3,0,0,0,"47,72,85","",7,1,0,0,3,0,0,0,1,2,19,6,6,3,13,3,8,15,56,44,1.75,1.33,1.92,0.91,2.73,59,78,50,27,14,32,73,60,73,12.00,3.00,1.60,3.80,4.33,1.18,1.56,2.42,4.00,1.57,2.25,Riwal Hoogwerkers Stadion
1770404400,Feb 06 2026 - 7:00pm,complete,N/A,De Graafschap,Ajax II,Laurens Gerrets,26,1.50,0.45,1.74,0.79,4,0,4,1,1,0,"14,47,75,55","",5,2,0,0,2,0,0,0,2,0,17,6,8,4,9,2,9,10,58,42,2.33,1.35,2.01,0.91,3.66,83,92,66,47,43,39,87,62,92,11.74,2.35,1.44,4.80,4.60,1.06,1.29,1.73,2.63,1.40,2.90,Stadion De Vijverberg
1770404400,Feb 06 2026 - 7:00pm,complete,N/A,Helmond Sport,Den Bosch,Edwin van de Graaf,26,1.62,1.08,1.53,1.11,2,0,2,1,1,0,"23,86","",8,7,3,0,2,0,2,1,1,1,15,10,6,1,9,9,15,10,39,61,1.43,1.37,1.58,1.13,3.57,76,89,80,48,28,48,92,64,89,13.13,3.94,2.67,3.60,2.08,1.13,1.53,2.30,4.00,1.44,2.50,SolarUnie Stadion
1770404400,Feb 06 2026 - 7:00pm,complete,N/A,MVV,PSV II,Niels Boel,26,1.25,1.42,1.21,1.37,2,1,3,2,1,1,"17,57","2",4,5,0,0,1,0,0,0,0,1,17,11,3,4,14,7,10,12,34,66,1.27,1.69,1.68,1.26,3.84,75,84,71,59,34,46,84,58,88,7.75,3.58,2.56,3.80,2.09,1.08,1.30,1.80,2.80,1.30,3.20,De Geusselt
1770404400,Feb 06 2026 - 7:00pm,complete,N/A,Roda JC,ADO Den Haag,Ingmar Oostrom,26,1.17,2.27,1.00,2.26,0,3,3,2,0,2,"","8,15,87",6,3,4,0,2,0,1,3,0,2,10,14,2,6,8,8,9,22,52,48,1.77,2.16,0.99,1.60,3.54,61,87,70,49,26,44,66,75,92,13.53,3.24,2.86,3.60,1.98,1.17,1.57,2.33,4.20,1.50,2.53,Parkstad Limburg Stadion
1770404400,Feb 06 2026 - 7:00pm,complete,N/A,Oss,Vitesse,N/A,26,1.00,1.17,1.11,1.53,1,2,3,1,1,0,"11","50,59",9,5,5,0,3,0,4,1,1,2,14,13,5,4,9,9,16,26,52,48,1.42,1.64,1.61,1.51,3.21,58,92,67,42,17,25,88,58,79,9.42,4.33,2.40,3.30,2.42,1.20,1.76,2.70,4.95,1.53,2.30,Frans Heesen Stadion
1770478200,Feb 07 2026 - 3:30pm,complete,N/A,VVV,Eindhoven,Kevin Puts,26,1.25,1.27,1.37,0.89,1,0,1,0,0,0,"60","",9,8,2,0,3,0,0,2,2,1,15,15,4,7,11,8,9,10,52,48,1.90,1.48,1.58,1.78,2.88,39,74,52,39,14,27,74,53,78,10.80,3.38,2.10,3.60,2.80,1.17,1.60,2.42,4.15,1.50,2.40,Seacon Stadion De Koel
1770557400,Feb 08 2026 - 1:30pm,complete,N/A,Willem II,RKC Waalwijk,N/A,26,1.64,1.50,1.79,1.42,2,1,3,2,1,1,"31,83","1",10,2,2,0,2,0,1,1,0,2,11,14,4,5,7,9,19,15,54,46,1.91,1.62,1.46,1.57,2.67,61,74,52,30,13,22,64,53,92,11.85,2.76,2.20,3.55,2.95,1.20,1.65,2.25,4.30,1.50,2.40,Koning Willem II Stadion
1770663600,Feb 09 2026 - 7:00pm,complete,N/A,PSV II,Oss,Joshua Kuipers,22,1.92,1.17,1.58,1.21,2,0,2,0,0,0,"51,75","",3,10,3,0,4,0,1,2,2,2,15,11,6,3,9,8,11,11,61,39,1.74,1.35,1.96,1.54,3.17,58,75,58,42,25,38,75,50,75,8.83,3.00,2.15,3.60,2.80,1.14,1.50,2.20,3.68,1.40,2.63,Sportcomplex De Herdgang
1770663600,Feb 09 2026 - 7:00pm,complete,N/A,AZ II,Dordrecht,N/A,26,0.50,1.46,0.74,1.26,1,2,3,1,0,1,"47","27,62",4,4,1,0,1,0,1,0,1,0,13,8,4,2,9,6,13,13,60,40,1.67,1.58,2.14,1.36,3.14,48,84,65,41,17,32,81,61,84,9.89,4.75,2.55,3.80,2.55,1.17,1.45,2.23,3.80,1.44,2.63,AFAS Trainingscomplex
1770922800,Feb 12 2026 - 7:00pm,complete,N/A,Den Bosch,Eindhoven,Joshua Kuipers,27,1.62,1.17,1.58,0.89,2,1,3,0,0,0,"53,90'1","82",10,4,1,0,2,0,0,1,1,1,24,12,11,4,13,8,9,11,50,50,1.75,1.51,2.71,1.33,3.23,51,76,52,40,28,52,72,48,76,11.75,3.29,1.83,3.60,3.68,1.15,1.50,2.30,3.42,1.44,2.63,Stadion De Vliert
1771009200,Feb 13 2026 - 7:00pm,complete,N/A,ADO Den Haag,MVV,N/A,27,2.15,0.92,2.42,0.79,3,0,3,0,0,0,"68,86,90'1","",14,1,0,0,1,0,0,0,1,0,20,3,6,1,14,2,9,10,63,37,2.38,1.35,2.38,0.40,3.35,54,81,77,50,23,66,77,46,89,12.07,2.38,1.09,7.50,13.00,1.05,1.23,1.71,2.42,1.72,2.01,Cars Jeans Stadion
1771009200,Feb 13 2026 - 7:00pm,complete,N/A,Oss,AZ II,Niels Boel,27,0.92,1.54,1.11,1.37,0,3,3,0,0,0,"","49,58,68",10,4,0,0,2,0,0,0,1,1,17,25,3,8,14,17,6,12,50,50,1.43,1.47,1.74,2.47,3.62,74,89,77,54,35,46,92,70,81,10.00,3.85,2.13,3.50,2.63,1.15,1.55,2.25,3.91,1.42,2.64,Frans Heesen Stadion
1771009200,Feb 13 2026 - 7:00pm,complete,N/A,Almere City,Helmond Sport,Wouter Wiersma,27,1.77,0.42,1.74,0.53,0,1,1,1,0,1,"","5",10,1,2,0,3,0,1,1,0,3,15,7,1,3,14,4,12,16,70,30,2.10,1.29,1.51,0.85,3.22,48,84,68,48,20,44,68,72,88,13.21,2.82,1.33,5.20,5.80,1.11,1.40,2.05,3.08,1.53,2.45,Yanmar Stadion
1771009200,Feb 13 2026 - 7:00pm,complete,N/A,Dordrecht,Emmen,Laurens Gerrets,27,1.25,0.85,1.21,0.84,1,0,1,0,0,0,"50","",8,7,1,0,1,0,0,1,1,0,13,12,6,2,7,10,10,13,53,47,1.76,1.41,1.54,1.32,3.03,65,84,56,32,20,32,65,60,84,11.84,3.48,1.88,3.90,3.60,1.17,1.54,2.30,3.95,1.53,2.30,Riwal Hoogwerkers Stadion
1771009200,Feb 13 2026 - 7:00pm,complete,N/A,PSV II,De Graafschap,Rick Sturm,27,2.00,1.62,1.58,1.58,1,2,3,2,1,1,"5","40,80",0,15,0,0,1,0,0,0,0,1,9,18,4,9,5,9,10,10,27,73,1.76,1.76,1.02,2.19,3.31,62,85,70,50,27,46,81,58,89,11.23,3.69,2.60,3.80,2.20,1.05,1.23,1.72,2.50,1.29,3.30,Sportcomplex De Herdgang
1771009200,Feb 13 2026 - 7:00pm,complete,N/A,RKC Waalwijk,Roda JC,Martijn Vos,27,1.46,1.92,1.63,1.89,1,2,3,1,0,1,"47","29,80",4,8,0,0,0,0,0,0,0,0,13,16,4,4,9,12,9,7,48,52,1.77,1.52,1.44,1.67,3.15,77,89,66,46,16,54,85,50,85,9.61,2.69,2.10,3.40,2.99,1.15,1.57,2.45,4.33,1.50,2.40,Mandemakers Stadion
1771083000,Feb 14 2026 - 3:30pm,complete,N/A,Vitesse,VVV,Clay Ruperti,27,1.38,1.31,1.42,1.00,2,2,4,1,1,0,"24,87","82,55",6,3,0,0,4,0,0,0,0,4,15,12,5,7,10,5,8,8,51,49,1.60,1.39,1.57,1.50,3.04,70,89,73,35,8,50,81,47,93,9.69,4.08,1.78,3.90,4.02,1.12,1.50,2.14,3.65,1.50,2.40,GelreDome
1771268400,Feb 16 2026 - 7:00pm,complete,N/A,Utrecht II,Willem II,N/A,27,1.46,1.38,1.53,1.79,1,1,2,1,1,0,"42","88",2,8,1,0,1,0,0,1,0,1,11,20,3,5,8,15,13,8,51,49,1.83,1.42,1.20,2.05,3.62,73,89,73,54,27,50,81,58,77,9.54,2.84,2.35,3.65,2.52,1.07,1.44,2.09,3.34,1.37,2.86,N/A
1771268400,Feb 16 2026 - 7:00pm,complete,N/A,Ajax II,Cambuur,T Hardeman,27,1.08,1.75,1.05,1.79,1,2,3,1,0,1,"84","16,88",3,9,1,0,4,0,1,0,1,3,10,14,3,9,7,5,14,14,49,51,1.45,1.61,1.10,1.98,3.09,60,72,56,48,24,48,76,48,76,10.25,3.19,5.35,4.50,1.53,1.08,1.36,2.03,3.20,1.53,2.51,Sportpark De Toekomst 
1771614000,Feb 20 2026 - 7:00pm,complete,N/A,De Graafschap,Utrecht II,Joshua Kuipers,28,1.62,1.08,1.74,0.89,1,0,1,0,0,0,"78","",5,3,3,0,1,0,0,3,0,1,18,11,10,2,8,9,12,7,61,39,2.31,1.56,2.16,1.11,3.43,72,88,65,52,32,36,80,65,89,12.02,2.42,1.63,4.05,3.65,1.11,1.36,1.95,3.10,1.46,2.73,Stadion De Vijverberg
1771614000,Feb 20 2026 - 7:00pm,complete,N/A,Helmond Sport,ADO Den Haag,Martijn Vos,28,1.71,2.33,1.53,2.26,1,3,4,2,1,1,"35","26,47,61",4,6,3,0,1,0,1,2,0,1,10,13,3,4,7,9,12,13,47,53,1.44,2.12,1.02,1.78,3.52,61,89,77,47,19,43,84,73,93,14.58,3.71,5.50,4.40,1.40,1.14,1.44,2.25,3.80,1.62,2.15,SolarUnie Stadion
1771614000,Feb 20 2026 - 7:00pm,complete,N/A,VVV,Oss,T Hardeman,28,1.38,1.08,1.37,1.21,1,1,2,0,0,0,"90'3","56",10,3,2,1,3,0,0,3,0,3,22,7,4,3,18,4,11,16,67,33,1.87,1.36,2.16,0.84,2.62,46,69,43,27,12,16,62,46,81,9.54,3.62,1.84,3.74,3.20,1.15,1.48,2.30,4.21,1.50,2.45,Seacon Stadion De Koel
1771614000,Feb 20 2026 - 7:00pm,complete,N/A,Cambuur,RKC Waalwijk,Joey Kooij,28,2.64,1.38,2.32,1.42,1,1,2,1,0,1,"90'7","30",7,0,1,0,3,0,1,0,1,2,22,11,10,2,12,9,9,21,61,39,1.83,1.61,2.53,1.08,3.34,62,84,67,51,25,38,84,55,83,12.38,2.98,1.67,4.10,4.42,1.14,1.44,2.20,3.70,1.50,2.40,N/A
1771614000,Feb 20 2026 - 7:00pm,complete,N/A,Dordrecht,Ajax II,Rick Sturm,28,1.38,0.42,1.21,0.79,0,1,1,0,0,0,"","78",7,3,3,0,1,0,0,3,1,0,16,11,4,3,12,8,7,13,64,36,1.74,1.31,1.86,1.17,3.18,69,85,61,29,24,24,77,65,89,10.67,2.64,1.50,4.25,5.60,1.13,1.44,2.25,3.50,1.62,2.15,Riwal Hoogwerkers Stadion
1771614000,Feb 20 2026 - 7:00pm,complete,N/A,Emmen,PSV II,Shona Shukrula,28,1.80,1.31,1.53,1.37,2,3,5,4,1,3,"3,50","17,21,34",13,9,0,0,1,0,0,0,0,1,26,17,11,9,15,8,9,10,51,49,1.77,1.65,2.83,2.00,4.29,83,100,78,66,44,56,96,52,96,8.79,3.75,1.65,4.20,4.30,1.09,1.33,1.85,3.00,1.39,2.77,N/A
1771614000,Feb 20 2026 - 7:00pm,complete,N/A,Willem II,Vitesse,Alex Bos,28,1.75,1.31,1.79,1.53,3,0,3,2,2,0,"74,18,32","",6,6,1,0,3,0,1,0,1,2,13,17,8,8,5,9,11,10,44,56,1.87,1.63,1.69,2.10,2.66,60,80,52,27,8,24,68,56,85,10.81,3.56,1.91,3.50,3.30,1.15,1.53,2.25,4.07,1.53,2.46,Koning Willem II Stadion
1771687800,Feb 21 2026 - 3:30pm,complete,N/A,Eindhoven,Almere City,Tim De Keyzer,28,1.31,1.33,1.58,1.32,3,2,5,1,1,0,"90'3,87,44","69,60",4,10,2,0,2,0,1,1,1,1,19,18,8,8,11,10,11,8,48,52,1.40,1.75,2.09,2.12,3.61,57,81,65,52,37,56,76,44,93,10.27,4.08,3.15,3.65,2.07,1.10,1.44,2.25,3.76,1.43,2.58,Jan Louwers Stadion
1771758900,Feb 22 2026 - 11:15am,complete,N/A,Roda JC,MVV,Jannick van der Laan,28,1.08,0.86,1.00,0.79,2,0,2,1,1,0,"90,17","",10,1,2,0,2,0,1,1,1,1,18,9,6,5,12,4,15,21,55,45,1.71,1.28,1.95,1.02,3.19,49,78,67,48,23,48,67,56,86,9.79,2.75,1.36,5.40,6.80,1.10,1.40,1.98,3.20,1.50,2.15,Parkstad Limburg Stadion
1771873200,Feb 23 2026 - 7:00pm,complete,N/A,Emmen,Ajax II,Clay Ruperti,24,1.64,0.62,1.53,0.79,0,0,0,0,0,0,"","",7,5,5,0,1,0,0,5,0,1,15,11,4,8,11,3,13,16,51,49,1.86,1.30,1.70,1.55,3.87,76,93,71,56,43,39,93,57,100,9.44,2.76,1.40,4.75,4.74,1.11,1.42,2.00,3.20,1.53,2.30,N/A
1771873200,Feb 23 2026 - 7:00pm,complete,N/A,AZ II,Den Bosch,Kevin Puts,28,0.46,1.00,0.74,1.11,2,2,4,1,0,1,"66,90'1","13,80",6,3,2,0,1,0,1,1,1,0,11,8,6,4,5,4,12,11,67,33,1.71,1.35,1.51,0.99,3.54,58,89,73,50,27,43,92,58,89,10.31,4.00,2.09,3.70,2.86,1.08,1.41,2.10,3.05,1.36,2.70,AFAS Trainingscomplex
1771959600,Feb 24 2026 - 7:00pm,complete,N/A,Willem II,ADO Den Haag,N/A,22,1.85,2.38,1.79,2.26,0,1,1,1,0,1,"","11",4,4,0,0,3,0,0,0,0,3,7,13,3,5,4,8,7,18,44,56,1.86,2.09,1.01,1.49,3.00,54,81,66,31,8,43,66,62,96,13.46,3.08,3.45,3.75,2.00,1.16,1.57,2.46,4.30,1.52,2.35,Koning Willem II Stadion
1771959600,Feb 24 2026 - 7:00pm,complete,N/A,Cambuur,Eindhoven,Martijn Vos,24,2.50,1.08,2.32,0.89,2,1,3,1,0,1,"64,84","29",7,4,1,0,3,0,1,0,0,3,14,17,6,6,8,11,6,15,59,41,1.89,1.49,1.67,1.71,3.13,48,76,52,44,24,40,73,56,72,12.62,3.02,1.40,4.60,6.40,1.11,1.33,1.91,3.00,1.55,2.30,N/A
1772218800,Feb 27 2026 - 7:00pm,complete,N/A,PSV II,Dordrecht,Stan Teuben,29,1.86,1.57,1.58,1.26,1,1,2,0,0,0,"64","73",6,4,3,0,1,0,2,1,1,0,17,13,4,2,13,11,9,11,53,47,1.71,1.56,1.74,1.22,3.11,57,86,72,36,14,40,79,57,86,10.00,4.22,3.20,3.95,1.98,1.08,1.38,2.05,3.14,1.36,2.87,Sportcomplex De Herdgang
1772218800,Feb 27 2026 - 7:00pm,complete,N/A,ADO Den Haag,VVV,Marc Nagtegaal,29,2.21,1.29,2.42,1.00,1,0,1,1,1,0,"30","",8,2,1,0,3,0,0,1,1,2,26,4,8,0,18,4,13,16,59,41,2.38,1.40,2.71,0.42,3.36,64,90,79,40,22,54,71,57,97,13.21,3.07,1.35,5.70,7.11,1.12,1.36,1.95,3.27,1.57,2.26,Cars Jeans Stadion
1772218800,Feb 27 2026 - 7:00pm,complete,N/A,Den Bosch,Roda JC,Wouter Wiersma,29,1.71,2.00,1.58,1.89,2,2,4,2,2,0,"14,30","75,79",3,7,1,0,3,0,0,1,3,0,13,17,5,6,8,11,15,8,38,62,1.82,1.53,1.39,1.82,3.32,75,86,72,43,18,57,79,47,90,10.93,2.71,2.50,3.50,2.50,1.14,1.50,2.23,3.58,1.42,2.65,Stadion De Vliert
1772218800,Feb 27 2026 - 7:00pm,complete,N/A,Emmen,Willem II,Martin van den Kerkhof,29,1.58,1.36,1.53,1.79,0,3,3,1,0,1,"","62,76,36",8,5,0,0,1,0,0,0,0,1,13,23,0,11,13,12,6,8,49,51,1.85,1.46,1.20,2.47,3.53,73,93,66,52,32,50,89,46,82,11.06,3.39,2.53,3.45,2.58,1.17,1.55,2.35,4.00,1.47,2.55,N/A
1772218800,Feb 27 2026 - 7:00pm,complete,N/A,Ajax II,Helmond Sport,Shona Shukrula,29,1.00,0.62,1.05,0.53,5,1,6,2,2,0,"68,90'2,90'5,31,45","56",4,10,2,0,2,0,0,2,0,2,17,13,7,3,10,10,12,14,39,61,1.42,1.26,1.76,1.61,2.77,51,74,59,41,11,34,70,60,78,9.25,3.48,2.30,3.50,2.80,1.19,1.62,2.50,4.40,1.50,2.40,Sportpark De Toekomst 
1772218800,Feb 27 2026 - 7:00pm,complete,N/A,Utrecht II,Almere City,Clay Ruperti,29,1.43,1.23,1.53,1.32,2,3,5,3,2,1,"16,23","73,79,6",3,8,0,0,1,0,0,0,0,1,16,19,8,9,8,10,11,10,46,54,1.78,1.78,1.92,2.25,3.86,78,89,70,55,41,45,82,52,93,11.12,3.22,2.62,3.80,2.22,1.08,1.38,2.04,3.35,1.36,3.02,N/A
1772218800,Feb 27 2026 - 7:00pm,complete,N/A,MVV,De Graafschap,Edwin van de Graaf,29,1.38,1.71,1.21,1.58,3,3,6,3,1,2,"61,63,9","80,21,26",9,4,3,0,1,0,0,3,1,0,18,24,5,7,13,17,12,4,32,68,1.31,1.79,1.75,2.52,3.15,70,78,63,45,26,44,78,52,89,10.86,3.30,5.00,4.90,1.56,1.08,1.36,1.85,2.90,1.40,2.75,De Geusselt
1772218800,Feb 27 2026 - 7:00pm,complete,N/A,RKC Waalwijk,Eindhoven,Martin Perez,29,1.36,1.00,1.63,0.89,2,1,3,2,1,1,"49,15","23",7,9,0,0,1,0,0,0,0,1,13,21,6,9,7,12,6,12,53,47,1.75,1.51,1.59,2.26,3.04,61,82,54,36,21,40,75,61,75,10.64,3.15,1.91,3.50,3.40,1.20,1.62,2.50,4.40,1.54,2.38,Mandemakers Stadion
1772218800,Feb 27 2026 - 7:00pm,complete,N/A,Oss,Cambuur,Ingmar Oostrom,29,0.86,1.85,1.11,1.79,1,2,3,0,0,0,"89","70,79",4,10,3,0,1,0,2,1,1,0,8,19,2,5,6,14,10,13,36,64,1.46,1.64,0.88,2.03,3.18,60,81,67,34,23,38,86,55,78,11.41,3.76,4.11,3.75,1.67,1.15,1.52,2.42,4.00,1.62,2.20,Frans Heesen Stadion
1772218800,Feb 27 2026 - 7:00pm,complete,N/A,Vitesse,AZ II,Laurens Gerrets,29,1.36,1.64,1.42,1.37,2,0,2,1,1,0,"71,45'1","",7,1,4,0,1,0,0,4,0,1,21,8,4,3,17,5,9,13,48,52,1.59,1.54,1.94,1.01,3.47,79,90,79,54,25,61,90,58,83,9.50,3.64,2.18,3.60,3.07,1.13,1.50,2.16,3.42,1.44,2.60,GelreDome
1772478000,Mar 02 2026 - 7:00pm,complete,N/A,Emmen,Utrecht II,T Hardeman,26,1.46,1.00,1.53,0.89,1,0,1,1,1,0,"5","",4,8,1,0,2,0,0,1,2,0,8,10,4,4,4,6,15,16,45,55,1.80,1.52,1.03,1.29,3.43,66,85,66,50,31,35,81,58,92,10.31,3.00,2.01,3.85,2.80,1.14,1.47,2.29,3.74,1.44,2.60,N/A
1772564400,Mar 03 2026 - 7:00pm,complete,N/A,Cambuur,Almere City,Alex Bos,26,2.54,1.36,2.32,1.32,3,2,5,2,1,1,"64,35,47","24,86",5,6,1,0,1,0,1,0,0,1,22,7,5,4,17,3,3,14,56,44,1.87,1.82,2.27,1.09,3.62,71,89,67,48,37,44,86,56,89,13.79,3.31,1.80,3.80,3.30,1.06,1.33,1.93,2.83,1.35,2.94,N/A
1772823600,Mar 06 2026 - 7:00pm,complete,N/A,Dordrecht,MVV,Ingmar Oostrom,30,1.29,0.80,1.21,0.79,1,1,2,2,1,1,"42","29",9,4,2,0,0,0,0,2,0,0,17,10,6,4,11,6,9,14,59,41,1.75,1.26,1.91,1.08,2.82,45,72,55,34,14,34,65,49,83,10.53,2.70,1.43,4.60,5.50,1.10,1.42,2.20,3.75,1.65,2.10,Riwal Hoogwerkers Stadion
1772823600,Mar 06 2026 - 7:00pm,complete,N/A,Eindhoven,Ajax II,Niels Boel,30,1.43,0.64,1.58,0.79,2,1,3,1,1,0,"26,66","78",3,4,2,0,1,0,0,2,0,1,22,10,8,5,14,5,15,6,50,50,1.45,1.32,2.28,1.20,3.39,54,75,64,50,33,39,75,57,90,7.57,3.29,1.78,3.85,3.75,1.13,1.53,2.29,3.96,1.50,2.51,Jan Louwers Stadion
1772823600,Mar 06 2026 - 7:00pm,complete,N/A,Helmond Sport,Oss,Rick Sturm,30,1.60,1.07,1.53,1.21,1,1,2,0,0,0,"56","48",14,1,0,0,1,0,0,0,0,1,15,12,4,3,11,9,11,12,68,32,1.41,1.32,1.70,1.24,2.99,65,79,51,34,21,31,72,62,79,11.20,3.73,2.10,3.48,3.00,1.23,1.70,2.66,5.00,1.57,2.20,SolarUnie Stadion
1772823600,Mar 06 2026 - 7:00pm,complete,N/A,Roda JC,PSV II,Martin Perez,30,1.21,1.43,1.00,1.37,0,2,2,1,0,1,"","36,70",2,3,1,0,1,0,0,1,0,1,13,13,3,3,10,10,12,9,45,55,1.73,1.68,1.32,1.45,3.79,72,93,72,50,36,54,79,54,90,10.43,3.64,1.46,4.90,5.58,1.05,1.28,1.84,2.80,1.42,2.70,Parkstad Limburg Stadion
1772823600,Mar 06 2026 - 7:00pm,complete,N/A,VVV,RKC Waalwijk,Richard Martens,30,1.36,1.36,1.37,1.42,0,3,3,0,0,0,"","67,62,76",1,3,0,0,1,0,0,0,0,1,7,24,0,8,7,16,12,7,45,55,1.89,1.58,0.63,2.43,2.82,57,79,57,36,11,18,75,47,93,10.86,3.64,2.30,3.80,2.66,1.16,1.47,2.30,3.72,1.44,2.70,Seacon Stadion De Koel
1772897400,Mar 07 2026 - 3:30pm,complete,N/A,Almere City,ADO Den Haag,Edwin van de Graaf,30,1.64,2.43,1.74,2.26,1,0,1,0,0,0,"71","",3,4,3,0,1,0,1,2,1,0,11,6,2,2,9,4,12,9,27,73,2.06,2.05,1.26,1.24,3.57,50,86,75,54,22,50,75,71,93,15.36,3.14,3.25,3.80,1.90,1.13,1.38,2.07,3.08,1.38,2.81,Yanmar Stadion
1772968500,Mar 08 2026 - 11:15am,complete,N/A,De Graafschap,Vitesse,Robin Hensgens,30,1.71,1.21,1.74,1.53,1,4,5,2,0,2,"53","10,31,60,90'1",3,2,1,0,2,0,1,0,1,1,23,13,11,4,12,9,11,17,70,30,2.30,1.67,2.79,1.39,3.32,64,90,61,50,29,36,83,54,83,11.93,3.50,1.70,4.05,3.80,1.07,1.40,1.98,3.19,1.39,2.75,Stadion De Vijverberg
1772976600,Mar 08 2026 - 1:30pm,complete,N/A,Willem II,Den Bosch,Allard Lindhout,30,1.71,1.00,1.79,1.11,1,1,2,2,1,1,"25","45",7,6,1,0,3,1,1,0,0,4,15,12,6,7,9,5,18,16,52,48,1.80,1.32,1.68,1.60,2.89,61,79,61,29,15,40,75,47,90,11.86,3.28,1.65,4.00,3.90,1.08,1.38,2.10,3.50,1.45,2.85,Koning Willem II Stadion
1772984700,Mar 08 2026 - 3:45pm,complete,N/A,Cambuur,Utrecht II,Laurens Gerrets,30,2.57,0.93,2.32,0.89,1,0,1,0,0,0,"63","",8,3,3,0,0,0,1,2,0,0,13,10,5,3,8,7,10,15,54,46,1.90,1.51,1.56,1.05,3.15,61,79,61,43,22,32,79,64,83,11.36,2.72,1.29,5.00,5.25,1.06,1.35,2.01,3.30,1.50,2.30,N/A
1773082800,Mar 09 2026 - 7:00pm,complete,N/A,AZ II,Emmen,Joshua Kuipers,30,0.50,0.79,0.74,0.84,2,3,5,3,1,2,"35,54","18,45'1,77",7,2,0,0,1,0,0,0,0,1,14,10,3,5,11,5,7,8,49,51,1.69,1.41,1.56,1.33,3.29,54,83,64,50,21,33,75,64,90,9.71,3.86,2.08,3.70,2.90,1.14,1.40,2.15,3.70,1.38,2.76,AFAS Trainingscomplex
1773428400,Mar 13 2026 - 7:00pm,complete,N/A,Oss,Willem II,Wouter Wiersma,31,0.80,1.47,1.11,1.79,1,3,4,3,0,3,"60","22,34,39",5,7,0,0,0,0,0,0,0,0,9,25,2,8,7,17,7,13,48,52,1.42,1.53,1.10,2.48,3.17,64,93,74,30,13,34,84,60,80,10.80,3.80,3.48,3.88,1.71,1.12,1.50,2.25,3.85,1.50,2.38,Frans Heesen Stadion
1773428400,Mar 13 2026 - 7:00pm,complete,N/A,Emmen,ADO Den Haag,Richard Martens,31,1.57,2.27,1.53,2.26,0,1,1,1,0,1,"","9",6,7,4,0,1,0,1,3,0,1,5,23,1,10,4,13,13,17,53,47,1.74,1.99,0.66,2.47,3.52,56,83,69,52,28,45,83,55,90,12.53,3.44,5.13,4.53,1.55,1.14,1.40,2.09,3.28,1.50,2.50,N/A
1773428400,Mar 13 2026 - 7:00pm,complete,N/A,PSV II,Eindhoven,Laurens Gerrets,31,1.80,0.93,1.58,0.89,1,2,3,1,1,0,"26","76,59",2,6,1,0,2,0,1,0,1,1,8,18,3,7,5,11,16,19,55,45,1.71,1.56,1.02,2.03,3.13,54,80,63,40,20,44,74,57,80,10.60,3.26,2.30,3.74,2.69,1.12,1.38,2.00,3.30,1.35,2.85,Sportcomplex De Herdgang
1773428400,Mar 13 2026 - 7:00pm,complete,N/A,Ajax II,Den Bosch,Joshua Kuipers,31,1.13,1.00,1.05,1.11,3,2,5,4,3,1,"14,15,32","1,81",5,2,4,0,0,0,0,4,0,0,22,19,7,7,15,12,14,6,54,46,1.44,1.34,2.15,2.01,3.37,70,87,70,50,24,47,83,54,87,10.33,4.00,2.88,3.65,2.09,1.12,1.42,2.05,3.20,1.38,2.90,Sportpark De Toekomst 
1773428400,Mar 13 2026 - 7:00pm,complete,N/A,Utrecht II,Helmond Sport,Niels Boel,31,1.33,0.57,1.53,0.53,1,0,1,0,0,0,"81","",2,4,2,0,1,0,0,2,1,0,8,14,3,4,5,10,18,17,53,47,1.79,1.28,1.12,1.37,3.36,62,79,65,52,27,42,76,62,79,9.19,2.86,1.78,4.00,3.60,1.17,1.57,2.35,4.05,1.53,2.42,N/A
1773428400,Mar 13 2026 - 7:00pm,complete,N/A,MVV,VVV,Stan Teuben,31,1.36,1.20,1.21,1.00,2,1,3,0,0,0,"56,90'5","85",6,6,2,0,3,1,2,0,1,3,13,15,6,2,7,13,8,13,51,49,1.34,1.33,1.70,1.49,3.22,66,76,66,45,21,38,76,59,90,8.97,3.43,2.84,3.60,1.99,1.10,1.47,2.24,4.20,1.40,2.58,De Geusselt
1773428400,Mar 13 2026 - 7:00pm,complete,N/A,RKC Waalwijk,AZ II,T Hardeman,31,1.47,1.53,1.63,1.37,2,1,3,3,2,1,"2,14","40",5,3,0,0,0,0,0,0,0,0,11,9,4,2,7,7,7,10,52,48,1.74,1.51,1.27,1.07,3.47,77,90,67,50,34,54,87,67,80,9.54,2.80,1.83,3.70,3.30,1.08,1.40,2.05,3.48,1.42,2.62,Mandemakers Stadion
1773428400,Mar 13 2026 - 7:00pm,complete,N/A,Cambuur,Roda JC,Edwin van de Graaf,31,2.60,1.93,2.32,1.89,1,1,2,0,0,0,"52","46",4,4,1,0,3,0,1,0,1,2,15,12,6,7,9,5,13,9,50,50,1.87,1.55,1.74,1.53,3.24,70,84,70,50,17,50,84,54,87,11.73,2.67,1.65,4.25,4.10,1.11,1.43,2.08,3.42,1.44,2.47,N/A
1773428400,Mar 13 2026 - 7:00pm,complete,N/A,Vitesse,Almere City,Erwin Blank,31,1.47,1.27,1.42,1.32,1,3,4,2,1,1,"41","13,63,76",8,2,2,0,1,0,0,2,0,1,22,7,3,5,19,2,11,10,59,41,1.62,1.77,2.10,0.91,3.47,77,93,73,43,27,53,90,43,94,11.86,4.13,2.45,3.60,2.37,1.14,1.48,2.12,3.58,1.38,2.68,GelreDome
1773502200,Mar 14 2026 - 3:30pm,complete,N/A,De Graafschap,Dordrecht,Jannick van der Laan,31,1.60,1.53,1.74,1.26,2,1,3,1,1,0,"4,86","75",9,6,0,0,2,0,0,0,2,0,13,17,5,2,8,15,5,6,48,52,2.33,1.54,1.44,1.58,3.17,67,87,60,40,27,37,74,57,87,12.33,3.80,1.90,3.70,3.25,1.10,1.40,2.02,3.65,1.40,2.65,Stadion De Vijverberg
1773687600,Mar 16 2026 - 7:00pm,complete,N/A,Den Bosch,PSV II,Clay Ruperti,32,1.67,1.53,1.58,1.37,1,0,1,1,1,0,"45'2","",4,8,2,0,2,0,0,2,1,1,12,11,3,1,9,10,8,9,36,64,1.79,1.66,1.14,1.21,3.90,77,94,74,50,34,60,83,50,90,10.07,3.53,1.86,4.10,3.43,1.05,1.33,1.81,2.75,1.30,3.10,Stadion De Vliert
1773687600,Mar 16 2026 - 7:00pm,complete,N/A,Helmond Sport,Cambuur,Martin van den Kerkhof,32,1.56,1.93,1.53,1.79,0,1,1,1,0,1,"","2",2,8,2,0,0,0,2,0,0,0,9,8,0,3,9,5,16,4,40,60,1.43,1.67,0.85,1.16,3.20,70,80,63,40,24,44,84,63,80,13.62,3.32,3.90,3.75,1.70,1.16,1.53,2.30,3.88,1.44,2.45,SolarUnie Stadion
1773687600,Mar 16 2026 - 7:00pm,complete,N/A,AZ II,MVV,N/A,32,0.47,0.81,0.74,0.79,1,1,2,1,1,0,"21","54",11,3,0,0,0,0,0,0,0,0,30,10,9,2,21,8,9,6,59,41,1.69,1.25,3.08,1.00,3.30,46,81,68,55,20,42,84,59,84,8.36,2.86,1.57,4.33,4.20,1.09,1.36,1.95,3.05,1.40,2.70,AFAS Trainingscomplex
1773687600,Mar 16 2026 - 7:00pm,complete,N/A,Roda JC,Vitesse,Jeroen Manschot,32,1.13,1.33,1.00,1.53,0,1,1,1,0,1,"","20",10,4,2,0,2,0,0,2,1,1,16,8,5,3,11,5,9,13,62,38,1.70,1.65,1.87,0.95,3.17,57,90,60,40,24,37,77,57,84,10.34,3.86,2.01,3.85,3.35,1.12,1.48,2.45,4.20,1.53,2.38,Parkstad Limburg Stadion
1773774000,Mar 17 2026 - 7:00pm,complete,N/A,Dordrecht,Oss,Martijn Vos,32,1.27,1.07,1.21,1.21,2,2,4,3,2,1,"7,10","28,71",3,2,4,1,2,0,0,5,1,1,19,11,5,5,14,6,17,13,53,47,1.76,1.32,1.93,1.40,2.57,60,73,34,17,17,24,54,50,73,10.86,3.27,1.55,4.00,4.60,1.20,1.55,2.50,4.40,1.67,2.10,Riwal Hoogwerkers Stadion
1773774000,Mar 17 2026 - 7:00pm,complete,N/A,ADO Den Haag,Utrecht II,Shona Shukrula,32,2.27,0.87,2.42,0.89,1,0,1,0,0,0,"50","",5,3,0,0,0,0,0,0,0,0,18,4,8,3,10,1,17,13,58,42,2.40,1.48,1.98,0.61,3.03,57,77,67,33,20,44,70,54,87,12.93,2.40,1.30,5.50,9.31,1.05,1.33,1.90,2.90,1.62,2.06,Cars Jeans Stadion
1773774000,Mar 17 2026 - 7:00pm,complete,N/A,Almere City,RKC Waalwijk,N/A,32,1.73,1.47,1.74,1.42,2,2,4,3,1,2,"25,78","16,28",1,6,3,0,2,0,1,2,1,1,6,10,1,2,5,8,12,6,48,52,2.01,1.63,0.65,1.25,3.27,57,84,67,47,24,37,74,57,93,13.07,3.00,2.00,3.50,3.00,1.09,1.40,2.01,3.25,1.40,2.81,Yanmar Stadion
1773774000,Mar 17 2026 - 7:00pm,complete,N/A,VVV,Ajax II,Kevin Puts,32,1.27,0.60,1.37,0.79,0,1,1,0,0,0,"","67",9,4,3,0,4,0,1,2,2,2,20,11,10,3,10,8,12,9,53,47,1.81,1.31,2.40,1.19,2.87,54,77,60,30,14,14,70,60,93,9.26,3.07,1.75,3.95,3.65,1.09,1.44,2.09,3.58,1.38,2.55,Seacon Stadion De Koel
1774033200,Mar 20 2026 - 7:00pm,complete,N/A,Utrecht II,Dordrecht,Joshua Kuipers,33,1.44,1.44,1.53,1.26,3,1,4,2,2,0,"32,22,58","76",2,8,2,0,4,0,0,2,1,3,12,11,7,7,5,4,11,14,47,53,1.75,1.54,1.53,1.47,3.25,69,85,66,41,22,35,72,60,88,9.38,3.76,2.39,3.35,2.39,1.18,1.60,2.45,4.40,1.46,2.63,N/A
1774033200,Mar 20 2026 - 7:00pm,complete,N/A,Emmen,VVV,N/A,33,1.47,1.13,1.53,1.00,2,2,4,2,2,0,"37,41","62,90'2",7,5,0,0,0,0,0,0,0,0,12,9,3,7,9,2,13,6,51,49,1.67,1.34,1.31,1.47,3.27,62,81,65,46,27,36,81,52,87,10.49,3.98,2.04,3.60,3.10,1.12,1.40,2.11,3.20,1.36,2.82,N/A
1774033200,Mar 20 2026 - 7:00pm,complete,N/A,Ajax II,Almere City,Rick Sturm,33,1.25,1.38,1.05,1.32,0,2,2,1,0,1,"","4,77",6,2,0,0,0,0,0,0,0,0,9,9,4,4,5,5,6,11,65,35,1.49,1.71,1.13,1.06,3.66,75,88,72,56,38,50,82,56,94,11.19,3.76,3.50,4.15,1.62,1.04,1.33,1.83,2.80,1.33,3.07,Sportpark De Toekomst 
1774033200,Mar 20 2026 - 7:00pm,complete,N/A,Oss,Eindhoven,Shona Shukrula,33,0.75,1.06,1.11,0.89,2,1,3,1,0,1,"46,90'4","13",9,8,2,0,1,0,1,1,0,1,15,23,4,5,11,18,8,16,48,52,1.40,1.59,1.64,2.24,3.10,57,85,69,31,16,32,75,60,82,11.38,3.81,3.10,3.80,2.05,1.17,1.57,2.40,4.00,1.48,2.40,Frans Heesen Stadion
1774033200,Mar 20 2026 - 7:00pm,complete,N/A,Roda JC,Helmond Sport,T Hardeman,33,1.06,0.53,1.00,0.53,1,1,2,2,1,1,"43","36",7,10,0,0,2,0,0,0,0,2,13,10,4,3,9,7,7,21,54,46,1.71,1.29,1.43,1.12,2.81,45,74,52,32,19,36,68,55,77,11.11,3.29,1.60,4.15,4.50,1.11,1.53,2.28,3.96,1.57,2.15,Parkstad Limburg Stadion
1774033200,Mar 20 2026 - 7:00pm,complete,N/A,Cambuur,AZ II,Wouter Wiersma,33,2.50,1.44,2.32,1.37,3,4,7,2,1,1,"38,78,81","10,58,87,90'3",11,2,3,1,2,0,2,2,1,1,20,8,8,6,12,2,8,24,71,29,1.87,1.48,2.36,1.01,3.47,69,85,66,54,35,51,82,66,78,10.94,2.82,1.48,4.40,5.43,1.06,1.31,1.88,2.90,1.44,2.58,N/A
1774033200,Mar 20 2026 - 7:00pm,complete,N/A,PSV II,Vitesse,Niels Boel,33,1.69,1.44,1.58,1.53,0,2,2,1,0,1,"","23,55",5,3,1,0,0,0,0,1,0,0,9,11,2,4,7,7,9,11,58,42,1.67,1.60,1.04,1.15,3.22,60,88,69,44,19,38,85,60,82,8.94,3.81,2.89,3.75,2.15,1.08,1.38,2.01,3.08,1.40,3.00,Sportcomplex De Herdgang
1774119600,Mar 21 2026 - 7:00pm,complete,N/A,RKC Waalwijk,Den Bosch,Matonga Simonini,33,1.56,0.94,1.63,1.11,2,3,5,1,1,0,"23,88","59,70,90'1",3,2,1,1,1,0,1,1,0,1,17,9,4,4,13,5,9,10,54,46,1.71,1.38,1.73,1.16,3.38,78,94,69,41,25,53,91,50,82,10.63,3.32,1.87,3.85,3.40,1.11,1.53,2.29,3.83,1.48,2.45,Mandemakers Stadion
1774178100,Mar 22 2026 - 11:15am,complete,N/A,De Graafschap,ADO Den Haag,N/A,33,1.69,2.31,1.74,2.26,1,2,3,1,0,1,"60","5,62",3,7,0,0,2,0,0,0,1,1,12,16,5,5,7,11,9,19,51,49,2.27,2.02,1.30,1.69,3.41,60,82,66,50,29,44,78,60,88,13.94,2.87,2.70,3.70,2.15,1.14,1.50,2.26,3.77,1.44,2.50,Stadion De Vijverberg
1774194300,Mar 22 2026 - 3:45pm,complete,N/A,MVV,Willem II,N/A,33,1.47,1.56,1.21,1.79,0,5,5,2,0,2,"","17,37,52,59,62",1,2,3,0,1,0,1,2,0,1,9,17,4,8,5,9,7,5,47,53,1.36,1.59,1.09,1.91,3.26,71,84,68,43,20,45,81,55,81,9.85,2.90,4.70,4.70,1.60,1.10,1.31,1.97,2.88,1.42,2.60,De Geusselt
1774378800,Mar 24 2026 - 7:00pm,complete,N/A,Emmen,Cambuur,Dennis Higler,22,1.44,2.00,1.53,1.79,2,4,6,4,1,3,"45'1,84","6,21,23,49",5,4,2,0,2,0,0,2,1,1,9,11,4,5,5,6,22,13,58,42,1.65,1.64,1.26,1.27,3.25,62,74,58,45,33,46,87,46,74,12.07,3.10,2.80,3.60,2.03,1.14,1.50,2.15,3.30,1.40,2.70,N/A
1774719900,Mar 28 2026 - 5:45pm,complete,N/A,Willem II,De Graafschap,Rob Dieperink,32,1.67,1.67,1.79,1.58,0,2,2,1,0,1,"","22,65",7,3,1,1,1,0,0,2,0,1,15,11,4,5,11,6,9,14,51,49,1.79,1.84,1.68,1.29,2.73,63,77,54,27,17,43,70,47,87,12.86,3.13,2.24,4.10,2.66,1.05,1.31,1.96,2.92,1.32,3.10,Koning Willem II Stadion
1774728000,Mar 28 2026 - 8:00pm,complete,N/A,Eindhoven,Emmen,Clay Ruperti,32,1.53,0.93,1.58,0.84,1,0,1,0,0,0,"53","",4,7,1,0,3,0,1,0,3,0,17,17,8,5,9,12,12,10,37,63,1.50,1.40,1.92,1.93,3.37,54,77,64,54,30,47,67,57,90,8.67,4.00,2.11,3.84,3.26,1.12,1.53,2.31,3.90,1.44,2.60,Jan Louwers Stadion
1775239200,Apr 03 2026 - 6:00pm,complete,500,AZ II,Helmond Sport,Joshua Kuipers,34,0.50,0.56,0.74,0.53,2,0,2,2,2,0,"18,35","",6,2,0,0,4,0,0,0,1,3,12,8,5,3,7,5,12,15,48,52,1.77,1.28,1.41,0.97,3.07,50,79,60,44,19,35,82,63,79,10.32,3.31,1.84,3.95,3.89,1.14,1.47,2.12,3.34,1.44,2.50,AFAS Trainingscomplex
1775239200,Apr 03 2026 - 6:00pm,complete,N/A,Willem II,PSV II,Rick Sturm,34,1.56,1.44,1.79,1.37,1,0,1,1,1,0,"9","",3,8,2,0,1,0,0,2,0,1,17,13,8,2,9,11,9,12,37,63,1.78,1.64,1.89,1.46,3.10,63,82,57,31,19,44,79,41,85,10.63,3.19,1.39,4.60,4.75,1.06,1.35,2.01,3.20,1.44,2.60,Koning Willem II Stadion
1775239200,Apr 03 2026 - 6:00pm,complete,13986,ADO Den Haag,Ajax II,N/A,34,2.31,0.75,2.42,0.79,4,2,6,4,2,2,"31,41,50,76","14,29",8,5,4,0,2,0,2,2,1,1,17,15,6,5,11,10,16,13,59,41,2.38,1.30,1.90,1.48,3.13,60,78,69,31,25,41,72,54,91,12.06,2.44,1.14,8.06,13.57,1.04,1.33,1.85,2.80,1.83,1.84,Cars Jeans Stadion
1775239200,Apr 03 2026 - 6:00pm,complete,3119,Almere City,Oss,Laurens Gerrets,34,1.69,1.06,1.74,1.21,3,2,5,2,1,1,"47,54,10","82,25",7,3,2,0,1,0,1,1,0,1,20,13,4,3,16,10,14,5,58,42,1.92,1.32,1.96,1.27,3.07,57,78,50,41,22,38,60,57,85,11.38,3.25,1.42,4.70,5.51,1.07,1.38,1.98,3.05,1.50,2.50,Yanmar Stadion
1775239200,Apr 03 2026 - 6:00pm,complete,3333,Dordrecht,Roda JC,Rob Dieperink,34,1.25,1.88,1.21,1.89,0,3,3,2,0,2,"","19,24,59",9,3,1,0,2,0,1,0,0,2,18,9,4,4,14,5,18,12,48,52,1.77,1.55,1.76,1.01,2.88,72,82,60,35,10,44,72,47,85,11.63,3.07,2.15,3.50,2.78,1.15,1.61,2.28,3.85,1.51,2.60,Riwal Hoogwerkers Stadion
1775239200,Apr 03 2026 - 6:00pm,complete,3264,MVV,RKC Waalwijk,Kevin Puts,34,1.38,1.44,1.21,1.42,1,3,4,2,0,2,"69","24,36,73",7,8,2,1,0,0,2,1,0,0,14,23,2,12,12,11,16,12,46,54,1.34,1.61,1.38,2.64,3.32,69,82,69,47,25,38,78,54,91,9.32,3.19,4.60,4.33,1.52,1.08,1.44,2.05,3.45,1.45,2.55,De Geusselt
1775239200,Apr 03 2026 - 6:00pm,complete,6042,VVV,Cambuur,Martijn Vos,34,1.19,2.06,1.37,1.79,3,0,3,1,1,0,"15,87,80","",6,5,3,0,2,0,3,0,2,0,14,8,6,1,8,7,12,14,37,63,1.85,1.61,1.46,0.85,2.82,51,69,53,32,16,28,69,50,82,11.69,3.38,3.53,3.80,1.91,1.12,1.44,2.00,3.35,1.37,2.86,Seacon Stadion De Koel
1775239200,Apr 03 2026 - 6:00pm,complete,2611,Eindhoven,De Graafschap,Martin Perez,34,1.63,1.75,1.58,1.58,2,2,4,0,0,0,"66,87","82,90'5",3,5,1,0,1,0,0,1,1,0,17,8,7,4,10,4,7,10,34,66,1.53,1.80,1.87,1.24,3.32,57,79,63,50,31,50,75,50,91,10.12,3.88,2.50,3.75,2.30,1.11,1.40,2.04,3.40,1.36,2.90,Jan Louwers Stadion
1775239200,Apr 03 2026 - 6:00pm,complete,17036,Vitesse,Emmen,Edwin van de Graaf,34,1.38,0.88,1.42,0.84,3,3,6,4,3,1,"1,4,42","18,53,70",9,2,2,0,4,0,0,2,1,3,15,11,7,5,8,6,10,20,48,52,1.65,1.43,1.71,1.22,3.03,66,85,66,41,13,47,75,47,91,10.31,4.25,1.95,3.74,3.23,1.09,1.43,2.19,3.70,1.42,2.66,GelreDome
1775470500,Apr 06 2026 - 10:15am,complete,2950,Helmond Sport,RKC Waalwijk,Rick Sturm,35,1.47,1.53,1.53,1.42,2,2,4,4,2,2,"32,38","2,25",0,1,4,0,2,0,1,3,0,2,5,14,3,7,2,7,18,12,41,59,1.40,1.67,0.72,1.75,3.18,71,85,68,44,18,35,85,59,88,12.47,3.35,3.20,3.60,1.84,1.14,1.57,2.28,4.09,1.49,2.40,SolarUnie Stadion
1775478600,Apr 06 2026 - 12:30pm,complete,3123,Almere City,Den Bosch,Martin van den Kerkhof,35,1.76,1.06,1.74,1.11,1,2,3,1,0,1,"50","12,86",8,1,2,0,1,0,0,2,1,0,25,10,8,5,17,5,14,8,59,41,1.92,1.37,2.67,1.20,3.62,65,88,74,56,32,53,83,56,91,12.89,3.53,1.61,4.20,4.10,1.06,1.37,1.80,3.00,1.36,2.72,Yanmar Stadion
1775486700,Apr 06 2026 - 2:45pm,complete,11120,De Graafschap,AZ II,Laurens Gerrets,35,1.59,1.53,1.74,1.37,5,0,5,1,1,0,"37,72,90'3,61,77","",9,2,0,0,1,1,0,0,1,1,28,6,16,3,12,3,8,9,62,38,2.22,1.45,3.32,0.79,3.74,76,88,71,59,44,53,85,65,82,11.12,2.47,1.67,4.50,4.10,1.03,1.30,1.75,2.70,1.35,3.00,Stadion De Vijverberg
1775486700,Apr 06 2026 - 2:45pm,complete,14257,Roda JC,Willem II,Marc Nagtegaal,35,1.06,1.65,1.00,1.79,0,1,1,1,0,1,"","18",3,8,2,0,0,0,1,1,0,0,5,14,1,6,4,8,10,16,57,43,1.69,1.61,0.81,1.53,3.09,59,88,59,35,21,47,80,50,76,11.41,2.94,2.20,3.55,2.73,1.18,1.59,2.45,3.96,1.44,2.50,Parkstad Limburg Stadion
1775486700,Apr 06 2026 - 2:45pm,complete,13912,ADO Den Haag,Eindhoven,Jeroen Manschot,35,2.35,1.00,2.42,0.89,4,0,4,1,1,0,"29,68,90'1,80","",2,4,0,0,2,0,0,0,0,2,17,7,8,3,9,4,13,9,58,42,2.35,1.63,2.06,0.90,3.15,56,79,68,32,24,50,71,53,82,14.17,2.89,1.33,5.57,6.00,1.07,1.40,2.02,3.25,1.60,2.20,Cars Jeans Stadion
1775486700,Apr 06 2026 - 2:45pm,complete,13885,Cambuur,Dordrecht,Erwin Blank,35,2.35,1.35,2.32,1.26,1,1,2,0,0,0,"64","81",6,4,0,0,1,0,0,0,1,0,17,6,5,1,12,5,14,19,58,42,1.90,1.54,1.88,0.72,3.12,65,85,62,36,18,35,74,65,85,12.35,4.30,1.71,4.10,4.33,1.11,1.53,2.25,3.58,1.50,2.43,N/A
1775486700,Apr 06 2026 - 2:45pm,complete,6846,Emmen,MVV,Niels Boel,35,1.35,0.82,1.53,0.79,2,1,3,2,1,1,"19,55","24",9,3,3,1,0,0,1,3,0,0,13,11,7,3,6,8,15,5,57,43,1.63,1.24,1.68,1.16,3.30,53,79,62,53,27,47,85,44,82,9.47,2.77,1.33,4.60,4.60,1.12,1.32,1.95,3.30,1.44,2.55,N/A
1775486700,Apr 06 2026 - 2:45pm,complete,3173,Oss,Utrecht II,Kevin Puts,35,0.88,0.81,1.11,0.89,3,1,4,1,0,1,"76,50,58","7",6,4,0,0,1,0,0,0,1,0,15,13,6,4,9,9,15,20,41,59,1.41,1.42,1.63,1.57,2.94,58,79,66,30,13,22,73,61,88,10.13,3.31,2.70,3.80,2.29,1.12,1.48,2.30,3.76,1.45,2.50,Frans Heesen Stadion
1775486700,Apr 06 2026 - 2:45pm,complete,17290,Vitesse,Ajax II,Stan Teuben,35,1.35,0.71,1.42,0.79,6,1,7,2,2,0,"45'2,45'4,54,69,90'1,82","69",5,2,1,0,1,0,1,0,1,0,22,9,11,4,11,5,6,11,42,58,1.65,1.31,2.46,1.20,3.21,71,85,71,38,18,42,85,53,91,9.35,3.65,1.36,4.30,4.20,1.09,1.37,2.08,3.28,1.46,2.53,GelreDome
1775498400,Apr 06 2026 - 6:00pm,complete,1100,PSV II,VVV,Shona Shukrula,35,1.59,1.12,1.58,1.00,1,0,1,0,0,0,"52","",7,6,1,0,1,0,1,0,0,1,14,11,2,3,12,8,9,7,46,54,1.63,1.35,1.48,1.41,3.18,62,85,71,41,15,38,77,62,91,9.30,3.59,2.12,3.70,2.50,1.07,1.40,2.01,3.21,1.33,3.02,Sportcomplex De Herdgang
1775844000,Apr 10 2026 - 6:00pm,complete,3044,Eindhoven,Roda JC,Stan Teuben,36,1.59,1.94,1.58,1.89,1,3,4,2,1,1,"6","2,77,64",5,5,2,0,1,0,0,2,0,1,12,16,3,6,9,10,21,4,39,61,1.55,1.52,1.30,1.77,3.27,62,80,71,53,18,53,74,50,91,8.41,3.29,2.50,3.50,2.30,1.18,1.57,2.26,4.20,1.45,2.50,Jan Louwers Stadion
1775844000,Apr 10 2026 - 6:00pm,complete,5873,Den Bosch,Cambuur,Richard Martens,36,1.75,1.94,1.58,1.79,1,1,2,0,0,0,"57","90'4",7,5,1,0,2,0,0,1,0,2,17,15,7,5,10,10,12,11,45,55,1.75,1.57,1.80,1.73,3.28,64,76,61,37,27,52,79,52,76,11.82,3.09,2.67,3.55,2.20,1.14,1.39,2.10,3.42,1.40,2.75,Stadion De Vliert
1775844000,Apr 10 2026 - 6:00pm,complete,4165,MVV,Helmond Sport,Shona Shukrula,36,1.29,0.53,1.21,0.53,0,0,0,0,0,0,"","",1,7,1,0,0,0,0,1,0,0,9,12,1,2,8,10,15,9,38,62,1.35,1.26,0.93,1.28,3.03,56,74,59,41,21,44,74,59,77,9.47,3.47,2.50,3.50,2.45,1.14,1.61,2.46,4.23,1.47,2.50,De Geusselt
1775844000,Apr 10 2026 - 6:00pm,complete,4221,RKC Waalwijk,Emmen,Wouter Wiersma,36,1.47,0.88,1.63,0.84,5,0,5,2,2,0,"21,18,90,70,90'3","",4,7,1,0,4,0,0,1,1,3,14,10,8,1,6,9,8,15,54,46,1.71,1.42,1.80,0.97,3.24,71,85,62,41,27,44,74,59,85,9.94,3.47,1.61,4.00,4.20,1.07,1.43,1.97,3.45,1.42,2.66,Mandemakers Stadion
1775917800,Apr 11 2026 - 2:30pm,complete,5318,VVV,De Graafschap,Erwin Blank,36,1.29,1.71,1.37,1.58,3,3,6,1,0,1,"71,90'6,90'3","38,59,87",9,4,0,0,1,0,0,0,0,1,18,14,4,5,14,9,10,13,50,50,1.82,1.77,1.76,1.48,2.88,53,80,59,36,15,27,68,53,94,12.00,3.82,2.87,3.88,2.05,1.06,1.32,1.92,2.85,1.30,3.10,Seacon Stadion De Koel
1775988900,Apr 12 2026 - 10:15am,complete,3100,Dordrecht,ADO Den Haag,Ingmar Oostrom,36,1.18,2.35,1.21,2.26,1,0,1,0,0,0,"65","",8,5,2,0,2,0,2,0,1,1,12,5,3,3,9,2,13,17,45,55,1.77,2.00,1.32,0.74,2.95,53,76,59,30,12,38,71,53,82,13.65,3.47,3.35,3.55,1.90,1.18,1.57,2.38,4.20,1.57,2.43,Riwal Hoogwerkers Stadion
1776005100,Apr 12 2026 - 2:45pm,complete,12512,Willem II,Almere City,Jannick van der Laan,36,1.65,1.47,1.79,1.32,2,1,3,1,1,0,"16,53","69",4,7,2,0,0,0,1,1,0,0,11,11,3,3,8,8,5,9,44,56,1.79,1.67,1.20,1.30,2.97,62,80,53,30,24,41,77,44,88,12.36,3.00,2.05,3.75,3.00,1.07,1.42,2.00,3.08,1.35,3.00,Koning Willem II Stadion
1776103200,Apr 13 2026 - 6:00pm,complete,1016,Ajax II,Oss,T Hardeman,36,1.18,1.00,1.05,1.21,1,2,3,0,0,0,"75","49,81",9,7,1,0,2,0,0,1,0,2,17,13,3,5,14,8,12,13,62,38,1.47,1.32,1.68,1.56,3.03,65,79,50,41,24,35,65,53,82,8.41,3.52,2.05,3.60,2.80,1.12,1.50,2.15,3.70,1.44,2.65,Sportpark De Toekomst 
1776103200,Apr 13 2026 - 6:00pm,complete,550,AZ II,PSV II,Niels Boel,36,0.65,1.35,0.74,1.37,0,2,2,1,0,1,"","25,58",7,8,1,0,1,0,1,0,0,1,22,15,7,6,15,9,8,8,53,47,1.75,1.63,2.33,1.80,3.65,62,88,68,53,30,44,94,53,82,9.71,3.41,1.90,3.94,3.35,1.05,1.33,1.80,2.83,1.33,3.00,AFAS Trainingscomplex
1776103200,Apr 13 2026 - 6:00pm,complete,1384,Utrecht II,Vitesse,Martijn Vos,36,1.53,1.53,1.53,1.53,0,3,3,2,0,2,"","11,30,67",5,4,1,0,0,0,0,1,0,0,8,7,3,6,5,1,12,10,50,50,1.74,1.58,0.88,1.23,3.41,65,85,65,53,27,38,82,56,82,8.24,3.36,2.82,3.70,2.22,1.16,1.54,2.29,4.20,1.44,2.60,Stadion Galgenwaard
1776448800,Apr 17 2026 - 6:00pm,complete,11909,De Graafschap,Cambuur,Alex Bos,37,1.67,1.89,1.74,1.79,3,1,4,3,2,1,"29,45'1,63","19",5,2,3,0,3,0,2,1,1,2,20,12,7,3,13,9,14,11,45,55,2.28,1.58,2.08,1.23,3.36,67,81,62,45,36,42,81,59,81,13.00,2.50,2.21,3.60,2.79,1.07,1.40,2.05,2.92,1.36,3.04,Stadion De Vijverberg
1776448800,Apr 17 2026 - 6:00pm,complete,14403,ADO Den Haag,RKC Waalwijk,Stan Teuben,37,2.39,1.50,2.42,1.42,5,1,6,1,1,0,"11,48,51,56,82","88",9,2,2,0,1,0,1,1,0,1,23,7,8,3,15,4,19,11,67,33,2.33,1.67,2.45,0.81,3.34,64,86,75,45,23,50,78,47,89,12.83,2.72,1.70,4.15,4.15,1.11,1.48,2.20,4.15,1.53,2.38,Cars Jeans Stadion
1776448800,Apr 17 2026 - 6:00pm,complete,2592,Helmond Sport,VVV,Klass Clerkx,37,1.44,1.06,1.53,1.00,2,0,2,0,0,0,"77,79","",6,0,2,0,1,0,2,0,0,1,13,7,4,1,9,6,12,12,51,49,1.36,1.35,1.61,0.69,3.09,67,81,67,42,14,36,78,64,86,11.61,3.95,2.60,3.80,2.40,1.13,1.66,2.55,4.20,1.44,2.38,SolarUnie Stadion
1776448800,Apr 17 2026 - 6:00pm,complete,487,Utrecht II,Eindhoven,T Hardeman,37,1.44,0.94,1.53,0.89,3,0,3,2,2,0,"47,22,24","",3,11,2,0,2,1,1,1,1,2,18,18,7,4,11,14,13,14,48,52,1.69,1.59,1.85,1.75,3.36,61,81,67,47,25,42,75,59,84,9.89,2.89,1.95,3.65,2.88,1.11,1.53,2.20,3.58,1.43,2.63,N/A
1776448800,Apr 17 2026 - 6:00pm,complete,2121,PSV II,Ajax II,Joshua Kuipers,37,1.67,0.67,1.58,0.79,0,1,1,0,0,0,"","57",8,0,1,0,2,0,0,1,1,1,17,5,4,2,13,3,15,17,59,41,1.62,1.31,1.84,0.72,3.28,62,81,67,39,25,34,78,62,92,8.55,2.88,1.50,4.00,4.10,1.03,1.31,1.76,2.71,1.33,3.10,Sportcomplex De Herdgang
1776448800,Apr 17 2026 - 6:00pm,complete,3114,Almere City,Dordrecht,Robin Hensgens,37,1.67,1.33,1.74,1.26,4,1,5,3,2,1,"17,56,76,31","45",5,3,1,0,1,0,1,0,1,0,20,13,8,6,12,7,13,13,51,49,1.97,1.49,2.21,1.48,3.14,62,86,67,39,17,39,70,67,92,13.00,4.11,1.95,3.65,3.25,1.14,1.44,2.20,3.75,1.44,2.50,Yanmar Stadion
1776448800,Apr 17 2026 - 6:00pm,complete,7726,Roda JC,Emmen,Jannick van der Laan,37,1.00,0.83,1.00,0.84,2,2,4,2,2,0,"17,45'1","62,77",3,5,0,0,5,1,0,0,1,5,15,15,6,5,9,10,7,16,59,41,1.64,1.40,1.73,1.72,3.06,53,78,53,39,28,42,67,53,83,11.11,3.78,1.34,5.00,6.00,1.10,1.36,1.95,3.10,1.51,2.35,Parkstad Limburg Stadion
1776448800,Apr 17 2026 - 6:00pm,complete,2665,Oss,Den Bosch,Edwin van de Graaf,37,1.00,1.17,1.11,1.11,4,2,6,1,0,1,"49,67,90'2,76","9,47",5,3,3,0,1,0,1,2,1,0,14,13,7,6,7,7,14,17,44,56,1.42,1.36,1.69,1.54,3.48,73,94,81,42,22,36,89,59,89,10.77,3.94,2.69,3.65,2.10,1.10,1.50,2.20,3.84,1.44,2.60,Frans Heesen Stadion
1776448800,Apr 17 2026 - 6:00pm,complete,14800,Willem II,AZ II,Clay Ruperti,37,1.72,1.44,1.79,1.37,3,0,3,2,2,0,"11,14,51","",8,8,1,0,3,0,0,1,0,3,19,20,6,3,13,17,7,10,42,58,1.76,1.42,1.81,2.00,3.06,61,78,59,37,25,45,78,56,78,10.00,2.84,1.57,4.50,4.60,1.10,1.36,2.00,2.97,1.44,2.63,Koning Willem II Stadion
1776448800,Apr 17 2026 - 6:00pm,complete,18218,Vitesse,MVV,Martijn Vos,37,1.44,0.78,1.42,0.79,0,0,0,0,0,0,"","",9,1,0,0,4,0,0,0,1,3,15,8,4,4,11,4,11,17,66,34,1.70,1.23,1.87,0.96,3.17,61,86,70,44,11,56,86,42,86,9.00,3.17,1.33,5.25,6.00,1.10,1.36,1.91,3.00,1.57,2.30,GelreDome
1776708000,Apr 20 2026 - 6:00pm,complete,3214,Den Bosch,Utrecht II,Niels Boel,34,1.71,0.76,1.58,0.89,1,1,2,1,1,0,"12","76",5,10,1,0,4,0,0,1,2,2,15,11,3,3,12,8,9,13,43,57,1.75,1.43,1.44,1.13,3.00,62,74,56,35,18,36,68,56,85,10.29,2.77,1.95,3.75,3.25,1.12,1.44,2.21,3.70,1.42,2.60,Stadion De Vliert
1777053600,Apr 24 2026 - 6:00pm,complete,650,AZ II,Roda JC,Martin Perez,38,0.61,2.00,0.74,1.89,2,0,2,1,1,0,"25,49","",12,4,1,0,0,0,1,0,0,0,29,10,18,4,11,6,12,8,60,40,1.78,1.53,3.61,1.16,3.25,64,89,70,50,14,47,89,56,89,10.00,2.83,1.80,4.15,3.53,1.10,1.35,1.90,3.00,1.35,2.90,AFAS Trainingscomplex
1777053600,Apr 24 2026 - 6:00pm,complete,3648,MVV,Oss,Wouter Wiersma,38,1.28,1.11,1.21,1.21,0,2,2,0,0,0,"","70,83",8,3,2,0,4,0,1,1,0,4,10,10,1,3,9,7,14,12,61,39,1.32,1.33,1.15,1.18,3.06,67,75,53,39,25,36,61,59,81,8.11,3.34,2.45,3.50,2.37,1.15,1.50,2.25,3.68,1.42,2.62,De Geusselt
1777053600,Apr 24 2026 - 6:00pm,complete,5614,VVV,Almere City,Kevin Puts,38,1.28,1.39,1.37,1.32,3,1,4,3,3,0,"21,31,43","85",2,7,0,0,1,0,0,0,0,1,9,15,5,5,4,10,8,10,49,51,1.82,1.65,1.20,1.61,3.25,59,83,64,39,25,28,75,56,97,12.16,3.50,2.50,3.65,2.15,1.11,1.44,1.96,3.05,1.36,2.88,Seacon Stadion De Koel
1777053600,Apr 24 2026 - 6:00pm,complete,3055,Eindhoven,Helmond Sport,N/A,38,1.50,0.56,1.58,0.53,1,0,1,0,0,0,"71","",3,3,3,1,1,0,3,1,0,1,8,12,2,3,6,9,9,10,31,69,1.54,1.26,0.83,1.45,2.94,45,70,56,45,20,45,67,53,75,8.89,3.67,1.85,3.60,3.60,1.10,1.44,2.23,3.75,1.45,2.56,Jan Louwers Stadion
1777053600,Apr 24 2026 - 6:00pm,complete,4428,RKC Waalwijk,PSV II,Richard Martens,38,1.56,1.44,1.63,1.37,4,1,5,1,1,0,"16,48,85,90","73",0,9,2,1,0,0,0,3,0,0,16,16,7,4,9,12,10,6,49,51,1.72,1.63,1.71,1.67,3.56,73,92,67,45,31,50,92,50,81,9.73,3.17,1.78,4.15,3.69,1.10,1.35,1.84,3.15,1.33,3.00,Mandemakers Stadion
1777053600,Apr 24 2026 - 6:00pm,complete,5998,Den Bosch,ADO Den Haag,Rob Dieperink,38,1.67,2.22,1.58,2.26,1,3,4,1,0,1,"63","25,50,49",3,8,0,0,0,0,0,0,0,0,12,26,6,12,6,14,8,11,41,59,1.74,1.93,1.43,3.01,3.17,58,78,62,36,17,45,72,56,86,12.50,3.33,7.50,5.40,1.30,1.08,1.40,2.06,3.20,1.71,2.00,Stadion De Vliert
1777053600,Apr 24 2026 - 6:00pm,complete,3400,Dordrecht,Willem II,Stan Teuben,38,1.28,1.72,1.21,1.79,1,2,3,1,0,1,"78","43,83",4,7,4,0,2,0,1,3,0,2,8,10,2,7,6,3,14,7,50,50,1.75,1.60,0.98,1.51,2.87,59,81,56,28,14,42,75,45,75,12.28,3.06,2.60,3.55,2.48,1.15,1.60,2.45,4.00,1.49,2.50,Riwal Hoogwerkers Stadion
1777053600,Apr 24 2026 - 6:00pm,complete,7308,Emmen,De Graafschap,Shona Shukrula,38,1.44,1.67,1.53,1.58,1,0,1,0,0,0,"46","",7,6,3,0,0,0,3,0,0,0,15,17,6,6,9,11,10,10,42,58,1.63,1.75,1.69,1.90,3.53,70,86,67,53,36,47,86,50,89,12.22,3.61,2.86,3.70,2.01,1.08,1.29,1.82,2.90,1.30,3.10,N/A
1777053600,Apr 24 2026 - 6:00pm,complete,1625,Ajax II,Utrecht II,Rick Sturm,38,1.11,0.78,1.05,0.89,0,2,2,1,0,1,"","19,88",5,3,3,0,2,0,0,3,0,2,11,23,6,5,5,18,8,12,62,38,1.48,1.41,1.66,2.29,2.95,62,75,59,42,17,28,70,56,89,9.67,3.11,2.46,3.68,2.49,1.13,1.44,2.10,3.28,1.36,2.84,Sportpark De Toekomst 
1777053600,Apr 24 2026 - 6:00pm,complete,15000,Cambuur,Vitesse,Martin van den Kerkhof,38,2.28,1.61,2.32,1.53,2,1,3,1,0,1,"51,85","42",9,2,2,0,4,1,1,1,4,1,24,10,4,3,20,7,13,16,73,27,1.89,1.56,2.32,0.97,3.20,59,86,59,42,23,36,81,59,81,11.11,3.56,1.91,3.94,3.20,1.16,1.53,2.30,3.80,1.45,2.50,N/A
