timestamp,date_GMT,status,attendance,home_team_name,away_team_name,referee,Game Week,Pre-Match PPG (Home),Pre-Match PPG (Away),home_ppg,away_ppg,home_team_goal_count,away_team_goal_count,total_goal_count,total_goals_at_half_time,home_team_goal_count_half_time,away_team_goal_count_half_time,home_team_goal_timings,away_team_goal_timings,home_team_corner_count,away_team_corner_count,home_team_yellow_cards,home_team_red_cards,away_team_yellow_cards,away_team_red_cards,home_team_first_half_cards,home_team_second_half_cards,away_team_first_half_cards,away_team_second_half_cards,home_team_shots,away_team_shots,home_team_shots_on_target,away_team_shots_on_target,home_team_shots_off_target,away_team_shots_off_target,home_team_fouls,away_team_fouls,home_team_possession,away_team_possession,Home Team Pre-Match xG,Away Team Pre-Match xG,team_a_xg,team_b_xg,average_goals_per_match_pre_match,btts_percentage_pre_match,over_15_percentage_pre_match,over_25_percentage_pre_match,over_35_percentage_pre_match,over_45_percentage_pre_match,over_15_HT_FHG_percentage_pre_match,over_05_HT_FHG_percentage_pre_match,over_15_2HG_percentage_pre_match,over_05_2HG_percentage_pre_match,average_corners_per_match_pre_match,average_cards_per_match_pre_match,odds_ft_home_team_win,odds_ft_draw,odds_ft_away_team_win,odds_ft_over15,odds_ft_over25,odds_ft_over35,odds_ft_over45,odds_btts_yes,odds_btts_no,stadium_name
1786125600,Aug 07 2026 - 6:00pm,complete,2400,Dordrecht,Ajax II,N/A,1,0.00,0.00,1.50,0.00,2,1,3,3,2,1,"6,14","4",8,3,3,0,3,0,1,2,0,3,19,13,8,6,11,7,18,13,52,48,0.00,0.00,1.87,1.29,0.00,0,0,0,0,0,0,0,0,0,0.00,0.00,1.55,4.50,4.76,1.13,1.44,2.10,3.70,1.53,2.28,Riwal Hoogwerkers Stadion
1786125600,Aug 07 2026 - 6:00pm,complete,2715,Oss,NAC Breda,N/A,1,0.00,0.00,0.00,3.00,1,2,3,1,1,0,"18","69,90'1",3,8,1,0,1,0,0,1,1,0,14,27,4,6,10,21,12,11,29,71,0.00,0.00,1.17,2.32,0.00,0,0,0,0,0,0,0,0,0,0.00,0.00,4.20,4.00,1.60,1.17,1.50,2.29,4.10,1.51,2.39,Frans Heesen Stadion
1786125600,Aug 07 2026 - 6:00pm,complete,6500,VVV,Heracles,N/A,1,0.00,0.00,1.50,3.00,3,4,7,2,0,2,"78,83,86","38,45,71,88",5,5,1,0,2,0,1,0,1,1,11,23,3,8,8,15,13,14,50,50,0.00,0.00,1.16,2.46,0.00,0,0,0,0,0,0,0,0,0,0.00,0.00,2.62,3.40,2.16,1.16,1.57,2.40,4.25,1.45,2.50,Seacon Stadion De Koel
1786125600,Aug 07 2026 - 6:00pm,complete,6566,Emmen,Roda JC,N/A,1,0.00,0.00,3.00,1.50,1,0,1,0,0,0,"68","",0,2,4,0,0,0,1,3,0,0,15,10,7,4,8,6,25,10,44,56,0.00,0.00,1.50,0.98,0.00,0,0,0,0,0,0,0,0,0,0.00,0.00,2.45,3.70,2.42,1.10,1.50,2.18,4.20,1.42,2.61,N/A
1786125600,Aug 07 2026 - 6:00pm,complete,16698,Vitesse,RKC Waalwijk,N/A,1,0.00,0.00,0.50,1.00,1,1,2,1,1,0,"38","87",6,2,2,1,3,0,1,2,1,2,11,18,4,5,7,13,9,14,42,58,0.00,0.00,1.36,1.82,0.00,0,0,0,0,0,0,0,0,0,0.00,0.00,2.39,3.58,2.50,1.12,1.53,2.43,4.33,1.46,2.55,GelreDome
1786199400,Aug 08 2026 - 2:30pm,complete,5584,Den Bosch,Almere City,N/A,1,0.00,0.00,2.00,2.00,1,1,2,0,0,0,"60","63",7,5,0,0,1,0,0,0,0,1,19,22,4,4,15,18,10,8,52,48,0.00,0.00,1.76,2.17,0.00,0,0,0,0,0,0,0,0,0,0.00,0.00,2.90,3.50,2.20,1.11,1.40,2.00,3.40,1.36,2.88,Stadion De Vliert
1786270500,Aug 09 2026 - 10:15am,complete,1782,Helmond Sport,De Graafschap,N/A,1,0.00,0.00,1.00,0.50,1,1,2,2,1,1,"9","45'3",7,3,2,0,2,0,0,2,0,2,11,16,4,3,7,13,12,15,36,64,0.00,0.00,1.26,1.61,0.00,0,0,0,0,0,0,0,0,0,0.00,0.00,3.10,3.35,2.05,1.17,1.57,2.55,4.33,1.44,2.50,SolarUnie Stadion
1786286700,Aug 09 2026 - 2:45pm,complete,3800,MVV,Utrecht II,N/A,1,0.00,0.00,3.00,0.00,2,1,3,2,1,1,"2,46","6",3,5,1,0,1,0,1,0,1,0,11,14,7,3,4,11,12,12,57,43,0.00,0.00,1.54,1.50,0.00,0,0,0,0,0,0,0,0,0,0.00,0.00,2.34,3.60,2.36,1.12,1.57,2.40,4.40,1.47,2.43,De Geusselt
1786384800,Aug 10 2026 - 6:00pm,complete,835,PSV II,Volendam,N/A,1,0.00,0.00,3.00,0.00,3,2,5,2,1,1,"19,82,90","38,61",7,2,1,0,0,0,0,1,0,0,19,4,9,3,10,1,16,4,60,40,0.00,0.00,2.26,0.65,0.00,0,0,0,0,0,0,0,0,0,0.00,0.00,3.50,3.80,1.86,1.12,1.53,2.27,3.68,1.48,2.47,Sportcomplex De Herdgang
1786384800,Aug 10 2026 - 6:00pm,complete,650,AZ II,Eindhoven,N/A,1,0.00,0.00,0.00,1.50,0,1,1,0,0,0,"","82",5,3,1,0,1,0,0,1,1,0,8,10,5,3,3,7,10,12,58,42,0.00,0.00,1.31,1.15,0.00,0,0,0,0,0,0,0,0,0,0.00,0.00,1.95,4.10,2.73,1.11,1.39,2.10,3.60,1.40,2.65,AFAS Trainingscomplex
1786730400,Aug 14 2026 - 6:00pm,complete,10747,Heracles,Den Bosch,N/A,2,0.00,0.00,3.00,0.00,3,2,5,1,1,0,"45'3,74,88","62,87",11,6,0,0,1,0,0,0,1,0,29,9,17,6,12,3,13,9,63,37,0.00,0.00,3.49,1.18,0.00,0,0,0,0,0,0,0,0,0,0.00,0.00,1.51,4.25,4.79,1.14,1.50,2.19,3.55,1.55,2.30,Polman Stadion
1786730400,Aug 14 2026 - 6:00pm,complete,3040,Almere City,PSV II,N/A,2,0.00,0.00,3.00,0.00,3,1,4,2,1,1,"2,49,90'4","9",3,7,1,0,1,0,0,1,0,1,9,20,5,6,4,14,12,6,36,64,0.00,0.00,1.20,2.23,0.00,0,0,0,0,0,0,0,0,0,0.00,0.00,1.66,3.90,3.95,1.06,1.30,1.89,2.88,1.36,2.89,Yanmar Stadion
1786730400,Aug 14 2026 - 6:00pm,complete,7078,Roda JC,Helmond Sport,N/A,2,0.00,0.00,3.00,0.00,2,1,3,2,1,1,"37,53","33",8,1,0,0,3,0,0,0,3,0,17,3,5,2,12,1,12,14,61,39,0.00,0.00,1.83,0.63,0.00,0,0,0,0,0,0,0,0,0,0.00,0.00,1.70,3.70,3.80,1.22,1.71,2.62,4.70,1.62,2.08,Parkstad Limburg Stadion
1786730400,Aug 14 2026 - 6:00pm,complete,2473,RKC Waalwijk,Dordrecht,N/A,2,0.00,0.00,1.00,1.00,2,2,4,1,0,1,"50,90'1","12,73",4,5,1,0,4,0,0,1,1,3,16,13,5,5,11,8,12,11,39,61,0.00,0.00,1.67,1.49,0.00,0,0,0,0,0,0,0,0,0,0.00,0.00,1.84,3.60,3.75,1.20,1.65,2.63,4.75,1.62,2.25,Mandemakers Stadion
1786730400,Aug 14 2026 - 6:00pm,complete,19230,NAC Breda,VVV,N/A,2,0.00,0.00,1.50,3.00,0,2,2,1,0,1,"","4,50",10,1,3,0,3,0,1,2,2,1,25,6,5,4,20,2,9,15,66,34,0.00,0.00,2.44,0.88,0.00,0,0,0,0,0,0,0,0,0,0.00,0.00,1.37,4.80,6.25,1.05,1.32,1.95,3.00,1.55,2.30,Rat Verlegh Stadion
1786730400,Aug 14 2026 - 6:00pm,complete,2533,Eindhoven,MVV,N/A,2,0.00,0.00,0.00,3.00,2,3,5,2,1,1,"15,51","45'4,90,90'3",6,2,0,0,1,0,0,0,1,0,16,16,2,7,14,9,9,7,47,53,0.00,0.00,1.50,1.77,0.00,0,0,0,0,0,0,0,0,0,0.00,0.00,2.10,3.50,3.10,1.14,1.64,2.55,4.50,1.57,2.30,Jan Louwers Stadion
1786804200,Aug 15 2026 - 2:30pm,complete,5686,Volendam,Oss,N/A,2,0.00,0.00,3.00,0.00,3,0,3,1,1,0,"21,72,81","",7,10,1,0,2,0,0,1,2,0,12,11,3,3,9,8,14,10,62,38,0.00,0.00,1.51,1.27,0.00,0,0,0,0,0,0,0,0,0,0.00,0.00,1.40,4.75,6.89,1.17,1.57,2.30,4.30,1.73,2.05,Kras Stadion
1786989600,Aug 17 2026 - 6:00pm,complete,9743,De Graafschap,AZ II,N/A,2,0.00,0.00,0.00,1.50,2,5,7,2,1,1,"30,84","11,52,75,87,90'2",5,3,5,0,2,0,1,4,1,1,22,23,5,10,17,13,13,13,58,42,0.00,0.00,2.10,2.45,0.00,0,0,0,0,0,0,0,0,0,0.00,0.00,1.70,4.80,3.55,1.05,1.24,1.74,2.74,1.36,3.00,Stadion De Vijverberg
1786989600,Aug 17 2026 - 6:00pm,complete,1107,Ajax II,Emmen,N/A,2,0.00,0.00,0.00,3.00,4,6,10,6,3,3,"1,19,22,70","3,35,45'3,51,61,83",3,9,2,0,1,0,1,1,0,1,11,23,5,12,6,11,13,19,51,49,0.00,0.00,1.34,2.73,0.00,0,0,0,0,0,0,0,0,0,0.00,0.00,2.65,3.55,2.20,1.07,1.38,2.04,3.34,1.40,2.88,Sportpark De Toekomst 
1786989600,Aug 17 2026 - 6:00pm,complete,1046,Utrecht II,Vitesse,N/A,2,0.00,0.00,0.00,3.00,1,3,4,2,1,1,"45","30,52,73",3,3,0,1,2,0,0,1,1,1,12,19,3,7,9,12,15,7,37,63,0.00,0.00,1.21,2.11,0.00,0,0,0,0,0,0,0,0,0,0.00,0.00,3.32,3.40,1.92,1.20,1.58,2.60,4.75,1.53,2.30,N/A
1787335200,Aug 21 2026 - 6:00pm,complete,16431,Vitesse,Almere City,N/A,3,1.00,1.00,0.50,2.00,0,3,3,0,0,0,"","53,75,79",7,3,0,0,4,0,0,0,1,3,21,13,5,9,16,4,9,12,60,40,1.36,2.17,2.18,1.65,2.00,100,100,0,0,0,0,50,50,100,11.00,5.00,2.12,3.50,2.73,1.08,1.40,1.97,4.20,1.36,2.55,GelreDome
1787335200,Aug 21 2026 - 6:00pm,complete,4800,MVV,Volendam,N/A,3,3.00,0.00,3.00,0.00,1,0,1,0,0,0,"53","",5,2,2,0,4,0,0,2,1,3,10,9,1,2,9,7,14,15,49,51,1.54,0.65,1.07,1.02,4.00,100,100,100,50,50,100,100,50,100,5.00,1.00,3.05,3.74,1.92,1.19,1.55,2.53,4.20,1.52,2.38,De Geusselt
1787335200,Aug 21 2026 - 6:00pm,complete,2603,Dordrecht,Roda JC,N/A,3,3.00,0.00,1.50,1.50,0,1,1,1,0,1,"","22",7,3,1,0,4,0,0,1,0,4,15,9,5,5,10,4,9,20,58,42,1.87,0.98,1.58,1.19,2.00,50,50,50,0,0,50,50,0,50,10.00,3.00,2.36,3.45,2.55,1.20,1.66,2.63,5.00,1.51,2.40,Riwal Hoogwerkers Stadion
1787335200,Aug 21 2026 - 6:00pm,complete,4771,Den Bosch,Eindhoven,N/A,3,1.00,3.00,2.00,1.50,5,2,7,4,3,1,"13,23,39,53,90'2","8,84",6,1,1,0,0,0,0,1,0,0,20,8,8,3,12,5,9,11,52,48,1.76,1.15,2.21,0.90,1.50,50,50,0,0,0,0,0,50,100,10.00,1.00,2.20,3.60,2.60,1.07,1.40,2.00,3.25,1.36,2.55,Stadion De Vliert
1787335200,Aug 21 2026 - 6:00pm,complete,5962,Emmen,AZ II,N/A,3,3.00,3.00,3.00,1.50,3,1,4,0,0,0,"48,58,71","84",4,3,2,0,1,0,2,0,0,1,17,9,7,5,10,4,9,11,51,49,1.50,2.45,1.99,1.27,4.00,50,50,50,50,50,50,50,50,100,3.00,6.00,2.27,3.60,2.36,1.08,1.40,1.95,3.20,1.36,2.90,N/A
1787335200,Aug 21 2026 - 6:00pm,complete,2154,Helmond Sport,RKC Waalwijk,N/A,3,1.00,1.00,1.00,1.00,1,1,2,1,1,0,"18","79",3,4,3,0,1,0,1,2,0,1,6,12,2,6,4,6,20,8,32,68,1.26,1.82,0.68,1.69,2.00,100,100,0,0,0,50,100,0,50,9.00,5.00,3.70,3.60,1.96,1.20,1.69,2.75,4.85,1.59,2.30,SolarUnie Stadion
1787409000,Aug 22 2026 - 2:30pm,complete,19234,NAC Breda,Ajax II,N/A,3,0.00,0.00,1.50,0.00,3,2,5,1,1,0,"10,71,88","59,80",6,4,3,0,3,0,1,2,1,2,20,11,7,5,13,6,10,21,53,47,2.44,1.29,2.20,1.23,2.50,50,100,50,0,0,50,100,0,50,13.00,6.00,1.25,5.50,7.50,1.10,1.30,1.75,2.70,1.61,2.25,Rat Verlegh Stadion
1787496300,Aug 23 2026 - 2:45pm,complete,5577,VVV,De Graafschap,N/A,3,0.00,1.00,1.50,0.50,2,1,3,3,2,1,"42,45'2","10",4,5,1,0,2,0,1,0,2,0,12,15,2,3,10,12,9,17,51,49,1.16,1.61,1.15,1.58,4.50,100,100,50,50,50,100,100,50,50,8.00,3.00,2.65,3.40,2.20,1.14,1.38,2.10,3.45,1.38,2.98,Seacon Stadion De Koel
1787594400,Aug 24 2026 - 6:00pm,complete,861,Utrecht II,Heracles,N/A,3,0.00,3.00,0.00,3.00,1,6,7,5,0,5,"51","3,7,37,39,45,59",2,7,0,0,1,0,0,0,0,1,15,19,5,9,10,10,10,15,43,57,1.21,2.46,1.55,2.16,5.50,100,100,100,100,50,100,100,100,100,8.00,4.00,4.70,4.00,1.60,1.10,1.50,2.23,3.58,1.53,2.31,Stadion Galgenwaard
1787594400,Aug 24 2026 - 6:00pm,complete,630,PSV II,Oss,N/A,3,3.00,0.00,3.00,0.00,1,0,1,1,1,0,"45","",6,5,1,0,1,0,0,1,1,0,16,11,9,1,7,10,11,9,63,37,2.26,1.27,2.09,1.18,4.00,50,100,100,50,50,50,100,100,100,17.00,3.00,1.50,4.40,4.30,1.08,1.35,2.13,3.17,1.47,2.60,Sportcomplex De Herdgang
1787940000,Aug 28 2026 - 6:00pm,incomplete,N/A,Volendam,Dordrecht,N/A,4,3.00,1.00,3.00,1.00,0,0,0,0,0,0,"","",-1,-1,-1,-1,-1,-1,-1,-1,-1,-1,-1,-1,-1,-1,-1,-1,-1,-1,-1,-1,1.51,1.49,0.00,0.00,3.50,50,100,100,50,0,0,100,100,100,12.00,5.00,1.81,3.84,3.60,1.18,1.60,2.55,4.15,1.61,2.40,Kras Stadion
1787940000,Aug 28 2026 - 6:00pm,incomplete,N/A,Oss,Utrecht II,N/A,4,0.00,0.00,0.00,0.00,0,0,0,0,0,0,"","",-1,-1,-1,-1,-1,-1,-1,-1,-1,-1,-1,-1,-1,-1,-1,-1,-1,-1,-1,-1,1.17,1.50,0.00,0.00,3.00,100,100,100,0,0,50,100,50,100,8.00,2.00,2.00,3.50,3.10,1.16,1.47,2.31,3.88,1.47,2.50,Frans Heesen Stadion
1787940000,Aug 28 2026 - 6:00pm,incomplete,N/A,Den Bosch,Vitesse,N/A,4,2.00,3.00,2.00,3.00,0,0,0,0,0,0,"","",-1,-1,-1,-1,-1,-1,-1,-1,-1,-1,-1,-1,-1,-1,-1,-1,-1,-1,-1,-1,1.98,2.11,0.00,0.00,4.25,100,100,75,75,25,75,75,100,100,9.50,2.50,2.45,3.80,2.43,1.12,1.40,2.02,3.60,1.38,2.81,Stadion De Vliert
1787940000,Aug 28 2026 - 6:00pm,incomplete,N/A,Roda JC,NAC Breda,N/A,4,3.00,3.00,3.00,3.00,0,0,0,0,0,0,"","",-1,-1,-1,-1,-1,-1,-1,-1,-1,-1,-1,-1,-1,-1,-1,-1,-1,-1,-1,-1,1.83,2.32,0.00,0.00,3.00,100,100,100,0,0,50,100,50,100,16.00,1.00,2.90,3.45,2.15,1.20,1.62,2.55,4.50,1.50,2.35,Parkstad Limburg Stadion
1787940000,Aug 28 2026 - 6:00pm,incomplete,N/A,RKC Waalwijk,PSV II,N/A,4,1.00,0.00,1.00,0.00,0,0,0,0,0,0,"","",-1,-1,-1,-1,-1,-1,-1,-1,-1,-1,-1,-1,-1,-1,-1,-1,-1,-1,-1,-1,1.67,2.23,0.00,0.00,4.00,100,100,100,100,0,50,100,100,100,11.00,2.00,1.68,3.80,3.90,1.12,1.44,2.02,3.40,1.42,2.61,Mandemakers Stadion
1787940000,Aug 28 2026 - 6:00pm,incomplete,N/A,Ajax II,Helmond Sport,N/A,4,0.00,0.00,0.00,0.00,0,0,0,0,0,0,"","",-1,-1,-1,-1,-1,-1,-1,-1,-1,-1,-1,-1,-1,-1,-1,-1,-1,-1,-1,-1,1.34,0.63,0.00,0.00,6.50,100,100,100,50,50,100,100,50,100,4.00,5.00,2.10,3.67,2.85,1.14,1.53,2.35,3.78,1.47,2.53,Sportpark De Toekomst 
1787940000,Aug 28 2026 - 6:00pm,incomplete,N/A,AZ II,MVV,N/A,4,0.00,3.00,0.00,3.00,0,0,0,0,0,0,"","",-1,-1,-1,-1,-1,-1,-1,-1,-1,-1,-1,-1,-1,-1,-1,-1,-1,-1,-1,-1,1.31,1.77,0.00,0.00,3.00,50,50,50,50,50,50,50,50,100,7.00,2.00,1.75,4.00,3.27,1.06,1.36,1.96,3.05,1.38,2.88,AFAS Trainingscomplex
1788013800,Aug 29 2026 - 2:30pm,incomplete,N/A,De Graafschap,Almere City,N/A,4,0.00,2.00,0.00,2.00,0,0,0,0,0,0,"","",-1,-1,-1,-1,-1,-1,-1,-1,-1,-1,-1,-1,-1,-1,-1,-1,-1,-1,-1,-1,2.10,1.91,0.00,0.00,4.75,75,100,75,50,50,50,50,100,100,9.00,7.50,2.24,4.05,2.54,1.04,1.34,1.86,2.85,1.33,3.10,Stadion De Vijverberg
1788084900,Aug 30 2026 - 10:15am,incomplete,N/A,Eindhoven,Heracles,N/A,4,0.00,3.00,0.00,3.00,0,0,0,0,0,0,"","",-1,-1,-1,-1,-1,-1,-1,-1,-1,-1,-1,-1,-1,-1,-1,-1,-1,-1,-1,-1,1.50,2.31,0.00,0.00,6.00,100,100,100,100,100,100,100,100,100,12.00,1.50,4.00,3.90,1.66,1.08,1.47,2.02,3.48,1.46,2.55,Jan Louwers Stadion
1788101100,Aug 30 2026 - 2:45pm,incomplete,N/A,VVV,Emmen,N/A,4,1.50,3.00,1.50,3.00,0,0,0,0,0,0,"","",-1,-1,-1,-1,-1,-1,-1,-1,-1,-1,-1,-1,-1,-1,-1,-1,-1,-1,-1,-1,1.16,2.73,0.00,0.00,7.50,100,100,100,75,75,100,100,75,75,13.50,2.00,2.37,3.85,2.40,1.06,1.34,1.97,3.30,1.34,2.93,Seacon Stadion De Koel
1788199200,Aug 31 2026 - 6:00pm,incomplete,N/A,AZ II,Utrecht II,N/A,8,0.00,0.00,0.00,0.00,0,0,0,0,0,0,"","",-1,-1,-1,-1,-1,-1,-1,-1,-1,-1,-1,-1,-1,-1,-1,-1,-1,-1,-1,-1,1.31,1.50,0.00,0.00,2.00,50,50,50,0,0,50,50,0,100,10.00,2.00,0.00,0.00,0.00,0.00,0.00,0.00,0.00,0.00,0.00,AFAS Trainingscomplex
1788199200,Aug 31 2026 - 6:00pm,incomplete,N/A,PSV II,Ajax II,N/A,8,3.00,0.00,3.00,0.00,0,0,0,0,0,0,"","",-1,-1,-1,-1,-1,-1,-1,-1,-1,-1,-1,-1,-1,-1,-1,-1,-1,-1,-1,-1,2.18,1.26,0.00,0.00,3.50,75,75,75,50,50,50,100,50,50,10.00,4.00,1.76,4.10,3.71,1.06,1.32,1.84,2.95,1.36,2.80,Sportcomplex De Herdgang
1788544800,Sep 04 2026 - 6:00pm,incomplete,N/A,Vitesse,Oss,N/A,5,0.50,0.00,0.50,0.00,0,0,0,0,0,0,"","",-1,-1,-1,-1,-1,-1,-1,-1,-1,-1,-1,-1,-1,-1,-1,-1,-1,-1,-1,-1,1.77,1.22,0.00,0.00,2.25,25,75,50,0,0,0,75,50,75,14.00,3.50,0.00,0.00,0.00,0.00,0.00,0.00,0.00,0.00,0.00,GelreDome
1788544800,Sep 04 2026 - 6:00pm,incomplete,N/A,RKC Waalwijk,NAC Breda,N/A,5,1.00,3.00,1.00,3.00,0,0,0,0,0,0,"","",-1,-1,-1,-1,-1,-1,-1,-1,-1,-1,-1,-1,-1,-1,-1,-1,-1,-1,-1,-1,1.67,2.32,0.00,0.00,3.50,100,100,100,50,0,0,100,100,100,12.00,2.00,0.00,0.00,0.00,0.00,0.00,0.00,0.00,0.00,0.00,Mandemakers Stadion
1788544800,Sep 04 2026 - 6:00pm,incomplete,N/A,Almere City,Ajax II,N/A,5,3.00,0.00,3.00,0.00,0,0,0,0,0,0,"","",-1,-1,-1,-1,-1,-1,-1,-1,-1,-1,-1,-1,-1,-1,-1,-1,-1,-1,-1,-1,1.20,1.26,0.00,0.00,4.00,100,100,100,75,25,75,100,75,75,6.50,4.00,0.00,0.00,0.00,0.00,0.00,0.00,0.00,0.00,0.00,Yanmar Stadion
1788544800,Sep 04 2026 - 6:00pm,incomplete,N/A,Emmen,Volendam,N/A,5,3.00,0.00,3.00,0.00,0,0,0,0,0,0,"","",-1,-1,-1,-1,-1,-1,-1,-1,-1,-1,-1,-1,-1,-1,-1,-1,-1,-1,-1,-1,1.74,0.84,0.00,0.00,2.75,50,50,50,50,25,25,25,50,100,4.00,5.00,0.00,0.00,0.00,0.00,0.00,0.00,0.00,0.00,0.00,N/A
1788544800,Sep 04 2026 - 6:00pm,incomplete,N/A,Heracles,De Graafschap,N/A,5,3.00,0.50,3.00,0.50,0,0,0,0,0,0,"","",-1,-1,-1,-1,-1,-1,-1,-1,-1,-1,-1,-1,-1,-1,-1,-1,-1,-1,-1,-1,3.49,1.60,0.00,0.00,3.75,100,100,75,50,50,50,100,50,50,15.00,2.00,0.00,0.00,0.00,0.00,0.00,0.00,0.00,0.00,0.00,Polman Stadion
1788544800,Sep 04 2026 - 6:00pm,incomplete,N/A,Helmond Sport,VVV,N/A,5,1.00,3.00,1.00,3.00,0,0,0,0,0,0,"","",-1,-1,-1,-1,-1,-1,-1,-1,-1,-1,-1,-1,-1,-1,-1,-1,-1,-1,-1,-1,0.97,0.88,0.00,0.00,2.00,50,100,0,0,0,25,100,0,75,6.00,5.50,0.00,0.00,0.00,0.00,0.00,0.00,0.00,0.00,0.00,SolarUnie Stadion
1788618600,Sep 05 2026 - 2:30pm,incomplete,N/A,Dordrecht,AZ II,N/A,5,1.50,1.50,1.50,1.50,0,0,0,0,0,0,"","",-1,-1,-1,-1,-1,-1,-1,-1,-1,-1,-1,-1,-1,-1,-1,-1,-1,-1,-1,-1,1.72,1.86,0.00,0.00,3.75,75,75,75,50,25,50,75,50,50,10.50,3.50,0.00,0.00,0.00,0.00,0.00,0.00,0.00,0.00,0.00,Riwal Hoogwerkers Stadion
1788705900,Sep 06 2026 - 2:45pm,incomplete,N/A,MVV,Roda JC,N/A,5,3.00,1.50,3.00,1.50,0,0,0,0,0,0,"","",-1,-1,-1,-1,-1,-1,-1,-1,-1,-1,-1,-1,-1,-1,-1,-1,-1,-1,-1,-1,1.30,1.08,0.00,0.00,1.50,25,25,25,0,0,25,50,0,75,6.50,3.50,0.00,0.00,0.00,0.00,0.00,0.00,0.00,0.00,0.00,De Geusselt
1788804000,Sep 07 2026 - 6:00pm,incomplete,N/A,PSV II,Den Bosch,N/A,5,3.00,0.00,3.00,0.00,0,0,0,0,0,0,"","",-1,-1,-1,-1,-1,-1,-1,-1,-1,-1,-1,-1,-1,-1,-1,-1,-1,-1,-1,-1,2.18,1.18,0.00,0.00,4.00,75,75,75,75,75,25,100,75,75,12.50,2.00,0.00,0.00,0.00,0.00,0.00,0.00,0.00,0.00,0.00,Sportcomplex De Herdgang
1788804000,Sep 07 2026 - 6:00pm,incomplete,N/A,Utrecht II,Eindhoven,N/A,5,0.00,1.50,0.00,1.50,0,0,0,0,0,0,"","",-1,-1,-1,-1,-1,-1,-1,-1,-1,-1,-1,-1,-1,-1,-1,-1,-1,-1,-1,-1,1.38,1.02,0.00,0.00,4.75,75,75,75,75,50,75,75,75,100,4.50,1.50,0.00,0.00,0.00,0.00,0.00,0.00,0.00,0.00,0.00,N/A
1789149600,Sep 11 2026 - 6:00pm,incomplete,N/A,Ajax II,RKC Waalwijk,N/A,6,0.00,1.00,0.00,1.00,0,0,0,0,0,0,"","",-1,-1,-1,-1,-1,-1,-1,-1,-1,-1,-1,-1,-1,-1,-1,-1,-1,-1,-1,-1,1.34,1.75,0.00,0.00,6.00,100,100,50,50,50,50,100,50,100,6.00,4.00,0.00,0.00,0.00,0.00,0.00,0.00,0.00,0.00,0.00,Sportpark De Toekomst 
1789149600,Sep 11 2026 - 6:00pm,incomplete,N/A,VVV,Oss,N/A,6,1.50,0.00,1.50,0.00,0,0,0,0,0,0,"","",-1,-1,-1,-1,-1,-1,-1,-1,-1,-1,-1,-1,-1,-1,-1,-1,-1,-1,-1,-1,1.16,1.22,0.00,0.00,3.50,50,75,75,25,25,50,100,50,50,12.00,2.50,0.00,0.00,0.00,0.00,0.00,0.00,0.00,0.00,0.00,Seacon Stadion De Koel
1789149600,Sep 11 2026 - 6:00pm,incomplete,N/A,Emmen,De Graafschap,N/A,6,3.00,0.50,3.00,0.50,0,0,0,0,0,0,"","",-1,-1,-1,-1,-1,-1,-1,-1,-1,-1,-1,-1,-1,-1,-1,-1,-1,-1,-1,-1,1.74,1.60,0.00,0.00,2.50,75,75,50,25,0,50,50,25,50,6.00,5.00,0.00,0.00,0.00,0.00,0.00,0.00,0.00,0.00,0.00,N/A
1789149600,Sep 11 2026 - 6:00pm,incomplete,N/A,Helmond Sport,PSV II,N/A,6,1.00,0.00,1.00,0.00,0,0,0,0,0,0,"","",-1,-1,-1,-1,-1,-1,-1,-1,-1,-1,-1,-1,-1,-1,-1,-1,-1,-1,-1,-1,0.97,2.23,0.00,0.00,3.00,100,100,50,50,0,75,100,50,75,12.00,3.50,0.00,0.00,0.00,0.00,0.00,0.00,0.00,0.00,0.00,SolarUnie Stadion
1789149600,Sep 11 2026 - 6:00pm,incomplete,N/A,NAC Breda,Utrecht II,N/A,6,1.50,0.00,1.50,0.00,0,0,0,0,0,0,"","",-1,-1,-1,-1,-1,-1,-1,-1,-1,-1,-1,-1,-1,-1,-1,-1,-1,-1,-1,-1,2.32,1.50,0.00,0.00,3.25,75,100,75,25,25,50,100,25,100,13.00,4.00,0.00,0.00,0.00,0.00,0.00,0.00,0.00,0.00,0.00,Rat Verlegh Stadion
1789149600,Sep 11 2026 - 6:00pm,incomplete,N/A,MVV,Almere City,N/A,6,3.00,2.00,3.00,2.00,0,0,0,0,0,0,"","",-1,-1,-1,-1,-1,-1,-1,-1,-1,-1,-1,-1,-1,-1,-1,-1,-1,-1,-1,-1,1.30,1.91,0.00,0.00,2.25,50,75,50,0,0,25,25,50,100,8.00,4.00,0.00,0.00,0.00,0.00,0.00,0.00,0.00,0.00,0.00,De Geusselt
1789149600,Sep 11 2026 - 6:00pm,incomplete,N/A,Eindhoven,Dordrecht,N/A,6,0.00,1.00,0.00,1.00,0,0,0,0,0,0,"","",-1,-1,-1,-1,-1,-1,-1,-1,-1,-1,-1,-1,-1,-1,-1,-1,-1,-1,-1,-1,1.50,1.49,0.00,0.00,4.50,100,100,100,100,50,50,100,100,100,11.00,4.00,0.00,0.00,0.00,0.00,0.00,0.00,0.00,0.00,0.00,Jan Louwers Stadion
1789149600,Sep 11 2026 - 6:00pm,incomplete,N/A,Heracles,AZ II,N/A,6,3.00,1.50,3.00,1.50,0,0,0,0,0,0,"","",-1,-1,-1,-1,-1,-1,-1,-1,-1,-1,-1,-1,-1,-1,-1,-1,-1,-1,-1,-1,3.49,1.86,0.00,0.00,5.25,100,100,100,100,75,25,75,100,100,14.00,1.50,0.00,0.00,0.00,0.00,0.00,0.00,0.00,0.00,0.00,Polman Stadion
1789223400,Sep 12 2026 - 2:30pm,incomplete,N/A,Roda JC,Vitesse,N/A,6,3.00,3.00,3.00,3.00,0,0,0,0,0,0,"","",-1,-1,-1,-1,-1,-1,-1,-1,-1,-1,-1,-1,-1,-1,-1,-1,-1,-1,-1,-1,1.83,2.11,0.00,0.00,3.50,100,100,100,50,0,100,100,50,100,11.00,2.00,0.00,0.00,0.00,0.00,0.00,0.00,0.00,0.00,0.00,Parkstad Limburg Stadion
1789310700,Sep 13 2026 - 2:45pm,incomplete,N/A,Volendam,Den Bosch,N/A,6,3.00,0.00,3.00,0.00,0,0,0,0,0,0,"","",-1,-1,-1,-1,-1,-1,-1,-1,-1,-1,-1,-1,-1,-1,-1,-1,-1,-1,-1,-1,1.51,1.18,0.00,0.00,4.00,50,100,100,50,50,0,100,100,100,13.00,2.00,0.00,0.00,0.00,0.00,0.00,0.00,0.00,0.00,0.00,Kras Stadion
1789408800,Sep 14 2026 - 6:00pm,incomplete,N/A,PSV II,AZ II,N/A,9,3.00,1.50,3.00,1.50,0,0,0,0,0,0,"","",-1,-1,-1,-1,-1,-1,-1,-1,-1,-1,-1,-1,-1,-1,-1,-1,-1,-1,-1,-1,2.18,1.86,0.00,0.00,4.25,75,75,75,75,50,50,75,75,75,9.50,2.50,0.00,0.00,0.00,0.00,0.00,0.00,0.00,0.00,0.00,Sportcomplex De Herdgang
1789408800,Sep 14 2026 - 6:00pm,incomplete,N/A,Utrecht II,Ajax II,N/A,9,0.00,0.00,0.00,0.00,0,0,0,0,0,0,"","",-1,-1,-1,-1,-1,-1,-1,-1,-1,-1,-1,-1,-1,-1,-1,-1,-1,-1,-1,-1,1.38,1.26,0.00,0.00,4.75,100,100,100,75,50,75,100,75,75,6.00,4.00,0.00,0.00,0.00,0.00,0.00,0.00,0.00,0.00,0.00,N/A
1789754400,Sep 18 2026 - 6:00pm,incomplete,N/A,Utrecht II,VVV,N/A,7,0.00,3.00,0.00,3.00,0,0,0,0,0,0,"","",-1,-1,-1,-1,-1,-1,-1,-1,-1,-1,-1,-1,-1,-1,-1,-1,-1,-1,-1,-1,1.38,0.88,0.00,0.00,3.75,50,100,50,50,25,50,100,50,100,3.50,4.00,0.00,0.00,0.00,0.00,0.00,0.00,0.00,0.00,0.00,N/A
1789754400,Sep 18 2026 - 6:00pm,incomplete,N/A,Ajax II,Roda JC,N/A,7,0.00,1.50,0.00,1.50,0,0,0,0,0,0,"","",-1,-1,-1,-1,-1,-1,-1,-1,-1,-1,-1,-1,-1,-1,-1,-1,-1,-1,-1,-1,1.34,1.08,0.00,0.00,5.50,50,50,50,50,50,50,75,50,75,5.50,4.00,0.00,0.00,0.00,0.00,0.00,0.00,0.00,0.00,0.00,Sportpark De Toekomst 
1789754400,Sep 18 2026 - 6:00pm,incomplete,N/A,Eindhoven,Emmen,N/A,7,0.00,3.00,0.00,3.00,0,0,0,0,0,0,"","",-1,-1,-1,-1,-1,-1,-1,-1,-1,-1,-1,-1,-1,-1,-1,-1,-1,-1,-1,-1,1.50,2.73,0.00,0.00,7.50,100,100,100,100,100,100,100,100,100,15.00,1.00,0.00,0.00,0.00,0.00,0.00,0.00,0.00,0.00,0.00,Jan Louwers Stadion
1789754400,Sep 18 2026 - 6:00pm,incomplete,N/A,Oss,Dordrecht,N/A,7,0.00,1.00,0.00,1.00,0,0,0,0,0,0,"","",-1,-1,-1,-1,-1,-1,-1,-1,-1,-1,-1,-1,-1,-1,-1,-1,-1,-1,-1,-1,1.17,1.49,0.00,0.00,3.50,100,100,100,50,0,0,100,100,100,8.00,5.00,0.00,0.00,0.00,0.00,0.00,0.00,0.00,0.00,0.00,Frans Heesen Stadion
1789754400,Sep 18 2026 - 6:00pm,incomplete,N/A,RKC Waalwijk,MVV,N/A,7,1.00,3.00,1.00,3.00,0,0,0,0,0,0,"","",-1,-1,-1,-1,-1,-1,-1,-1,-1,-1,-1,-1,-1,-1,-1,-1,-1,-1,-1,-1,1.67,1.77,0.00,0.00,4.50,100,100,100,100,50,50,100,100,100,6.00,2.00,0.00,0.00,0.00,0.00,0.00,0.00,0.00,0.00,0.00,Mandemakers Stadion
1789754400,Sep 18 2026 - 6:00pm,incomplete,N/A,Almere City,Heracles,N/A,7,3.00,3.00,3.00,3.00,0,0,0,0,0,0,"","",-1,-1,-1,-1,-1,-1,-1,-1,-1,-1,-1,-1,-1,-1,-1,-1,-1,-1,-1,-1,1.20,2.31,0.00,0.00,5.50,100,100,100,100,50,100,100,100,100,9.00,2.50,0.00,0.00,0.00,0.00,0.00,0.00,0.00,0.00,0.00,Yanmar Stadion
1789754400,Sep 18 2026 - 6:00pm,incomplete,N/A,AZ II,Volendam,N/A,7,0.00,0.00,0.00,0.00,0,0,0,0,0,0,"","",-1,-1,-1,-1,-1,-1,-1,-1,-1,-1,-1,-1,-1,-1,-1,-1,-1,-1,-1,-1,1.31,0.84,0.00,0.00,2.00,25,25,25,25,25,25,25,25,100,7.00,3.00,0.00,0.00,0.00,0.00,0.00,0.00,0.00,0.00,0.00,AFAS Trainingscomplex
1789754400,Sep 18 2026 - 6:00pm,incomplete,N/A,Den Bosch,Helmond Sport,N/A,7,2.00,0.00,2.00,0.00,0,0,0,0,0,0,"","",-1,-1,-1,-1,-1,-1,-1,-1,-1,-1,-1,-1,-1,-1,-1,-1,-1,-1,-1,-1,1.98,0.63,0.00,0.00,3.75,100,100,75,25,25,75,75,50,100,7.50,3.50,0.00,0.00,0.00,0.00,0.00,0.00,0.00,0.00,0.00,Stadion De Vliert
1789828200,Sep 19 2026 - 2:30pm,incomplete,N/A,Vitesse,PSV II,N/A,7,0.50,0.00,0.50,0.00,0,0,0,0,0,0,"","",-1,-1,-1,-1,-1,-1,-1,-1,-1,-1,-1,-1,-1,-1,-1,-1,-1,-1,-1,-1,1.77,2.23,0.00,0.00,3.25,75,100,75,50,0,50,75,75,100,13.50,3.00,0.00,0.00,0.00,0.00,0.00,0.00,0.00,0.00,0.00,GelreDome
1789915500,Sep 20 2026 - 2:45pm,incomplete,N/A,De Graafschap,NAC Breda,N/A,7,0.00,3.00,0.00,3.00,0,0,0,0,0,0,"","",-1,-1,-1,-1,-1,-1,-1,-1,-1,-1,-1,-1,-1,-1,-1,-1,-1,-1,-1,-1,2.10,2.32,0.00,0.00,5.00,100,100,100,50,50,50,100,100,100,13.00,6.00,0.00,0.00,0.00,0.00,0.00,0.00,0.00,0.00,0.00,Stadion De Vijverberg
1790362800,Sep 25 2026 - 7:00pm,incomplete,N/A,Dordrecht,Almere City,N/A,8,1.50,2.00,1.50,2.00,0,0,0,0,0,0,"","",-1,-1,-1,-1,-1,-1,-1,-1,-1,-1,-1,-1,-1,-1,-1,-1,-1,-1,-1,-1,1.72,1.91,0.00,0.00,2.25,50,75,50,0,0,25,50,50,50,11.50,4.50,0.00,0.00,0.00,0.00,0.00,0.00,0.00,0.00,0.00,Riwal Hoogwerkers Stadion
1790433000,Sep 26 2026 - 2:30pm,incomplete,N/A,Heracles,Vitesse,N/A,8,3.00,3.00,3.00,3.00,0,0,0,0,0,0,"","",-1,-1,-1,-1,-1,-1,-1,-1,-1,-1,-1,-1,-1,-1,-1,-1,-1,-1,-1,-1,3.49,2.11,0.00,0.00,4.50,100,100,100,100,50,50,100,100,100,14.00,2.00,0.00,0.00,0.00,0.00,0.00,0.00,0.00,0.00,0.00,Polman Stadion
1790445600,Sep 26 2026 - 6:00pm,incomplete,N/A,Roda JC,RKC Waalwijk,N/A,8,3.00,1.00,3.00,1.00,0,0,0,0,0,0,"","",-1,-1,-1,-1,-1,-1,-1,-1,-1,-1,-1,-1,-1,-1,-1,-1,-1,-1,-1,-1,1.83,1.75,0.00,0.00,2.50,100,100,50,0,0,50,100,0,100,11.00,2.00,0.00,0.00,0.00,0.00,0.00,0.00,0.00,0.00,0.00,Parkstad Limburg Stadion
1790445600,Sep 26 2026 - 6:00pm,incomplete,N/A,NAC Breda,Eindhoven,N/A,8,1.50,1.50,1.50,1.50,0,0,0,0,0,0,"","",-1,-1,-1,-1,-1,-1,-1,-1,-1,-1,-1,-1,-1,-1,-1,-1,-1,-1,-1,-1,2.32,1.02,0.00,0.00,3.75,50,75,50,50,50,25,75,50,100,10.00,3.50,0.00,0.00,0.00,0.00,0.00,0.00,0.00,0.00,0.00,Rat Verlegh Stadion
1790445600,Sep 26 2026 - 6:00pm,incomplete,N/A,MVV,Helmond Sport,N/A,8,3.00,0.00,3.00,0.00,0,0,0,0,0,0,"","",-1,-1,-1,-1,-1,-1,-1,-1,-1,-1,-1,-1,-1,-1,-1,-1,-1,-1,-1,-1,1.30,0.63,0.00,0.00,2.50,75,75,75,0,0,75,75,0,100,5.00,4.50,0.00,0.00,0.00,0.00,0.00,0.00,0.00,0.00,0.00,De Geusselt
1790445600,Sep 26 2026 - 6:00pm,incomplete,N/A,Emmen,Oss,N/A,8,3.00,0.00,3.00,0.00,0,0,0,0,0,0,"","",-1,-1,-1,-1,-1,-1,-1,-1,-1,-1,-1,-1,-1,-1,-1,-1,-1,-1,-1,-1,1.74,1.22,0.00,0.00,2.25,25,50,50,25,0,0,50,50,75,9.50,4.50,0.00,0.00,0.00,0.00,0.00,0.00,0.00,0.00,0.00,N/A
1790445600,Sep 26 2026 - 6:00pm,incomplete,N/A,Volendam,VVV,N/A,8,3.00,3.00,3.00,3.00,0,0,0,0,0,0,"","",-1,-1,-1,-1,-1,-1,-1,-1,-1,-1,-1,-1,-1,-1,-1,-1,-1,-1,-1,-1,1.51,0.88,0.00,0.00,2.50,0,100,50,0,0,0,100,50,100,8.00,4.00,0.00,0.00,0.00,0.00,0.00,0.00,0.00,0.00,0.00,Kras Stadion
1790512200,Sep 27 2026 - 12:30pm,incomplete,N/A,De Graafschap,Den Bosch,N/A,8,0.00,0.00,0.00,0.00,0,0,0,0,0,0,"","",-1,-1,-1,-1,-1,-1,-1,-1,-1,-1,-1,-1,-1,-1,-1,-1,-1,-1,-1,-1,2.10,1.18,0.00,0.00,6.00,100,100,100,100,100,50,100,100,100,11.00,6.00,0.00,0.00,0.00,0.00,0.00,0.00,0.00,0.00,0.00,Stadion De Vijverberg
1790967600,Oct 02 2026 - 7:00pm,incomplete,N/A,Helmond Sport,Heracles,N/A,9,1.00,3.00,1.00,3.00,0,0,0,0,0,0,"","",-1,-1,-1,-1,-1,-1,-1,-1,-1,-1,-1,-1,-1,-1,-1,-1,-1,-1,-1,-1,0.97,2.31,0.00,0.00,4.50,100,100,50,50,50,75,100,50,75,11.00,4.00,0.00,0.00,0.00,0.00,0.00,0.00,0.00,0.00,0.00,SolarUnie Stadion
1791037800,Oct 03 2026 - 2:30pm,incomplete,N/A,Oss,MVV,N/A,9,0.00,3.00,0.00,3.00,0,0,0,0,0,0,"","",-1,-1,-1,-1,-1,-1,-1,-1,-1,-1,-1,-1,-1,-1,-1,-1,-1,-1,-1,-1,1.17,1.77,0.00,0.00,4.00,100,100,100,50,50,50,100,100,100,5.00,2.00,0.00,0.00,0.00,0.00,0.00,0.00,0.00,0.00,0.00,Frans Heesen Stadion
1791037800,Oct 03 2026 - 2:30pm,incomplete,N/A,Vitesse,NAC Breda,N/A,9,0.50,3.00,0.50,3.00,0,0,0,0,0,0,"","",-1,-1,-1,-1,-1,-1,-1,-1,-1,-1,-1,-1,-1,-1,-1,-1,-1,-1,-1,-1,1.77,2.32,0.00,0.00,2.75,75,100,75,0,0,0,75,75,100,14.50,3.00,0.00,0.00,0.00,0.00,0.00,0.00,0.00,0.00,0.00,GelreDome
1791050400,Oct 03 2026 - 6:00pm,incomplete,N/A,RKC Waalwijk,Emmen,N/A,9,1.00,3.00,1.00,3.00,0,0,0,0,0,0,"","",-1,-1,-1,-1,-1,-1,-1,-1,-1,-1,-1,-1,-1,-1,-1,-1,-1,-1,-1,-1,1.67,2.73,0.00,0.00,7.00,100,100,100,100,50,50,100,100,100,13.00,2.00,0.00,0.00,0.00,0.00,0.00,0.00,0.00,0.00,0.00,Mandemakers Stadion
1791050400,Oct 03 2026 - 6:00pm,incomplete,N/A,Almere City,Volendam,N/A,9,3.00,0.00,3.00,0.00,0,0,0,0,0,0,"","",-1,-1,-1,-1,-1,-1,-1,-1,-1,-1,-1,-1,-1,-1,-1,-1,-1,-1,-1,-1,1.20,0.84,0.00,0.00,3.50,75,75,75,75,25,75,75,75,100,5.00,3.00,0.00,0.00,0.00,0.00,0.00,0.00,0.00,0.00,0.00,Yanmar Stadion
1791050400,Oct 03 2026 - 6:00pm,incomplete,N/A,Den Bosch,Dordrecht,N/A,9,2.00,1.00,2.00,1.00,0,0,0,0,0,0,"","",-1,-1,-1,-1,-1,-1,-1,-1,-1,-1,-1,-1,-1,-1,-1,-1,-1,-1,-1,-1,1.98,1.49,0.00,0.00,4.25,100,100,75,75,25,25,75,100,100,11.50,4.50,0.00,0.00,0.00,0.00,0.00,0.00,0.00,0.00,0.00,Stadion De Vliert
1791050400,Oct 03 2026 - 6:00pm,incomplete,N/A,Eindhoven,De Graafschap,N/A,9,0.00,0.50,0.00,0.50,0,0,0,0,0,0,"","",-1,-1,-1,-1,-1,-1,-1,-1,-1,-1,-1,-1,-1,-1,-1,-1,-1,-1,-1,-1,1.50,1.60,0.00,0.00,3.75,100,100,75,50,50,100,100,50,50,10.00,2.00,0.00,0.00,0.00,0.00,0.00,0.00,0.00,0.00,0.00,Jan Louwers Stadion
1791117000,Oct 04 2026 - 12:30pm,incomplete,N/A,VVV,Roda JC,N/A,9,1.50,1.50,1.50,1.50,0,0,0,0,0,0,"","",-1,-1,-1,-1,-1,-1,-1,-1,-1,-1,-1,-1,-1,-1,-1,-1,-1,-1,-1,-1,1.16,1.08,0.00,0.00,3.00,50,50,50,25,25,50,75,25,50,7.00,3.00,0.00,0.00,0.00,0.00,0.00,0.00,0.00,0.00,0.00,Seacon Stadion De Koel
1791568800,Oct 09 2026 - 6:00pm,incomplete,N/A,Oss,Helmond Sport,N/A,10,0.00,0.00,0.00,0.00,0,0,0,0,0,0,"","",-1,-1,-1,-1,-1,-1,-1,-1,-1,-1,-1,-1,-1,-1,-1,-1,-1,-1,-1,-1,1.17,0.63,0.00,0.00,3.00,100,100,100,0,0,50,100,50,100,4.00,4.00,0.00,0.00,0.00,0.00,0.00,0.00,0.00,0.00,0.00,Frans Heesen Stadion
1791568800,Oct 09 2026 - 6:00pm,incomplete,N/A,Dordrecht,Emmen,N/A,10,1.50,3.00,1.50,3.00,0,0,0,0,0,0,"","",-1,-1,-1,-1,-1,-1,-1,-1,-1,-1,-1,-1,-1,-1,-1,-1,-1,-1,-1,-1,1.72,2.73,0.00,0.00,6.00,75,75,75,50,50,75,100,50,50,16.50,3.00,0.00,0.00,0.00,0.00,0.00,0.00,0.00,0.00,0.00,Riwal Hoogwerkers Stadion
1791568800,Oct 09 2026 - 6:00pm,incomplete,N/A,Volendam,Vitesse,N/A,10,3.00,3.00,3.00,3.00,0,0,0,0,0,0,"","",-1,-1,-1,-1,-1,-1,-1,-1,-1,-1,-1,-1,-1,-1,-1,-1,-1,-1,-1,-1,1.51,2.11,0.00,0.00,3.50,50,100,100,50,0,50,100,100,100,10.00,3.00,0.00,0.00,0.00,0.00,0.00,0.00,0.00,0.00,0.00,Kras Stadion
1791568800,Oct 09 2026 - 6:00pm,incomplete,N/A,Roda JC,PSV II,N/A,10,3.00,0.00,3.00,0.00,0,0,0,0,0,0,"","",-1,-1,-1,-1,-1,-1,-1,-1,-1,-1,-1,-1,-1,-1,-1,-1,-1,-1,-1,-1,1.83,2.23,0.00,0.00,3.50,100,100,100,50,0,100,100,50,100,15.00,1.00,0.00,0.00,0.00,0.00,0.00,0.00,0.00,0.00,0.00,Parkstad Limburg Stadion
1791568800,Oct 09 2026 - 6:00pm,incomplete,N/A,Ajax II,VVV,N/A,10,0.00,3.00,0.00,3.00,0,0,0,0,0,0,"","",-1,-1,-1,-1,-1,-1,-1,-1,-1,-1,-1,-1,-1,-1,-1,-1,-1,-1,-1,-1,1.34,0.88,0.00,0.00,6.00,50,100,50,50,50,50,100,50,100,4.00,5.00,0.00,0.00,0.00,0.00,0.00,0.00,0.00,0.00,0.00,Sportpark De Toekomst 
1791568800,Oct 09 2026 - 6:00pm,incomplete,N/A,Heracles,RKC Waalwijk,N/A,10,3.00,1.00,3.00,1.00,0,0,0,0,0,0,"","",-1,-1,-1,-1,-1,-1,-1,-1,-1,-1,-1,-1,-1,-1,-1,-1,-1,-1,-1,-1,3.49,1.75,0.00,0.00,3.50,100,100,50,50,50,0,100,50,100,14.00,2.00,0.00,0.00,0.00,0.00,0.00,0.00,0.00,0.00,0.00,Polman Stadion
1791568800,Oct 09 2026 - 6:00pm,incomplete,N/A,Almere City,Eindhoven,N/A,10,3.00,1.50,3.00,1.50,0,0,0,0,0,0,"","",-1,-1,-1,-1,-1,-1,-1,-1,-1,-1,-1,-1,-1,-1,-1,-1,-1,-1,-1,-1,1.20,1.02,0.00,0.00,4.00,75,75,75,75,25,75,75,75,100,5.00,1.50,0.00,0.00,0.00,0.00,0.00,0.00,0.00,0.00,0.00,Yanmar Stadion
1791568800,Oct 09 2026 - 6:00pm,incomplete,N/A,NAC Breda,MVV,N/A,10,1.50,3.00,1.50,3.00,0,0,0,0,0,0,"","",-1,-1,-1,-1,-1,-1,-1,-1,-1,-1,-1,-1,-1,-1,-1,-1,-1,-1,-1,-1,2.32,1.77,0.00,0.00,4.25,75,100,75,75,75,50,100,75,100,10.00,4.00,0.00,0.00,0.00,0.00,0.00,0.00,0.00,0.00,0.00,Rat Verlegh Stadion
1791568800,Oct 09 2026 - 6:00pm,incomplete,N/A,De Graafschap,Utrecht II,N/A,10,0.00,0.00,0.00,0.00,0,0,0,0,0,0,"","",-1,-1,-1,-1,-1,-1,-1,-1,-1,-1,-1,-1,-1,-1,-1,-1,-1,-1,-1,-1,2.10,1.50,0.00,0.00,5.00,100,100,100,50,50,100,100,50,100,10.00,6.00,0.00,0.00,0.00,0.00,0.00,0.00,0.00,0.00,0.00,Stadion De Vijverberg
1791568800,Oct 09 2026 - 6:00pm,incomplete,N/A,AZ II,Den Bosch,N/A,10,0.00,0.00,0.00,0.00,0,0,0,0,0,0,"","",-1,-1,-1,-1,-1,-1,-1,-1,-1,-1,-1,-1,-1,-1,-1,-1,-1,-1,-1,-1,1.31,1.18,0.00,0.00,3.00,50,50,50,50,50,0,50,50,100,11.00,2.00,0.00,0.00,0.00,0.00,0.00,0.00,0.00,0.00,0.00,AFAS Trainingscomplex
1792173600,Oct 16 2026 - 6:00pm,incomplete,N/A,Helmond Sport,NAC Breda,N/A,11,1.00,3.00,1.00,3.00,0,0,0,0,0,0,"","",-1,-1,-1,-1,-1,-1,-1,-1,-1,-1,-1,-1,-1,-1,-1,-1,-1,-1,-1,-1,0.97,2.32,0.00,0.00,2.50,100,100,50,0,0,25,100,50,75,13.00,3.50,0.00,0.00,0.00,0.00,0.00,0.00,0.00,0.00,0.00,SolarUnie Stadion
1792173600,Oct 16 2026 - 6:00pm,incomplete,N/A,Den Bosch,Oss,N/A,11,2.00,0.00,2.00,0.00,0,0,0,0,0,0,"","",-1,-1,-1,-1,-1,-1,-1,-1,-1,-1,-1,-1,-1,-1,-1,-1,-1,-1,-1,-1,1.98,1.22,0.00,0.00,3.25,50,75,50,25,25,25,75,75,75,14.00,2.00,0.00,0.00,0.00,0.00,0.00,0.00,0.00,0.00,0.00,Stadion De Vliert
1792173600,Oct 16 2026 - 6:00pm,incomplete,N/A,VVV,AZ II,N/A,11,1.50,1.50,1.50,1.50,0,0,0,0,0,0,"","",-1,-1,-1,-1,-1,-1,-1,-1,-1,-1,-1,-1,-1,-1,-1,-1,-1,-1,-1,-1,1.16,1.86,0.00,0.00,5.25,100,100,100,75,50,75,75,75,75,7.50,2.50,0.00,0.00,0.00,0.00,0.00,0.00,0.00,0.00,0.00,Seacon Stadion De Koel
1792173600,Oct 16 2026 - 6:00pm,incomplete,N/A,Eindhoven,Vitesse,N/A,11,0.00,3.00,0.00,3.00,0,0,0,0,0,0,"","",-1,-1,-1,-1,-1,-1,-1,-1,-1,-1,-1,-1,-1,-1,-1,-1,-1,-1,-1,-1,1.50,2.11,0.00,0.00,4.50,100,100,100,100,50,100,100,100,100,9.00,2.00,0.00,0.00,0.00,0.00,0.00,0.00,0.00,0.00,0.00,Jan Louwers Stadion
1792247400,Oct 17 2026 - 2:30pm,incomplete,N/A,Emmen,Almere City,N/A,11,3.00,2.00,3.00,2.00,0,0,0,0,0,0,"","",-1,-1,-1,-1,-1,-1,-1,-1,-1,-1,-1,-1,-1,-1,-1,-1,-1,-1,-1,-1,1.74,1.91,0.00,0.00,2.50,50,75,50,25,0,0,0,75,100,6.00,5.50,0.00,0.00,0.00,0.00,0.00,0.00,0.00,0.00,0.00,N/A
1792318500,Oct 18 2026 - 10:15am,incomplete,N/A,RKC Waalwijk,Volendam,N/A,11,1.00,0.00,1.00,0.00,0,0,0,0,0,0,"","",-1,-1,-1,-1,-1,-1,-1,-1,-1,-1,-1,-1,-1,-1,-1,-1,-1,-1,-1,-1,1.67,0.84,0.00,0.00,3.50,75,75,75,75,25,25,75,75,100,6.00,3.00,0.00,0.00,0.00,0.00,0.00,0.00,0.00,0.00,0.00,Mandemakers Stadion
1792334700,Oct 18 2026 - 2:45pm,incomplete,N/A,MVV,Heracles,N/A,11,3.00,3.00,3.00,3.00,0,0,0,0,0,0,"","",-1,-1,-1,-1,-1,-1,-1,-1,-1,-1,-1,-1,-1,-1,-1,-1,-1,-1,-1,-1,1.30,2.31,0.00,0.00,4.50,75,75,75,50,50,75,75,50,100,10.00,3.00,0.00,0.00,0.00,0.00,0.00,0.00,0.00,0.00,0.00,De Geusselt
1792432800,Oct 19 2026 - 6:00pm,incomplete,N/A,Utrecht II,Roda JC,N/A,11,0.00,1.50,0.00,1.50,0,0,0,0,0,0,"","",-1,-1,-1,-1,-1,-1,-1,-1,-1,-1,-1,-1,-1,-1,-1,-1,-1,-1,-1,-1,1.38,1.08,0.00,0.00,3.25,50,50,50,50,25,50,75,50,75,5.00,3.00,0.00,0.00,0.00,0.00,0.00,0.00,0.00,0.00,0.00,N/A
1792432800,Oct 19 2026 - 6:00pm,incomplete,N/A,PSV II,Dordrecht,N/A,11,3.00,1.00,3.00,1.00,0,0,0,0,0,0,"","",-1,-1,-1,-1,-1,-1,-1,-1,-1,-1,-1,-1,-1,-1,-1,-1,-1,-1,-1,-1,2.18,1.49,0.00,0.00,3.50,75,75,75,75,25,25,100,75,75,11.50,5.00,0.00,0.00,0.00,0.00,0.00,0.00,0.00,0.00,0.00,Sportcomplex De Herdgang
1792432800,Oct 19 2026 - 6:00pm,incomplete,N/A,Ajax II,De Graafschap,N/A,11,0.00,0.50,0.00,0.50,0,0,0,0,0,0,"","",-1,-1,-1,-1,-1,-1,-1,-1,-1,-1,-1,-1,-1,-1,-1,-1,-1,-1,-1,-1,1.34,1.60,0.00,0.00,6.25,100,100,75,50,50,100,100,50,50,7.00,4.00,0.00,0.00,0.00,0.00,0.00,0.00,0.00,0.00,0.00,Sportpark De Toekomst 
1792778400,Oct 23 2026 - 6:00pm,incomplete,N/A,Den Bosch,MVV,N/A,12,2.00,3.00,2.00,3.00,0,0,0,0,0,0,"","",-1,-1,-1,-1,-1,-1,-1,-1,-1,-1,-1,-1,-1,-1,-1,-1,-1,-1,-1,-1,1.98,1.77,0.00,0.00,4.75,100,100,75,75,75,75,75,100,100,8.50,1.50,0.00,0.00,0.00,0.00,0.00,0.00,0.00,0.00,0.00,Stadion De Vliert
1792778400,Oct 23 2026 - 6:00pm,incomplete,N/A,Volendam,Utrecht II,N/A,12,3.00,0.00,3.00,0.00,0,0,0,0,0,0,"","",-1,-1,-1,-1,-1,-1,-1,-1,-1,-1,-1,-1,-1,-1,-1,-1,-1,-1,-1,-1,1.51,1.50,0.00,0.00,3.00,50,100,100,0,0,50,100,50,100,12.00,2.00,0.00,0.00,0.00,0.00,0.00,0.00,0.00,0.00,0.00,Kras Stadion
1792778400,Oct 23 2026 - 6:00pm,incomplete,N/A,Vitesse,Emmen,N/A,12,0.50,3.00,0.50,3.00,0,0,0,0,0,0,"","",-1,-1,-1,-1,-1,-1,-1,-1,-1,-1,-1,-1,-1,-1,-1,-1,-1,-1,-1,-1,1.77,2.73,0.00,0.00,6.25,75,100,75,50,50,50,75,75,100,15.50,3.00,0.00,0.00,0.00,0.00,0.00,0.00,0.00,0.00,0.00,GelreDome
1792778400,Oct 23 2026 - 6:00pm,incomplete,N/A,Oss,Ajax II,N/A,12,0.00,0.00,0.00,0.00,0,0,0,0,0,0,"","",-1,-1,-1,-1,-1,-1,-1,-1,-1,-1,-1,-1,-1,-1,-1,-1,-1,-1,-1,-1,1.17,1.26,0.00,0.00,3.50,100,100,100,25,25,25,100,75,75,6.50,4.00,0.00,0.00,0.00,0.00,0.00,0.00,0.00,0.00,0.00,Frans Heesen Stadion
1792778400,Oct 23 2026 - 6:00pm,incomplete,N/A,Almere City,Roda JC,N/A,12,3.00,1.50,3.00,1.50,0,0,0,0,0,0,"","",-1,-1,-1,-1,-1,-1,-1,-1,-1,-1,-1,-1,-1,-1,-1,-1,-1,-1,-1,-1,1.20,1.08,0.00,0.00,2.50,50,50,50,50,0,50,75,50,75,5.50,3.00,0.00,0.00,0.00,0.00,0.00,0.00,0.00,0.00,0.00,Yanmar Stadion
1792778400,Oct 23 2026 - 6:00pm,incomplete,N/A,De Graafschap,RKC Waalwijk,N/A,12,0.00,1.00,0.00,1.00,0,0,0,0,0,0,"","",-1,-1,-1,-1,-1,-1,-1,-1,-1,-1,-1,-1,-1,-1,-1,-1,-1,-1,-1,-1,2.10,1.75,0.00,0.00,4.50,100,100,50,50,50,50,100,50,100,8.00,7.00,0.00,0.00,0.00,0.00,0.00,0.00,0.00,0.00,0.00,Stadion De Vijverberg
1792778400,Oct 23 2026 - 6:00pm,incomplete,N/A,NAC Breda,Heracles,N/A,12,1.50,3.00,1.50,3.00,0,0,0,0,0,0,"","",-1,-1,-1,-1,-1,-1,-1,-1,-1,-1,-1,-1,-1,-1,-1,-1,-1,-1,-1,-1,2.32,2.31,0.00,0.00,5.25,75,100,75,75,75,50,100,75,100,14.00,4.50,0.00,0.00,0.00,0.00,0.00,0.00,0.00,0.00,0.00,Rat Verlegh Stadion
1792778400,Oct 23 2026 - 6:00pm,incomplete,N/A,Eindhoven,PSV II,N/A,12,0.00,0.00,0.00,0.00,0,0,0,0,0,0,"","",-1,-1,-1,-1,-1,-1,-1,-1,-1,-1,-1,-1,-1,-1,-1,-1,-1,-1,-1,-1,1.50,2.23,0.00,0.00,4.50,100,100,100,100,50,100,100,100,100,13.00,1.00,0.00,0.00,0.00,0.00,0.00,0.00,0.00,0.00,0.00,Jan Louwers Stadion
1792778400,Oct 23 2026 - 6:00pm,incomplete,N/A,AZ II,Helmond Sport,N/A,12,0.00,0.00,0.00,0.00,0,0,0,0,0,0,"","",-1,-1,-1,-1,-1,-1,-1,-1,-1,-1,-1,-1,-1,-1,-1,-1,-1,-1,-1,-1,1.31,0.63,0.00,0.00,2.00,50,50,50,0,0,50,50,0,100,6.00,4.00,0.00,0.00,0.00,0.00,0.00,0.00,0.00,0.00,0.00,AFAS Trainingscomplex
1792852200,Oct 24 2026 - 2:30pm,incomplete,N/A,Dordrecht,VVV,N/A,12,1.50,3.00,1.50,3.00,0,0,0,0,0,0,"","",-1,-1,-1,-1,-1,-1,-1,-1,-1,-1,-1,-1,-1,-1,-1,-1,-1,-1,-1,-1,1.72,0.88,0.00,0.00,2.00,25,75,25,0,0,25,100,0,50,8.50,5.00,0.00,0.00,0.00,0.00,0.00,0.00,0.00,0.00,0.00,Riwal Hoogwerkers Stadion
1793386800,Oct 30 2026 - 7:00pm,incomplete,N/A,Emmen,Den Bosch,N/A,13,3.00,0.00,3.00,0.00,0,0,0,0,0,0,"","",-1,-1,-1,-1,-1,-1,-1,-1,-1,-1,-1,-1,-1,-1,-1,-1,-1,-1,-1,-1,1.74,1.18,0.00,0.00,3.75,75,75,75,75,50,0,50,75,100,8.00,4.00,0.00,0.00,0.00,0.00,0.00,0.00,0.00,0.00,0.00,N/A
1793386800,Oct 30 2026 - 7:00pm,incomplete,N/A,RKC Waalwijk,Almere City,N/A,13,1.00,2.00,1.00,2.00,0,0,0,0,0,0,"","",-1,-1,-1,-1,-1,-1,-1,-1,-1,-1,-1,-1,-1,-1,-1,-1,-1,-1,-1,-1,1.67,1.91,0.00,0.00,3.25,75,100,75,50,0,0,50,100,100,8.00,3.50,0.00,0.00,0.00,0.00,0.00,0.00,0.00,0.00,0.00,Mandemakers Stadion
1793386800,Oct 30 2026 - 7:00pm,incomplete,N/A,Helmond Sport,Eindhoven,N/A,13,1.00,1.50,1.00,1.50,0,0,0,0,0,0,"","",-1,-1,-1,-1,-1,-1,-1,-1,-1,-1,-1,-1,-1,-1,-1,-1,-1,-1,-1,-1,0.97,1.02,0.00,0.00,3.00,75,75,25,25,25,50,75,25,75,7.00,3.00,0.00,0.00,0.00,0.00,0.00,0.00,0.00,0.00,0.00,SolarUnie Stadion
1793386800,Oct 30 2026 - 7:00pm,incomplete,N/A,Roda JC,AZ II,N/A,13,3.00,1.50,3.00,1.50,0,0,0,0,0,0,"","",-1,-1,-1,-1,-1,-1,-1,-1,-1,-1,-1,-1,-1,-1,-1,-1,-1,-1,-1,-1,1.83,1.86,0.00,0.00,4.25,100,100,100,50,25,75,75,50,100,11.00,1.50,0.00,0.00,0.00,0.00,0.00,0.00,0.00,0.00,0.00,Parkstad Limburg Stadion
1793386800,Oct 30 2026 - 7:00pm,incomplete,N/A,Volendam,De Graafschap,N/A,13,3.00,0.50,3.00,0.50,0,0,0,0,0,0,"","",-1,-1,-1,-1,-1,-1,-1,-1,-1,-1,-1,-1,-1,-1,-1,-1,-1,-1,-1,-1,1.51,1.60,0.00,0.00,2.75,50,100,75,0,0,50,100,50,50,11.00,3.00,0.00,0.00,0.00,0.00,0.00,0.00,0.00,0.00,0.00,Kras Stadion
1793460600,Oct 31 2026 - 3:30pm,incomplete,N/A,MVV,VVV,N/A,13,3.00,3.00,3.00,3.00,0,0,0,0,0,0,"","",-1,-1,-1,-1,-1,-1,-1,-1,-1,-1,-1,-1,-1,-1,-1,-1,-1,-1,-1,-1,1.30,0.88,0.00,0.00,2.00,25,75,25,0,0,25,75,0,100,5.00,4.50,0.00,0.00,0.00,0.00,0.00,0.00,0.00,0.00,0.00,De Geusselt
1793646000,Nov 02 2026 - 7:00pm,incomplete,N/A,Heracles,Oss,N/A,13,3.00,0.00,3.00,0.00,0,0,0,0,0,0,"","",-1,-1,-1,-1,-1,-1,-1,-1,-1,-1,-1,-1,-1,-1,-1,-1,-1,-1,-1,-1,3.49,1.22,0.00,0.00,3.50,50,75,75,50,50,0,100,75,75,18.50,1.50,0.00,0.00,0.00,0.00,0.00,0.00,0.00,0.00,0.00,Polman Stadion
1793646000,Nov 02 2026 - 7:00pm,incomplete,N/A,Utrecht II,Dordrecht,N/A,13,0.00,1.00,0.00,1.00,0,0,0,0,0,0,"","",-1,-1,-1,-1,-1,-1,-1,-1,-1,-1,-1,-1,-1,-1,-1,-1,-1,-1,-1,-1,1.38,1.49,0.00,0.00,4.75,100,100,100,100,25,50,100,100,100,7.50,5.00,0.00,0.00,0.00,0.00,0.00,0.00,0.00,0.00,0.00,N/A
1793646000,Nov 02 2026 - 7:00pm,incomplete,N/A,PSV II,NAC Breda,N/A,13,3.00,3.00,3.00,3.00,0,0,0,0,0,0,"","",-1,-1,-1,-1,-1,-1,-1,-1,-1,-1,-1,-1,-1,-1,-1,-1,-1,-1,-1,-1,2.18,2.32,0.00,0.00,3.00,75,75,75,25,25,25,100,75,75,14.50,2.00,0.00,0.00,0.00,0.00,0.00,0.00,0.00,0.00,0.00,Sportcomplex De Herdgang
1793646000,Nov 02 2026 - 7:00pm,incomplete,N/A,Ajax II,Vitesse,N/A,13,0.00,3.00,0.00,3.00,0,0,0,0,0,0,"","",-1,-1,-1,-1,-1,-1,-1,-1,-1,-1,-1,-1,-1,-1,-1,-1,-1,-1,-1,-1,1.34,2.11,0.00,0.00,7.00,100,100,100,100,50,100,100,100,100,6.00,4.00,0.00,0.00,0.00,0.00,0.00,0.00,0.00,0.00,0.00,Sportpark De Toekomst 
1793991600,Nov 06 2026 - 7:00pm,incomplete,N/A,Dordrecht,NAC Breda,N/A,14,1.50,3.00,1.50,3.00,0,0,0,0,0,0,"","",-1,-1,-1,-1,-1,-1,-1,-1,-1,-1,-1,-1,-1,-1,-1,-1,-1,-1,-1,-1,1.72,2.32,0.00,0.00,2.50,75,75,75,0,0,25,100,50,50,15.50,3.00,0.00,0.00,0.00,0.00,0.00,0.00,0.00,0.00,0.00,Riwal Hoogwerkers Stadion
1793991600,Nov 06 2026 - 7:00pm,incomplete,N/A,VVV,PSV II,N/A,14,1.50,0.00,1.50,0.00,0,0,0,0,0,0,"","",-1,-1,-1,-1,-1,-1,-1,-1,-1,-1,-1,-1,-1,-1,-1,-1,-1,-1,-1,-1,1.16,2.23,0.00,0.00,4.50,100,100,100,75,25,100,100,75,75,11.50,2.00,0.00,0.00,0.00,0.00,0.00,0.00,0.00,0.00,0.00,Seacon Stadion De Koel
1793991600,Nov 06 2026 - 7:00pm,incomplete,N/A,Heracles,Roda JC,N/A,14,3.00,1.50,3.00,1.50,0,0,0,0,0,0,"","",-1,-1,-1,-1,-1,-1,-1,-1,-1,-1,-1,-1,-1,-1,-1,-1,-1,-1,-1,-1,3.49,1.08,0.00,0.00,3.00,50,50,50,50,50,0,75,50,75,13.50,2.00,0.00,0.00,0.00,0.00,0.00,0.00,0.00,0.00,0.00,Polman Stadion
1793991600,Nov 06 2026 - 7:00pm,incomplete,N/A,Helmond Sport,Volendam,N/A,14,1.00,0.00,1.00,0.00,0,0,0,0,0,0,"","",-1,-1,-1,-1,-1,-1,-1,-1,-1,-1,-1,-1,-1,-1,-1,-1,-1,-1,-1,-1,0.97,0.84,0.00,0.00,2.50,75,75,25,25,25,50,75,25,75,7.00,4.50,0.00,0.00,0.00,0.00,0.00,0.00,0.00,0.00,0.00,SolarUnie Stadion
1793991600,Nov 06 2026 - 7:00pm,incomplete,N/A,Eindhoven,Ajax II,N/A,14,0.00,0.00,0.00,0.00,0,0,0,0,0,0,"","",-1,-1,-1,-1,-1,-1,-1,-1,-1,-1,-1,-1,-1,-1,-1,-1,-1,-1,-1,-1,1.50,1.26,0.00,0.00,4.50,100,100,100,75,75,75,100,75,75,9.50,3.00,0.00,0.00,0.00,0.00,0.00,0.00,0.00,0.00,0.00,Jan Louwers Stadion
1793991600,Nov 06 2026 - 7:00pm,incomplete,N/A,Oss,RKC Waalwijk,N/A,14,0.00,1.00,0.00,1.00,0,0,0,0,0,0,"","",-1,-1,-1,-1,-1,-1,-1,-1,-1,-1,-1,-1,-1,-1,-1,-1,-1,-1,-1,-1,1.17,1.75,0.00,0.00,2.50,100,100,50,0,0,0,100,50,100,6.00,3.00,0.00,0.00,0.00,0.00,0.00,0.00,0.00,0.00,0.00,Frans Heesen Stadion
1793991600,Nov 06 2026 - 7:00pm,incomplete,N/A,AZ II,Almere City,N/A,14,0.00,2.00,0.00,2.00,0,0,0,0,0,0,"","",-1,-1,-1,-1,-1,-1,-1,-1,-1,-1,-1,-1,-1,-1,-1,-1,-1,-1,-1,-1,1.31,1.91,0.00,0.00,1.75,25,50,25,0,0,0,0,50,100,9.00,3.50,0.00,0.00,0.00,0.00,0.00,0.00,0.00,0.00,0.00,AFAS Trainingscomplex
1794065400,Nov 07 2026 - 3:30pm,incomplete,N/A,Den Bosch,Utrecht II,N/A,14,2.00,0.00,2.00,0.00,0,0,0,0,0,0,"","",-1,-1,-1,-1,-1,-1,-1,-1,-1,-1,-1,-1,-1,-1,-1,-1,-1,-1,-1,-1,1.98,1.50,0.00,0.00,3.75,100,100,75,25,25,75,75,50,100,11.50,1.50,0.00,0.00,0.00,0.00,0.00,0.00,0.00,0.00,0.00,Stadion De Vliert
1794136500,Nov 08 2026 - 11:15am,incomplete,N/A,Vitesse,De Graafschap,N/A,14,0.50,0.50,0.50,0.50,0,0,0,0,0,0,"","",-1,-1,-1,-1,-1,-1,-1,-1,-1,-1,-1,-1,-1,-1,-1,-1,-1,-1,-1,-1,1.77,1.60,0.00,0.00,2.50,75,100,50,0,0,50,75,25,50,10.50,4.00,0.00,0.00,0.00,0.00,0.00,0.00,0.00,0.00,0.00,GelreDome
1794152700,Nov 08 2026 - 3:45pm,incomplete,N/A,Emmen,MVV,N/A,14,3.00,3.00,3.00,3.00,0,0,0,0,0,0,"","",-1,-1,-1,-1,-1,-1,-1,-1,-1,-1,-1,-1,-1,-1,-1,-1,-1,-1,-1,-1,1.74,1.77,0.00,0.00,3.75,75,75,75,75,50,50,50,75,100,4.00,4.00,0.00,0.00,0.00,0.00,0.00,0.00,0.00,0.00,0.00,N/A
1794670200,Nov 14 2026 - 3:30pm,incomplete,N/A,NAC Breda,Emmen,N/A,15,1.50,3.00,1.50,3.00,0,0,0,0,0,0,"","",-1,-1,-1,-1,-1,-1,-1,-1,-1,-1,-1,-1,-1,-1,-1,-1,-1,-1,-1,-1,2.32,2.73,0.00,0.00,6.75,75,100,75,75,75,50,100,75,100,17.00,4.00,0.00,0.00,0.00,0.00,0.00,0.00,0.00,0.00,0.00,Rat Verlegh Stadion
1794682800,Nov 14 2026 - 7:00pm,incomplete,N/A,De Graafschap,Oss,N/A,15,0.00,0.00,0.00,0.00,0,0,0,0,0,0,"","",-1,-1,-1,-1,-1,-1,-1,-1,-1,-1,-1,-1,-1,-1,-1,-1,-1,-1,-1,-1,2.10,1.22,0.00,0.00,4.50,50,75,75,50,50,50,100,75,75,12.50,6.50,0.00,0.00,0.00,0.00,0.00,0.00,0.00,0.00,0.00,Stadion De Vijverberg
1794682800,Nov 14 2026 - 7:00pm,incomplete,N/A,Almere City,Helmond Sport,N/A,15,3.00,0.00,3.00,0.00,0,0,0,0,0,0,"","",-1,-1,-1,-1,-1,-1,-1,-1,-1,-1,-1,-1,-1,-1,-1,-1,-1,-1,-1,-1,1.20,0.63,0.00,0.00,3.50,100,100,100,50,0,100,100,50,100,4.00,4.00,0.00,0.00,0.00,0.00,0.00,0.00,0.00,0.00,0.00,Yanmar Stadion
1794682800,Nov 14 2026 - 7:00pm,incomplete,N/A,RKC Waalwijk,Den Bosch,N/A,15,1.00,0.00,1.00,0.00,0,0,0,0,0,0,"","",-1,-1,-1,-1,-1,-1,-1,-1,-1,-1,-1,-1,-1,-1,-1,-1,-1,-1,-1,-1,1.67,1.18,0.00,0.00,4.50,100,100,100,100,50,0,100,100,100,10.00,2.00,0.00,0.00,0.00,0.00,0.00,0.00,0.00,0.00,0.00,Mandemakers Stadion
1794682800,Nov 14 2026 - 7:00pm,incomplete,N/A,Dordrecht,Heracles,N/A,15,1.50,3.00,1.50,3.00,0,0,0,0,0,0,"","",-1,-1,-1,-1,-1,-1,-1,-1,-1,-1,-1,-1,-1,-1,-1,-1,-1,-1,-1,-1,1.72,2.31,0.00,0.00,4.50,75,75,75,50,50,75,100,50,50,13.50,3.50,0.00,0.00,0.00,0.00,0.00,0.00,0.00,0.00,0.00,Riwal Hoogwerkers Stadion
1794682800,Nov 14 2026 - 7:00pm,incomplete,N/A,Roda JC,Volendam,N/A,15,3.00,0.00,3.00,0.00,0,0,0,0,0,0,"","",-1,-1,-1,-1,-1,-1,-1,-1,-1,-1,-1,-1,-1,-1,-1,-1,-1,-1,-1,-1,1.83,0.84,0.00,0.00,3.00,75,75,75,25,25,75,75,25,100,10.00,2.00,0.00,0.00,0.00,0.00,0.00,0.00,0.00,0.00,0.00,Parkstad Limburg Stadion
1794682800,Nov 14 2026 - 7:00pm,incomplete,N/A,VVV,Eindhoven,N/A,15,1.50,1.50,1.50,1.50,0,0,0,0,0,0,"","",-1,-1,-1,-1,-1,-1,-1,-1,-1,-1,-1,-1,-1,-1,-1,-1,-1,-1,-1,-1,1.16,1.02,0.00,0.00,4.50,75,75,75,50,50,75,75,50,75,6.50,1.50,0.00,0.00,0.00,0.00,0.00,0.00,0.00,0.00,0.00,Seacon Stadion De Koel
1794749400,Nov 15 2026 - 1:30pm,incomplete,N/A,MVV,Vitesse,N/A,15,3.00,3.00,3.00,3.00,0,0,0,0,0,0,"","",-1,-1,-1,-1,-1,-1,-1,-1,-1,-1,-1,-1,-1,-1,-1,-1,-1,-1,-1,-1,1.30,2.11,0.00,0.00,3.00,75,75,75,50,0,75,75,50,100,7.00,3.50,0.00,0.00,0.00,0.00,0.00,0.00,0.00,0.00,0.00,De Geusselt
1795201200,Nov 20 2026 - 7:00pm,incomplete,N/A,Volendam,Ajax II,N/A,16,3.00,0.00,3.00,0.00,0,0,0,0,0,0,"","",-1,-1,-1,-1,-1,-1,-1,-1,-1,-1,-1,-1,-1,-1,-1,-1,-1,-1,-1,-1,1.51,1.26,0.00,0.00,3.50,50,100,100,25,25,25,100,75,75,10.50,4.00,0.00,0.00,0.00,0.00,0.00,0.00,0.00,0.00,0.00,Kras Stadion
1795201200,Nov 20 2026 - 7:00pm,incomplete,N/A,Heracles,PSV II,N/A,16,3.00,0.00,3.00,0.00,0,0,0,0,0,0,"","",-1,-1,-1,-1,-1,-1,-1,-1,-1,-1,-1,-1,-1,-1,-1,-1,-1,-1,-1,-1,3.49,2.23,0.00,0.00,4.50,100,100,100,100,50,50,100,100,100,18.00,1.00,0.00,0.00,0.00,0.00,0.00,0.00,0.00,0.00,0.00,Polman Stadion
1795201200,Nov 20 2026 - 7:00pm,incomplete,N/A,Vitesse,AZ II,N/A,16,0.50,1.50,0.50,1.50,0,0,0,0,0,0,"","",-1,-1,-1,-1,-1,-1,-1,-1,-1,-1,-1,-1,-1,-1,-1,-1,-1,-1,-1,-1,1.77,1.86,0.00,0.00,4.00,75,100,75,50,25,25,50,75,100,9.50,3.50,0.00,0.00,0.00,0.00,0.00,0.00,0.00,0.00,0.00,GelreDome
1795201200,Nov 20 2026 - 7:00pm,incomplete,N/A,Oss,Roda JC,N/A,16,0.00,1.50,0.00,1.50,0,0,0,0,0,0,"","",-1,-1,-1,-1,-1,-1,-1,-1,-1,-1,-1,-1,-1,-1,-1,-1,-1,-1,-1,-1,1.17,1.08,0.00,0.00,2.00,50,50,50,0,0,0,75,50,75,5.50,3.00,0.00,0.00,0.00,0.00,0.00,0.00,0.00,0.00,0.00,Frans Heesen Stadion
1795201200,Nov 20 2026 - 7:00pm,incomplete,N/A,Den Bosch,VVV,N/A,16,2.00,3.00,2.00,3.00,0,0,0,0,0,0,"","",-1,-1,-1,-1,-1,-1,-1,-1,-1,-1,-1,-1,-1,-1,-1,-1,-1,-1,-1,-1,1.98,0.88,0.00,0.00,3.25,50,100,25,25,25,25,75,50,100,7.50,3.50,0.00,0.00,0.00,0.00,0.00,0.00,0.00,0.00,0.00,Stadion De Vliert
1795201200,Nov 20 2026 - 7:00pm,incomplete,N/A,Almere City,NAC Breda,N/A,16,3.00,3.00,3.00,3.00,0,0,0,0,0,0,"","",-1,-1,-1,-1,-1,-1,-1,-1,-1,-1,-1,-1,-1,-1,-1,-1,-1,-1,-1,-1,1.20,2.32,0.00,0.00,3.50,100,100,100,50,0,50,100,100,100,11.00,2.00,0.00,0.00,0.00,0.00,0.00,0.00,0.00,0.00,0.00,Yanmar Stadion
1795201200,Nov 20 2026 - 7:00pm,incomplete,N/A,Helmond Sport,Dordrecht,N/A,16,1.00,1.00,1.00,1.00,0,0,0,0,0,0,"","",-1,-1,-1,-1,-1,-1,-1,-1,-1,-1,-1,-1,-1,-1,-1,-1,-1,-1,-1,-1,0.97,1.49,0.00,0.00,3.00,100,100,50,50,0,25,100,50,75,10.00,6.50,0.00,0.00,0.00,0.00,0.00,0.00,0.00,0.00,0.00,SolarUnie Stadion
1795201200,Nov 20 2026 - 7:00pm,incomplete,N/A,Utrecht II,Emmen,N/A,16,0.00,3.00,0.00,3.00,0,0,0,0,0,0,"","",-1,-1,-1,-1,-1,-1,-1,-1,-1,-1,-1,-1,-1,-1,-1,-1,-1,-1,-1,-1,1.38,2.73,0.00,0.00,7.75,100,100,100,100,75,100,100,100,100,11.50,2.00,0.00,0.00,0.00,0.00,0.00,0.00,0.00,0.00,0.00,N/A
1795201200,Nov 20 2026 - 7:00pm,incomplete,N/A,De Graafschap,MVV,N/A,16,0.00,3.00,0.00,3.00,0,0,0,0,0,0,"","",-1,-1,-1,-1,-1,-1,-1,-1,-1,-1,-1,-1,-1,-1,-1,-1,-1,-1,-1,-1,2.10,1.77,0.00,0.00,6.00,100,100,100,100,100,100,100,100,100,7.00,6.00,0.00,0.00,0.00,0.00,0.00,0.00,0.00,0.00,0.00,Stadion De Vijverberg
1795275000,Nov 21 2026 - 3:30pm,incomplete,N/A,Eindhoven,RKC Waalwijk,N/A,16,0.00,1.00,0.00,1.00,0,0,0,0,0,0,"","",-1,-1,-1,-1,-1,-1,-1,-1,-1,-1,-1,-1,-1,-1,-1,-1,-1,-1,-1,-1,1.50,1.75,0.00,0.00,3.50,100,100,50,50,50,50,100,50,100,9.00,2.00,0.00,0.00,0.00,0.00,0.00,0.00,0.00,0.00,0.00,Jan Louwers Stadion
1795460400,Nov 23 2026 - 7:00pm,incomplete,N/A,Ajax II,AZ II,N/A,15,0.00,1.50,0.00,1.50,0,0,0,0,0,0,"","",-1,-1,-1,-1,-1,-1,-1,-1,-1,-1,-1,-1,-1,-1,-1,-1,-1,-1,-1,-1,1.34,1.86,0.00,0.00,7.75,100,100,100,100,75,75,75,100,100,6.00,3.50,0.00,0.00,0.00,0.00,0.00,0.00,0.00,0.00,0.00,Sportpark De Toekomst 
1795460400,Nov 23 2026 - 7:00pm,incomplete,N/A,PSV II,Utrecht II,N/A,15,3.00,0.00,3.00,0.00,0,0,0,0,0,0,"","",-1,-1,-1,-1,-1,-1,-1,-1,-1,-1,-1,-1,-1,-1,-1,-1,-1,-1,-1,-1,2.18,1.50,0.00,0.00,3.00,75,75,75,25,25,75,100,25,75,11.50,2.00,0.00,0.00,0.00,0.00,0.00,0.00,0.00,0.00,0.00,Sportcomplex De Herdgang
1795806000,Nov 27 2026 - 7:00pm,incomplete,N/A,VVV,RKC Waalwijk,N/A,17,1.50,1.00,1.50,1.00,0,0,0,0,0,0,"","",-1,-1,-1,-1,-1,-1,-1,-1,-1,-1,-1,-1,-1,-1,-1,-1,-1,-1,-1,-1,1.16,1.75,0.00,0.00,3.50,100,100,50,25,25,50,100,25,75,7.50,3.00,0.00,0.00,0.00,0.00,0.00,0.00,0.00,0.00,0.00,Seacon Stadion De Koel
1795806000,Nov 27 2026 - 7:00pm,incomplete,N/A,Ajax II,Heracles,N/A,17,0.00,3.00,0.00,3.00,0,0,0,0,0,0,"","",-1,-1,-1,-1,-1,-1,-1,-1,-1,-1,-1,-1,-1,-1,-1,-1,-1,-1,-1,-1,1.34,2.31,0.00,0.00,8.50,100,100,100,100,100,100,100,100,100,9.00,3.50,0.00,0.00,0.00,0.00,0.00,0.00,0.00,0.00,0.00,Sportpark De Toekomst 
1795806000,Nov 27 2026 - 7:00pm,incomplete,N/A,Utrecht II,Almere City,N/A,17,0.00,2.00,0.00,2.00,0,0,0,0,0,0,"","",-1,-1,-1,-1,-1,-1,-1,-1,-1,-1,-1,-1,-1,-1,-1,-1,-1,-1,-1,-1,1.38,1.91,0.00,0.00,4.00,75,100,75,50,25,50,50,100,100,6.50,3.50,0.00,0.00,0.00,0.00,0.00,0.00,0.00,0.00,0.00,N/A
1795806000,Nov 27 2026 - 7:00pm,incomplete,N/A,MVV,PSV II,N/A,17,3.00,0.00,3.00,0.00,0,0,0,0,0,0,"","",-1,-1,-1,-1,-1,-1,-1,-1,-1,-1,-1,-1,-1,-1,-1,-1,-1,-1,-1,-1,1.30,2.23,0.00,0.00,3.00,75,75,75,50,0,75,75,50,100,11.00,2.50,0.00,0.00,0.00,0.00,0.00,0.00,0.00,0.00,0.00,De Geusselt
1795806000,Nov 27 2026 - 7:00pm,incomplete,N/A,NAC Breda,Den Bosch,N/A,17,1.50,0.00,1.50,0.00,0,0,0,0,0,0,"","",-1,-1,-1,-1,-1,-1,-1,-1,-1,-1,-1,-1,-1,-1,-1,-1,-1,-1,-1,-1,2.32,1.18,0.00,0.00,4.25,75,100,75,75,75,0,100,75,100,14.00,4.00,0.00,0.00,0.00,0.00,0.00,0.00,0.00,0.00,0.00,Rat Verlegh Stadion
1795806000,Nov 27 2026 - 7:00pm,incomplete,N/A,Dordrecht,Vitesse,N/A,17,1.50,3.00,1.50,3.00,0,0,0,0,0,0,"","",-1,-1,-1,-1,-1,-1,-1,-1,-1,-1,-1,-1,-1,-1,-1,-1,-1,-1,-1,-1,1.72,2.11,0.00,0.00,3.00,75,75,75,50,0,75,100,50,50,10.50,4.00,0.00,0.00,0.00,0.00,0.00,0.00,0.00,0.00,0.00,Riwal Hoogwerkers Stadion
1795806000,Nov 27 2026 - 7:00pm,incomplete,N/A,AZ II,Oss,N/A,17,0.00,0.00,0.00,0.00,0,0,0,0,0,0,"","",-1,-1,-1,-1,-1,-1,-1,-1,-1,-1,-1,-1,-1,-1,-1,-1,-1,-1,-1,-1,1.31,1.22,0.00,0.00,1.50,0,25,25,0,0,0,50,25,75,12.50,2.50,0.00,0.00,0.00,0.00,0.00,0.00,0.00,0.00,0.00,AFAS Trainingscomplex
1795879800,Nov 28 2026 - 3:30pm,incomplete,N/A,Emmen,Helmond Sport,N/A,17,3.00,0.00,3.00,0.00,0,0,0,0,0,0,"","",-1,-1,-1,-1,-1,-1,-1,-1,-1,-1,-1,-1,-1,-1,-1,-1,-1,-1,-1,-1,1.74,0.63,0.00,0.00,2.75,75,75,75,25,0,50,50,25,100,3.00,6.00,0.00,0.00,0.00,0.00,0.00,0.00,0.00,0.00,0.00,N/A
1795950900,Nov 29 2026 - 11:15am,incomplete,N/A,Volendam,Eindhoven,N/A,17,3.00,1.50,3.00,1.50,0,0,0,0,0,0,"","",-1,-1,-1,-1,-1,-1,-1,-1,-1,-1,-1,-1,-1,-1,-1,-1,-1,-1,-1,-1,1.51,1.02,0.00,0.00,3.50,25,75,75,25,25,25,75,75,100,9.00,1.50,0.00,0.00,0.00,0.00,0.00,0.00,0.00,0.00,0.00,Kras Stadion
1795967100,Nov 29 2026 - 3:45pm,incomplete,N/A,Roda JC,De Graafschap,N/A,17,3.00,0.50,3.00,0.50,0,0,0,0,0,0,"","",-1,-1,-1,-1,-1,-1,-1,-1,-1,-1,-1,-1,-1,-1,-1,-1,-1,-1,-1,-1,1.83,1.60,0.00,0.00,2.75,100,100,75,0,0,100,100,0,50,12.00,2.00,0.00,0.00,0.00,0.00,0.00,0.00,0.00,0.00,0.00,Parkstad Limburg Stadion
1796410800,Dec 04 2026 - 7:00pm,incomplete,N/A,Oss,Almere City,N/A,18,0.00,2.00,0.00,2.00,0,0,0,0,0,0,"","",-1,-1,-1,-1,-1,-1,-1,-1,-1,-1,-1,-1,-1,-1,-1,-1,-1,-1,-1,-1,1.17,1.91,0.00,0.00,2.75,75,100,75,0,0,0,50,100,100,7.00,3.50,0.00,0.00,0.00,0.00,0.00,0.00,0.00,0.00,0.00,Frans Heesen Stadion
1796410800,Dec 04 2026 - 7:00pm,incomplete,N/A,Den Bosch,Ajax II,N/A,18,2.00,0.00,2.00,0.00,0,0,0,0,0,0,"","",-1,-1,-1,-1,-1,-1,-1,-1,-1,-1,-1,-1,-1,-1,-1,-1,-1,-1,-1,-1,1.98,1.26,0.00,0.00,4.25,100,100,75,50,50,50,75,75,75,10.00,3.50,0.00,0.00,0.00,0.00,0.00,0.00,0.00,0.00,0.00,Stadion De Vliert
1796410800,Dec 04 2026 - 7:00pm,incomplete,N/A,Heracles,Emmen,N/A,18,3.00,3.00,3.00,3.00,0,0,0,0,0,0,"","",-1,-1,-1,-1,-1,-1,-1,-1,-1,-1,-1,-1,-1,-1,-1,-1,-1,-1,-1,-1,3.49,2.73,0.00,0.00,7.50,100,100,100,100,100,50,100,100,100,20.00,1.00,0.00,0.00,0.00,0.00,0.00,0.00,0.00,0.00,0.00,Polman Stadion
1796410800,Dec 04 2026 - 7:00pm,incomplete,N/A,MVV,Dordrecht,N/A,18,3.00,1.00,3.00,1.00,0,0,0,0,0,0,"","",-1,-1,-1,-1,-1,-1,-1,-1,-1,-1,-1,-1,-1,-1,-1,-1,-1,-1,-1,-1,1.30,1.49,0.00,0.00,3.00,75,75,75,50,0,25,75,50,100,9.00,5.50,0.00,0.00,0.00,0.00,0.00,0.00,0.00,0.00,0.00,De Geusselt
1796410800,Dec 04 2026 - 7:00pm,incomplete,N/A,RKC Waalwijk,AZ II,N/A,18,1.00,1.50,1.00,1.50,0,0,0,0,0,0,"","",-1,-1,-1,-1,-1,-1,-1,-1,-1,-1,-1,-1,-1,-1,-1,-1,-1,-1,-1,-1,1.67,1.86,0.00,0.00,4.75,100,100,100,100,25,25,75,100,100,7.00,2.50,0.00,0.00,0.00,0.00,0.00,0.00,0.00,0.00,0.00,Mandemakers Stadion
1796410800,Dec 04 2026 - 7:00pm,incomplete,N/A,Vitesse,VVV,N/A,18,0.50,3.00,0.50,3.00,0,0,0,0,0,0,"","",-1,-1,-1,-1,-1,-1,-1,-1,-1,-1,-1,-1,-1,-1,-1,-1,-1,-1,-1,-1,1.77,0.88,0.00,0.00,2.25,25,100,25,0,0,0,75,25,100,7.50,5.00,0.00,0.00,0.00,0.00,0.00,0.00,0.00,0.00,0.00,GelreDome
1796410800,Dec 04 2026 - 7:00pm,incomplete,N/A,Helmond Sport,Utrecht II,N/A,18,1.00,0.00,1.00,0.00,0,0,0,0,0,0,"","",-1,-1,-1,-1,-1,-1,-1,-1,-1,-1,-1,-1,-1,-1,-1,-1,-1,-1,-1,-1,0.97,1.50,0.00,0.00,2.50,100,100,50,0,0,75,100,0,75,10.00,3.50,0.00,0.00,0.00,0.00,0.00,0.00,0.00,0.00,0.00,SolarUnie Stadion
1796555700,Dec 06 2026 - 11:15am,incomplete,N/A,Eindhoven,Roda JC,N/A,18,0.00,1.50,0.00,1.50,0,0,0,0,0,0,"","",-1,-1,-1,-1,-1,-1,-1,-1,-1,-1,-1,-1,-1,-1,-1,-1,-1,-1,-1,-1,1.50,1.08,0.00,0.00,3.00,50,50,50,50,50,50,75,50,75,8.50,2.00,0.00,0.00,0.00,0.00,0.00,0.00,0.00,0.00,0.00,Jan Louwers Stadion
1796571900,Dec 06 2026 - 3:45pm,incomplete,N/A,NAC Breda,Volendam,N/A,18,1.50,0.00,1.50,0.00,0,0,0,0,0,0,"","",-1,-1,-1,-1,-1,-1,-1,-1,-1,-1,-1,-1,-1,-1,-1,-1,-1,-1,-1,-1,2.32,0.84,0.00,0.00,3.25,50,75,50,50,50,25,75,50,100,10.00,5.00,0.00,0.00,0.00,0.00,0.00,0.00,0.00,0.00,0.00,Rat Verlegh Stadion
1796670000,Dec 07 2026 - 7:00pm,incomplete,N/A,PSV II,De Graafschap,N/A,18,3.00,0.50,3.00,0.50,0,0,0,0,0,0,"","",-1,-1,-1,-1,-1,-1,-1,-1,-1,-1,-1,-1,-1,-1,-1,-1,-1,-1,-1,-1,2.18,1.60,0.00,0.00,2.75,75,75,50,25,25,75,100,25,25,10.50,3.00,0.00,0.00,0.00,0.00,0.00,0.00,0.00,0.00,0.00,Sportcomplex De Herdgang
1797015600,Dec 11 2026 - 7:00pm,incomplete,N/A,De Graafschap,Dordrecht,N/A,19,0.00,1.00,0.00,1.00,0,0,0,0,0,0,"","",-1,-1,-1,-1,-1,-1,-1,-1,-1,-1,-1,-1,-1,-1,-1,-1,-1,-1,-1,-1,2.10,1.49,0.00,0.00,5.50,100,100,100,100,50,50,100,100,100,10.00,9.00,0.00,0.00,0.00,0.00,0.00,0.00,0.00,0.00,0.00,Stadion De Vijverberg
1797015600,Dec 11 2026 - 7:00pm,incomplete,N/A,Utrecht II,RKC Waalwijk,N/A,19,0.00,1.00,0.00,1.00,0,0,0,0,0,0,"","",-1,-1,-1,-1,-1,-1,-1,-1,-1,-1,-1,-1,-1,-1,-1,-1,-1,-1,-1,-1,1.38,1.75,0.00,0.00,3.75,100,100,50,50,25,50,100,50,100,5.50,3.00,0.00,0.00,0.00,0.00,0.00,0.00,0.00,0.00,0.00,N/A
1797015600,Dec 11 2026 - 7:00pm,incomplete,N/A,Roda JC,Den Bosch,N/A,19,3.00,0.00,3.00,0.00,0,0,0,0,0,0,"","",-1,-1,-1,-1,-1,-1,-1,-1,-1,-1,-1,-1,-1,-1,-1,-1,-1,-1,-1,-1,1.83,1.18,0.00,0.00,4.00,100,100,100,50,50,50,100,50,100,14.00,1.00,0.00,0.00,0.00,0.00,0.00,0.00,0.00,0.00,0.00,Parkstad Limburg Stadion
1797015600,Dec 11 2026 - 7:00pm,incomplete,N/A,Emmen,PSV II,N/A,19,3.00,0.00,3.00,0.00,0,0,0,0,0,0,"","",-1,-1,-1,-1,-1,-1,-1,-1,-1,-1,-1,-1,-1,-1,-1,-1,-1,-1,-1,-1,1.74,2.23,0.00,0.00,3.25,75,75,75,75,0,50,50,75,100,9.00,4.00,0.00,0.00,0.00,0.00,0.00,0.00,0.00,0.00,0.00,N/A
1797015600,Dec 11 2026 - 7:00pm,incomplete,N/A,Heracles,Volendam,N/A,19,3.00,0.00,3.00,0.00,0,0,0,0,0,0,"","",-1,-1,-1,-1,-1,-1,-1,-1,-1,-1,-1,-1,-1,-1,-1,-1,-1,-1,-1,-1,3.49,0.84,0.00,0.00,4.00,75,75,75,75,75,25,75,75,100,13.00,2.00,0.00,0.00,0.00,0.00,0.00,0.00,0.00,0.00,0.00,Polman Stadion
1797015600,Dec 11 2026 - 7:00pm,incomplete,N/A,AZ II,NAC Breda,N/A,19,0.00,3.00,0.00,3.00,0,0,0,0,0,0,"","",-1,-1,-1,-1,-1,-1,-1,-1,-1,-1,-1,-1,-1,-1,-1,-1,-1,-1,-1,-1,1.31,2.32,0.00,0.00,2.00,50,50,50,0,0,0,50,50,100,13.00,2.00,0.00,0.00,0.00,0.00,0.00,0.00,0.00,0.00,0.00,AFAS Trainingscomplex
1797015600,Dec 11 2026 - 7:00pm,incomplete,N/A,Oss,Eindhoven,N/A,19,0.00,1.50,0.00,1.50,0,0,0,0,0,0,"","",-1,-1,-1,-1,-1,-1,-1,-1,-1,-1,-1,-1,-1,-1,-1,-1,-1,-1,-1,-1,1.17,1.02,0.00,0.00,3.50,75,75,75,25,25,25,75,75,100,5.00,1.50,0.00,0.00,0.00,0.00,0.00,0.00,0.00,0.00,0.00,Frans Heesen Stadion
1797015600,Dec 11 2026 - 7:00pm,incomplete,N/A,Almere City,VVV,N/A,19,3.00,3.00,3.00,3.00,0,0,0,0,0,0,"","",-1,-1,-1,-1,-1,-1,-1,-1,-1,-1,-1,-1,-1,-1,-1,-1,-1,-1,-1,-1,1.20,0.88,0.00,0.00,3.00,50,100,50,50,0,50,100,50,100,4.00,4.00,0.00,0.00,0.00,0.00,0.00,0.00,0.00,0.00,0.00,Yanmar Stadion
1797015600,Dec 11 2026 - 7:00pm,incomplete,N/A,Vitesse,Helmond Sport,N/A,19,0.50,0.00,0.50,0.00,0,0,0,0,0,0,"","",-1,-1,-1,-1,-1,-1,-1,-1,-1,-1,-1,-1,-1,-1,-1,-1,-1,-1,-1,-1,1.77,0.63,0.00,0.00,2.75,75,100,75,0,0,50,75,25,100,7.50,5.00,0.00,0.00,0.00,0.00,0.00,0.00,0.00,0.00,0.00,GelreDome
1797015600,Dec 11 2026 - 7:00pm,incomplete,N/A,Ajax II,MVV,N/A,19,0.00,3.00,0.00,3.00,0,0,0,0,0,0,"","",-1,-1,-1,-1,-1,-1,-1,-1,-1,-1,-1,-1,-1,-1,-1,-1,-1,-1,-1,-1,1.34,1.77,0.00,0.00,7.50,100,100,100,100,100,100,100,100,100,5.00,3.00,0.00,0.00,0.00,0.00,0.00,0.00,0.00,0.00,0.00,Sportpark De Toekomst 
1797620400,Dec 18 2026 - 7:00pm,incomplete,N/A,MVV,Oss,N/A,20,3.00,0.00,3.00,0.00,0,0,0,0,0,0,"","",-1,-1,-1,-1,-1,-1,-1,-1,-1,-1,-1,-1,-1,-1,-1,-1,-1,-1,-1,-1,1.30,1.22,0.00,0.00,2.00,25,50,50,0,0,25,75,25,75,11.50,3.00,0.00,0.00,0.00,0.00,0.00,0.00,0.00,0.00,0.00,De Geusselt
1797620400,Dec 18 2026 - 7:00pm,incomplete,N/A,Volendam,Emmen,N/A,20,3.00,3.00,3.00,3.00,0,0,0,0,0,0,"","",-1,-1,-1,-1,-1,-1,-1,-1,-1,-1,-1,-1,-1,-1,-1,-1,-1,-1,-1,-1,1.51,2.73,0.00,0.00,6.50,50,100,100,50,50,50,100,100,100,16.00,2.00,0.00,0.00,0.00,0.00,0.00,0.00,0.00,0.00,0.00,Kras Stadion
1797620400,Dec 18 2026 - 7:00pm,incomplete,N/A,Helmond Sport,AZ II,N/A,20,1.00,1.50,1.00,1.50,0,0,0,0,0,0,"","",-1,-1,-1,-1,-1,-1,-1,-1,-1,-1,-1,-1,-1,-1,-1,-1,-1,-1,-1,-1,0.97,1.86,0.00,0.00,3.75,100,100,50,50,25,50,75,50,75,8.00,4.00,0.00,0.00,0.00,0.00,0.00,0.00,0.00,0.00,0.00,SolarUnie Stadion
1797620400,Dec 18 2026 - 7:00pm,incomplete,N/A,Dordrecht,Den Bosch,N/A,20,1.50,0.00,1.50,0.00,0,0,0,0,0,0,"","",-1,-1,-1,-1,-1,-1,-1,-1,-1,-1,-1,-1,-1,-1,-1,-1,-1,-1,-1,-1,1.72,1.18,0.00,0.00,3.50,75,75,75,50,50,25,100,50,50,13.50,3.00,0.00,0.00,0.00,0.00,0.00,0.00,0.00,0.00,0.00,Riwal Hoogwerkers Stadion
1797620400,Dec 18 2026 - 7:00pm,incomplete,N/A,NAC Breda,Roda JC,N/A,20,1.50,1.50,1.50,1.50,0,0,0,0,0,0,"","",-1,-1,-1,-1,-1,-1,-1,-1,-1,-1,-1,-1,-1,-1,-1,-1,-1,-1,-1,-1,2.32,1.08,0.00,0.00,2.25,25,50,25,25,25,0,75,25,75,10.50,5.00,0.00,0.00,0.00,0.00,0.00,0.00,0.00,0.00,0.00,Rat Verlegh Stadion
1797620400,Dec 18 2026 - 7:00pm,incomplete,N/A,De Graafschap,Heracles,N/A,20,0.00,3.00,0.00,3.00,0,0,0,0,0,0,"","",-1,-1,-1,-1,-1,-1,-1,-1,-1,-1,-1,-1,-1,-1,-1,-1,-1,-1,-1,-1,2.10,2.31,0.00,0.00,7.00,100,100,100,100,100,100,100,100,100,11.00,6.50,0.00,0.00,0.00,0.00,0.00,0.00,0.00,0.00,0.00,Stadion De Vijverberg
1797620400,Dec 18 2026 - 7:00pm,incomplete,N/A,RKC Waalwijk,Ajax II,N/A,20,1.00,0.00,1.00,0.00,0,0,0,0,0,0,"","",-1,-1,-1,-1,-1,-1,-1,-1,-1,-1,-1,-1,-1,-1,-1,-1,-1,-1,-1,-1,1.67,1.26,0.00,0.00,4.00,100,100,100,75,25,25,100,75,75,7.50,4.00,0.00,0.00,0.00,0.00,0.00,0.00,0.00,0.00,0.00,Mandemakers Stadion
1797620400,Dec 18 2026 - 7:00pm,incomplete,N/A,Almere City,Vitesse,N/A,20,3.00,3.00,3.00,3.00,0,0,0,0,0,0,"","",-1,-1,-1,-1,-1,-1,-1,-1,-1,-1,-1,-1,-1,-1,-1,-1,-1,-1,-1,-1,1.20,2.11,0.00,0.00,4.00,100,100,100,100,0,100,100,100,100,6.00,3.00,0.00,0.00,0.00,0.00,0.00,0.00,0.00,0.00,0.00,Yanmar Stadion
1797694200,Dec 19 2026 - 3:30pm,incomplete,N/A,VVV,Utrecht II,N/A,20,1.50,0.00,1.50,0.00,0,0,0,0,0,0,"","",-1,-1,-1,-1,-1,-1,-1,-1,-1,-1,-1,-1,-1,-1,-1,-1,-1,-1,-1,-1,1.16,1.50,0.00,0.00,4.00,100,100,100,25,25,100,100,25,75,9.50,2.00,0.00,0.00,0.00,0.00,0.00,0.00,0.00,0.00,0.00,Seacon Stadion De Koel
1797879600,Dec 21 2026 - 7:00pm,incomplete,N/A,PSV II,Eindhoven,N/A,20,3.00,1.50,3.00,1.50,0,0,0,0,0,0,"","",-1,-1,-1,-1,-1,-1,-1,-1,-1,-1,-1,-1,-1,-1,-1,-1,-1,-1,-1,-1,2.18,1.02,0.00,0.00,3.50,50,50,50,50,50,50,75,50,75,8.50,1.50,0.00,0.00,0.00,0.00,0.00,0.00,0.00,0.00,0.00,Sportcomplex De Herdgang
1799434800,Jan 08 2027 - 7:00pm,incomplete,N/A,Den Bosch,De Graafschap,N/A,21,2.00,0.50,2.00,0.50,0,0,0,0,0,0,"","",-1,-1,-1,-1,-1,-1,-1,-1,-1,-1,-1,-1,-1,-1,-1,-1,-1,-1,-1,-1,1.98,1.60,0.00,0.00,3.50,100,100,50,25,25,75,75,50,50,10.50,2.50,0.00,0.00,0.00,0.00,0.00,0.00,0.00,0.00,0.00,Stadion De Vliert
1799434800,Jan 08 2027 - 7:00pm,incomplete,N/A,Eindhoven,AZ II,N/A,21,0.00,1.50,0.00,1.50,0,0,0,0,0,0,"","",-1,-1,-1,-1,-1,-1,-1,-1,-1,-1,-1,-1,-1,-1,-1,-1,-1,-1,-1,-1,1.50,1.86,0.00,0.00,5.25,100,100,100,100,75,75,75,100,100,9.00,1.50,0.00,0.00,0.00,0.00,0.00,0.00,0.00,0.00,0.00,Jan Louwers Stadion
1799434800,Jan 08 2027 - 7:00pm,incomplete,N/A,Roda JC,VVV,N/A,21,3.00,3.00,3.00,3.00,0,0,0,0,0,0,"","",-1,-1,-1,-1,-1,-1,-1,-1,-1,-1,-1,-1,-1,-1,-1,-1,-1,-1,-1,-1,1.83,0.88,0.00,0.00,2.50,50,100,50,0,0,50,100,0,100,9.00,3.00,0.00,0.00,0.00,0.00,0.00,0.00,0.00,0.00,0.00,Parkstad Limburg Stadion
1799434800,Jan 08 2027 - 7:00pm,incomplete,N/A,Volendam,Helmond Sport,N/A,21,3.00,0.00,3.00,0.00,0,0,0,0,0,0,"","",-1,-1,-1,-1,-1,-1,-1,-1,-1,-1,-1,-1,-1,-1,-1,-1,-1,-1,-1,-1,1.51,0.63,0.00,0.00,3.00,50,100,100,0,0,50,100,50,100,8.00,4.00,0.00,0.00,0.00,0.00,0.00,0.00,0.00,0.00,0.00,Kras Stadion
1799508600,Jan 09 2027 - 3:30pm,incomplete,N/A,Emmen,RKC Waalwijk,N/A,21,3.00,1.00,3.00,1.00,0,0,0,0,0,0,"","",-1,-1,-1,-1,-1,-1,-1,-1,-1,-1,-1,-1,-1,-1,-1,-1,-1,-1,-1,-1,1.74,1.75,0.00,0.00,2.25,75,75,25,25,0,0,50,25,100,5.00,5.00,0.00,0.00,0.00,0.00,0.00,0.00,0.00,0.00,0.00,N/A
1799579700,Jan 10 2027 - 11:15am,incomplete,N/A,Heracles,NAC Breda,N/A,21,3.00,3.00,3.00,3.00,0,0,0,0,0,0,"","",-1,-1,-1,-1,-1,-1,-1,-1,-1,-1,-1,-1,-1,-1,-1,-1,-1,-1,-1,-1,3.49,2.32,0.00,0.00,4.00,100,100,100,50,50,0,100,100,100,19.00,1.00,0.00,0.00,0.00,0.00,0.00,0.00,0.00,0.00,0.00,Polman Stadion
1799595900,Jan 10 2027 - 3:45pm,incomplete,N/A,Oss,Vitesse,N/A,21,0.00,3.00,0.00,3.00,0,0,0,0,0,0,"","",-1,-1,-1,-1,-1,-1,-1,-1,-1,-1,-1,-1,-1,-1,-1,-1,-1,-1,-1,-1,1.17,2.11,0.00,0.00,3.50,100,100,100,50,0,50,100,100,100,6.00,3.00,0.00,0.00,0.00,0.00,0.00,0.00,0.00,0.00,0.00,Frans Heesen Stadion
1799694000,Jan 11 2027 - 7:00pm,incomplete,N/A,Utrecht II,MVV,N/A,21,0.00,3.00,0.00,3.00,0,0,0,0,0,0,"","",-1,-1,-1,-1,-1,-1,-1,-1,-1,-1,-1,-1,-1,-1,-1,-1,-1,-1,-1,-1,1.38,1.77,0.00,0.00,5.25,100,100,100,100,75,100,100,100,100,4.50,2.00,0.00,0.00,0.00,0.00,0.00,0.00,0.00,0.00,0.00,N/A
1799694000,Jan 11 2027 - 7:00pm,incomplete,N/A,Ajax II,Dordrecht,N/A,21,0.00,1.00,0.00,1.00,0,0,0,0,0,0,"","",-1,-1,-1,-1,-1,-1,-1,-1,-1,-1,-1,-1,-1,-1,-1,-1,-1,-1,-1,-1,1.34,1.49,0.00,0.00,7.00,100,100,100,100,50,50,100,100,100,8.00,6.00,0.00,0.00,0.00,0.00,0.00,0.00,0.00,0.00,0.00,Sportpark De Toekomst 
1799694000,Jan 11 2027 - 7:00pm,incomplete,N/A,PSV II,Almere City,N/A,21,3.00,2.00,3.00,2.00,0,0,0,0,0,0,"","",-1,-1,-1,-1,-1,-1,-1,-1,-1,-1,-1,-1,-1,-1,-1,-1,-1,-1,-1,-1,2.18,1.91,0.00,0.00,2.75,50,75,50,25,25,25,50,75,75,10.50,3.50,0.00,0.00,0.00,0.00,0.00,0.00,0.00,0.00,0.00,Sportcomplex De Herdgang
1800039600,Jan 15 2027 - 7:00pm,incomplete,N/A,Vitesse,Ajax II,N/A,22,0.50,0.00,0.50,0.00,0,0,0,0,0,0,"","",-1,-1,-1,-1,-1,-1,-1,-1,-1,-1,-1,-1,-1,-1,-1,-1,-1,-1,-1,-1,1.77,1.26,0.00,0.00,3.25,75,100,75,25,25,25,75,50,75,10.00,5.00,0.00,0.00,0.00,0.00,0.00,0.00,0.00,0.00,0.00,GelreDome
1800039600,Jan 15 2027 - 7:00pm,incomplete,N/A,VVV,Volendam,N/A,22,1.50,0.00,1.50,0.00,0,0,0,0,0,0,"","",-1,-1,-1,-1,-1,-1,-1,-1,-1,-1,-1,-1,-1,-1,-1,-1,-1,-1,-1,-1,1.16,0.84,0.00,0.00,4.00,75,75,75,50,50,75,75,50,75,6.50,3.00,0.00,0.00,0.00,0.00,0.00,0.00,0.00,0.00,0.00,Seacon Stadion De Koel
1800039600,Jan 15 2027 - 7:00pm,incomplete,N/A,NAC Breda,PSV II,N/A,22,1.50,0.00,1.50,0.00,0,0,0,0,0,0,"","",-1,-1,-1,-1,-1,-1,-1,-1,-1,-1,-1,-1,-1,-1,-1,-1,-1,-1,-1,-1,2.32,2.23,0.00,0.00,3.75,75,100,75,75,25,50,100,75,100,15.00,4.00,0.00,0.00,0.00,0.00,0.00,0.00,0.00,0.00,0.00,Rat Verlegh Stadion
1800039600,Jan 15 2027 - 7:00pm,incomplete,N/A,Dordrecht,Utrecht II,N/A,22,1.50,0.00,1.50,0.00,0,0,0,0,0,0,"","",-1,-1,-1,-1,-1,-1,-1,-1,-1,-1,-1,-1,-1,-1,-1,-1,-1,-1,-1,-1,1.72,1.50,0.00,0.00,2.50,75,75,75,0,0,75,100,0,50,12.50,3.00,0.00,0.00,0.00,0.00,0.00,0.00,0.00,0.00,0.00,Riwal Hoogwerkers Stadion
1800039600,Jan 15 2027 - 7:00pm,incomplete,N/A,Helmond Sport,Oss,N/A,22,1.00,0.00,1.00,0.00,0,0,0,0,0,0,"","",-1,-1,-1,-1,-1,-1,-1,-1,-1,-1,-1,-1,-1,-1,-1,-1,-1,-1,-1,-1,0.97,1.22,0.00,0.00,2.00,50,75,25,0,0,25,100,25,50,12.50,4.00,0.00,0.00,0.00,0.00,0.00,0.00,0.00,0.00,0.00,SolarUnie Stadion
1800039600,Jan 15 2027 - 7:00pm,incomplete,N/A,MVV,Den Bosch,N/A,22,3.00,0.00,3.00,0.00,0,0,0,0,0,0,"","",-1,-1,-1,-1,-1,-1,-1,-1,-1,-1,-1,-1,-1,-1,-1,-1,-1,-1,-1,-1,1.30,1.18,0.00,0.00,3.50,75,75,75,50,50,25,75,50,100,10.00,2.50,0.00,0.00,0.00,0.00,0.00,0.00,0.00,0.00,0.00,De Geusselt
1800039600,Jan 15 2027 - 7:00pm,incomplete,N/A,RKC Waalwijk,Roda JC,N/A,22,1.00,1.50,1.00,1.50,0,0,0,0,0,0,"","",-1,-1,-1,-1,-1,-1,-1,-1,-1,-1,-1,-1,-1,-1,-1,-1,-1,-1,-1,-1,1.67,1.08,0.00,0.00,2.50,50,50,50,50,0,0,75,50,75,6.50,3.00,0.00,0.00,0.00,0.00,0.00,0.00,0.00,0.00,0.00,Mandemakers Stadion
1800039600,Jan 15 2027 - 7:00pm,incomplete,N/A,De Graafschap,Eindhoven,N/A,22,0.00,1.50,0.00,1.50,0,0,0,0,0,0,"","",-1,-1,-1,-1,-1,-1,-1,-1,-1,-1,-1,-1,-1,-1,-1,-1,-1,-1,-1,-1,2.10,1.02,0.00,0.00,5.50,75,75,75,75,75,75,75,75,100,7.00,5.50,0.00,0.00,0.00,0.00,0.00,0.00,0.00,0.00,0.00,Stadion De Vijverberg
1800113400,Jan 16 2027 - 3:30pm,incomplete,N/A,Almere City,Emmen,N/A,22,3.00,3.00,3.00,3.00,0,0,0,0,0,0,"","",-1,-1,-1,-1,-1,-1,-1,-1,-1,-1,-1,-1,-1,-1,-1,-1,-1,-1,-1,-1,1.20,2.73,0.00,0.00,7.00,100,100,100,100,50,100,100,100,100,12.00,2.00,0.00,0.00,0.00,0.00,0.00,0.00,0.00,0.00,0.00,Yanmar Stadion
1800298800,Jan 18 2027 - 7:00pm,incomplete,N/A,AZ II,Heracles,N/A,22,0.00,3.00,0.00,3.00,0,0,0,0,0,0,"","",-1,-1,-1,-1,-1,-1,-1,-1,-1,-1,-1,-1,-1,-1,-1,-1,-1,-1,-1,-1,1.31,2.31,0.00,0.00,4.00,50,50,50,50,50,50,50,50,100,11.00,2.50,0.00,0.00,0.00,0.00,0.00,0.00,0.00,0.00,0.00,AFAS Trainingscomplex
1800644400,Jan 22 2027 - 7:00pm,incomplete,N/A,Eindhoven,Almere City,N/A,23,0.00,2.00,0.00,2.00,0,0,0,0,0,0,"","",-1,-1,-1,-1,-1,-1,-1,-1,-1,-1,-1,-1,-1,-1,-1,-1,-1,-1,-1,-1,1.50,1.91,0.00,0.00,3.75,75,100,75,50,50,50,50,100,100,10.00,2.50,0.00,0.00,0.00,0.00,0.00,0.00,0.00,0.00,0.00,Jan Louwers Stadion
1800644400,Jan 22 2027 - 7:00pm,incomplete,N/A,Vitesse,MVV,N/A,23,0.50,3.00,0.50,3.00,0,0,0,0,0,0,"","",-1,-1,-1,-1,-1,-1,-1,-1,-1,-1,-1,-1,-1,-1,-1,-1,-1,-1,-1,-1,1.77,1.77,0.00,0.00,3.75,75,100,75,50,50,50,75,75,100,8.50,3.00,0.00,0.00,0.00,0.00,0.00,0.00,0.00,0.00,0.00,GelreDome
1800644400,Jan 22 2027 - 7:00pm,incomplete,N/A,Oss,VVV,N/A,23,0.00,3.00,0.00,3.00,0,0,0,0,0,0,"","",-1,-1,-1,-1,-1,-1,-1,-1,-1,-1,-1,-1,-1,-1,-1,-1,-1,-1,-1,-1,1.17,0.88,0.00,0.00,2.50,50,100,50,0,0,0,100,50,100,4.00,4.00,0.00,0.00,0.00,0.00,0.00,0.00,0.00,0.00,0.00,Frans Heesen Stadion
1800644400,Jan 22 2027 - 7:00pm,incomplete,N/A,Emmen,NAC Breda,N/A,23,3.00,3.00,3.00,3.00,0,0,0,0,0,0,"","",-1,-1,-1,-1,-1,-1,-1,-1,-1,-1,-1,-1,-1,-1,-1,-1,-1,-1,-1,-1,1.74,2.32,0.00,0.00,2.75,75,75,75,25,0,0,50,75,100,10.00,4.00,0.00,0.00,0.00,0.00,0.00,0.00,0.00,0.00,0.00,N/A
1800644400,Jan 22 2027 - 7:00pm,incomplete,N/A,Roda JC,Dordrecht,N/A,23,3.00,1.00,3.00,1.00,0,0,0,0,0,0,"","",-1,-1,-1,-1,-1,-1,-1,-1,-1,-1,-1,-1,-1,-1,-1,-1,-1,-1,-1,-1,1.83,1.49,0.00,0.00,3.50,100,100,100,50,0,50,100,50,100,13.00,4.00,0.00,0.00,0.00,0.00,0.00,0.00,0.00,0.00,0.00,Parkstad Limburg Stadion
1800644400,Jan 22 2027 - 7:00pm,incomplete,N/A,Heracles,Helmond Sport,N/A,23,3.00,0.00,3.00,0.00,0,0,0,0,0,0,"","",-1,-1,-1,-1,-1,-1,-1,-1,-1,-1,-1,-1,-1,-1,-1,-1,-1,-1,-1,-1,3.49,0.63,0.00,0.00,4.00,100,100,100,50,50,50,100,50,100,12.00,3.00,0.00,0.00,0.00,0.00,0.00,0.00,0.00,0.00,0.00,Polman Stadion
1800718200,Jan 23 2027 - 3:30pm,incomplete,N/A,Den Bosch,RKC Waalwijk,N/A,23,2.00,1.00,2.00,1.00,0,0,0,0,0,0,"","",-1,-1,-1,-1,-1,-1,-1,-1,-1,-1,-1,-1,-1,-1,-1,-1,-1,-1,-1,-1,1.98,1.75,0.00,0.00,3.25,100,100,25,25,25,25,75,50,100,9.50,2.50,0.00,0.00,0.00,0.00,0.00,0.00,0.00,0.00,0.00,Stadion De Vliert
1800903600,Jan 25 2027 - 7:00pm,incomplete,N/A,AZ II,PSV II,N/A,23,0.00,0.00,0.00,0.00,0,0,0,0,0,0,"","",-1,-1,-1,-1,-1,-1,-1,-1,-1,-1,-1,-1,-1,-1,-1,-1,-1,-1,-1,-1,1.31,2.23,0.00,0.00,2.50,50,50,50,50,0,50,50,50,100,12.00,2.00,0.00,0.00,0.00,0.00,0.00,0.00,0.00,0.00,0.00,AFAS Trainingscomplex
1800903600,Jan 25 2027 - 7:00pm,incomplete,N/A,Utrecht II,De Graafschap,N/A,23,0.00,0.50,0.00,0.50,0,0,0,0,0,0,"","",-1,-1,-1,-1,-1,-1,-1,-1,-1,-1,-1,-1,-1,-1,-1,-1,-1,-1,-1,-1,1.38,1.60,0.00,0.00,4.00,100,100,75,50,25,100,100,50,50,6.50,3.00,0.00,0.00,0.00,0.00,0.00,0.00,0.00,0.00,0.00,N/A
1800903600,Jan 25 2027 - 7:00pm,incomplete,N/A,Ajax II,Volendam,N/A,23,0.00,0.00,0.00,0.00,0,0,0,0,0,0,"","",-1,-1,-1,-1,-1,-1,-1,-1,-1,-1,-1,-1,-1,-1,-1,-1,-1,-1,-1,-1,1.34,0.84,0.00,0.00,6.50,75,75,75,75,75,75,75,75,100,5.00,4.00,0.00,0.00,0.00,0.00,0.00,0.00,0.00,0.00,0.00,Sportpark De Toekomst 
1801249200,Jan 29 2027 - 7:00pm,incomplete,N/A,MVV,RKC Waalwijk,N/A,24,3.00,1.00,3.00,1.00,0,0,0,0,0,0,"","",-1,-1,-1,-1,-1,-1,-1,-1,-1,-1,-1,-1,-1,-1,-1,-1,-1,-1,-1,-1,1.30,1.75,0.00,0.00,2.00,75,75,25,0,0,25,75,0,100,7.00,3.50,0.00,0.00,0.00,0.00,0.00,0.00,0.00,0.00,0.00,De Geusselt
1801249200,Jan 29 2027 - 7:00pm,incomplete,N/A,NAC Breda,Oss,N/A,24,1.50,0.00,1.50,0.00,0,0,0,0,0,0,"","",-1,-1,-1,-1,-1,-1,-1,-1,-1,-1,-1,-1,-1,-1,-1,-1,-1,-1,-1,-1,2.32,1.22,0.00,0.00,2.75,25,75,50,25,25,0,100,50,75,15.50,4.50,0.00,0.00,0.00,0.00,0.00,0.00,0.00,0.00,0.00,Rat Verlegh Stadion
1801249200,Jan 29 2027 - 7:00pm,incomplete,N/A,Almere City,Utrecht II,N/A,24,3.00,0.00,3.00,0.00,0,0,0,0,0,0,"","",-1,-1,-1,-1,-1,-1,-1,-1,-1,-1,-1,-1,-1,-1,-1,-1,-1,-1,-1,-1,1.20,1.50,0.00,0.00,3.50,100,100,100,50,0,100,100,50,100,8.00,2.00,0.00,0.00,0.00,0.00,0.00,0.00,0.00,0.00,0.00,Yanmar Stadion
1801249200,Jan 29 2027 - 7:00pm,incomplete,N/A,Volendam,AZ II,N/A,24,3.00,1.50,3.00,1.50,0,0,0,0,0,0,"","",-1,-1,-1,-1,-1,-1,-1,-1,-1,-1,-1,-1,-1,-1,-1,-1,-1,-1,-1,-1,1.51,1.86,0.00,0.00,4.25,50,100,100,50,25,25,75,100,100,10.00,2.50,0.00,0.00,0.00,0.00,0.00,0.00,0.00,0.00,0.00,Kras Stadion
1801249200,Jan 29 2027 - 7:00pm,incomplete,N/A,Emmen,Ajax II,N/A,24,3.00,0.00,3.00,0.00,0,0,0,0,0,0,"","",-1,-1,-1,-1,-1,-1,-1,-1,-1,-1,-1,-1,-1,-1,-1,-1,-1,-1,-1,-1,1.74,1.26,0.00,0.00,3.25,75,75,75,50,25,25,50,50,75,5.50,6.00,0.00,0.00,0.00,0.00,0.00,0.00,0.00,0.00,0.00,N/A
1801249200,Jan 29 2027 - 7:00pm,incomplete,N/A,Eindhoven,Den Bosch,N/A,24,0.00,0.00,0.00,0.00,0,0,0,0,0,0,"","",-1,-1,-1,-1,-1,-1,-1,-1,-1,-1,-1,-1,-1,-1,-1,-1,-1,-1,-1,-1,1.50,1.18,0.00,0.00,5.00,100,100,100,100,100,50,100,100,100,12.00,1.00,0.00,0.00,0.00,0.00,0.00,0.00,0.00,0.00,0.00,Jan Louwers Stadion
1801249200,Jan 29 2027 - 7:00pm,incomplete,N/A,VVV,Dordrecht,N/A,24,1.50,1.00,1.50,1.00,0,0,0,0,0,0,"","",-1,-1,-1,-1,-1,-1,-1,-1,-1,-1,-1,-1,-1,-1,-1,-1,-1,-1,-1,-1,1.16,1.49,0.00,0.00,4.50,100,100,100,75,25,50,100,75,75,9.50,5.00,0.00,0.00,0.00,0.00,0.00,0.00,0.00,0.00,0.00,Seacon Stadion De Koel
1801249200,Jan 29 2027 - 7:00pm,incomplete,N/A,De Graafschap,Helmond Sport,N/A,24,0.00,0.00,0.00,0.00,0,0,0,0,0,0,"","",-1,-1,-1,-1,-1,-1,-1,-1,-1,-1,-1,-1,-1,-1,-1,-1,-1,-1,-1,-1,2.10,0.63,0.00,0.00,5.00,100,100,100,50,50,100,100,50,100,6.00,8.00,0.00,0.00,0.00,0.00,0.00,0.00,0.00,0.00,0.00,Stadion De Vijverberg
1801323000,Jan 30 2027 - 3:30pm,incomplete,N/A,Roda JC,Heracles,N/A,24,3.00,3.00,3.00,3.00,0,0,0,0,0,0,"","",-1,-1,-1,-1,-1,-1,-1,-1,-1,-1,-1,-1,-1,-1,-1,-1,-1,-1,-1,-1,1.83,2.31,0.00,0.00,5.00,100,100,100,50,50,100,100,50,100,14.00,1.50,0.00,0.00,0.00,0.00,0.00,0.00,0.00,0.00,0.00,Parkstad Limburg Stadion
1801508400,Feb 01 2027 - 7:00pm,incomplete,N/A,PSV II,Vitesse,N/A,24,3.00,3.00,3.00,3.00,0,0,0,0,0,0,"","",-1,-1,-1,-1,-1,-1,-1,-1,-1,-1,-1,-1,-1,-1,-1,-1,-1,-1,-1,-1,2.18,2.11,0.00,0.00,3.50,75,75,75,75,25,75,100,75,75,9.50,3.00,0.00,0.00,0.00,0.00,0.00,0.00,0.00,0.00,0.00,Sportcomplex De Herdgang
1801854000,Feb 05 2027 - 7:00pm,incomplete,N/A,Helmond Sport,Emmen,N/A,25,1.00,3.00,1.00,3.00,0,0,0,0,0,0,"","",-1,-1,-1,-1,-1,-1,-1,-1,-1,-1,-1,-1,-1,-1,-1,-1,-1,-1,-1,-1,0.97,2.73,0.00,0.00,6.00,100,100,50,50,50,75,100,50,75,14.00,3.50,0.00,0.00,0.00,0.00,0.00,0.00,0.00,0.00,0.00,SolarUnie Stadion
1801854000,Feb 05 2027 - 7:00pm,incomplete,N/A,Den Bosch,PSV II,N/A,25,2.00,0.00,2.00,0.00,0,0,0,0,0,0,"","",-1,-1,-1,-1,-1,-1,-1,-1,-1,-1,-1,-1,-1,-1,-1,-1,-1,-1,-1,-1,1.98,2.23,0.00,0.00,4.25,100,100,75,75,25,75,75,100,100,13.50,1.50,0.00,0.00,0.00,0.00,0.00,0.00,0.00,0.00,0.00,Stadion De Vliert
1801854000,Feb 05 2027 - 7:00pm,incomplete,N/A,Volendam,Almere City,N/A,25,3.00,2.00,3.00,2.00,0,0,0,0,0,0,"","",-1,-1,-1,-1,-1,-1,-1,-1,-1,-1,-1,-1,-1,-1,-1,-1,-1,-1,-1,-1,1.51,1.91,0.00,0.00,2.75,25,100,75,0,0,0,50,100,100,11.00,3.50,0.00,0.00,0.00,0.00,0.00,0.00,0.00,0.00,0.00,Kras Stadion
1801854000,Feb 05 2027 - 7:00pm,incomplete,N/A,Heracles,VVV,N/A,25,3.00,3.00,3.00,3.00,0,0,0,0,0,0,"","",-1,-1,-1,-1,-1,-1,-1,-1,-1,-1,-1,-1,-1,-1,-1,-1,-1,-1,-1,-1,3.49,0.88,0.00,0.00,3.50,50,100,50,50,50,0,100,50,100,12.00,3.00,0.00,0.00,0.00,0.00,0.00,0.00,0.00,0.00,0.00,Polman Stadion
1801854000,Feb 05 2027 - 7:00pm,incomplete,N/A,Dordrecht,MVV,N/A,25,1.50,3.00,1.50,3.00,0,0,0,0,0,0,"","",-1,-1,-1,-1,-1,-1,-1,-1,-1,-1,-1,-1,-1,-1,-1,-1,-1,-1,-1,-1,1.72,1.77,0.00,0.00,3.50,75,75,75,50,50,75,100,50,50,9.50,3.00,0.00,0.00,0.00,0.00,0.00,0.00,0.00,0.00,0.00,Riwal Hoogwerkers Stadion
1801854000,Feb 05 2027 - 7:00pm,incomplete,N/A,RKC Waalwijk,De Graafschap,N/A,25,1.00,0.50,1.00,0.50,0,0,0,0,0,0,"","",-1,-1,-1,-1,-1,-1,-1,-1,-1,-1,-1,-1,-1,-1,-1,-1,-1,-1,-1,-1,1.67,1.60,0.00,0.00,3.25,100,100,75,50,0,50,100,50,50,8.00,3.00,0.00,0.00,0.00,0.00,0.00,0.00,0.00,0.00,0.00,Mandemakers Stadion
1801927800,Feb 06 2027 - 3:30pm,incomplete,N/A,Vitesse,Eindhoven,N/A,25,0.50,1.50,0.50,1.50,0,0,0,0,0,0,"","",-1,-1,-1,-1,-1,-1,-1,-1,-1,-1,-1,-1,-1,-1,-1,-1,-1,-1,-1,-1,1.77,1.02,0.00,0.00,3.25,50,75,50,25,25,25,50,50,100,8.50,2.50,0.00,0.00,0.00,0.00,0.00,0.00,0.00,0.00,0.00,GelreDome
1802113200,Feb 08 2027 - 7:00pm,incomplete,N/A,AZ II,Roda JC,N/A,25,0.00,1.50,0.00,1.50,0,0,0,0,0,0,"","",-1,-1,-1,-1,-1,-1,-1,-1,-1,-1,-1,-1,-1,-1,-1,-1,-1,-1,-1,-1,1.31,1.08,0.00,0.00,1.00,0,0,0,0,0,0,25,0,75,7.50,3.00,0.00,0.00,0.00,0.00,0.00,0.00,0.00,0.00,0.00,AFAS Trainingscomplex
1802113200,Feb 08 2027 - 7:00pm,incomplete,N/A,Ajax II,NAC Breda,N/A,25,0.00,3.00,0.00,3.00,0,0,0,0,0,0,"","",-1,-1,-1,-1,-1,-1,-1,-1,-1,-1,-1,-1,-1,-1,-1,-1,-1,-1,-1,-1,1.34,2.32,0.00,0.00,6.50,100,100,100,50,50,50,100,100,100,11.00,3.00,0.00,0.00,0.00,0.00,0.00,0.00,0.00,0.00,0.00,Sportpark De Toekomst 
1802113200,Feb 08 2027 - 7:00pm,incomplete,N/A,Utrecht II,Oss,N/A,25,0.00,0.00,0.00,0.00,0,0,0,0,0,0,"","",-1,-1,-1,-1,-1,-1,-1,-1,-1,-1,-1,-1,-1,-1,-1,-1,-1,-1,-1,-1,1.38,1.22,0.00,0.00,3.75,50,75,75,50,25,50,100,75,75,10.00,2.50,0.00,0.00,0.00,0.00,0.00,0.00,0.00,0.00,0.00,N/A
1802458800,Feb 12 2027 - 7:00pm,incomplete,N/A,Roda JC,Utrecht II,N/A,26,3.00,0.00,3.00,0.00,0,0,0,0,0,0,"","",-1,-1,-1,-1,-1,-1,-1,-1,-1,-1,-1,-1,-1,-1,-1,-1,-1,-1,-1,-1,1.83,1.50,0.00,0.00,3.00,100,100,100,0,0,100,100,0,100,13.00,1.00,0.00,0.00,0.00,0.00,0.00,0.00,0.00,0.00,0.00,Parkstad Limburg Stadion
1802458800,Feb 12 2027 - 7:00pm,incomplete,N/A,VVV,Vitesse,N/A,26,1.50,3.00,1.50,3.00,0,0,0,0,0,0,"","",-1,-1,-1,-1,-1,-1,-1,-1,-1,-1,-1,-1,-1,-1,-1,-1,-1,-1,-1,-1,1.16,2.11,0.00,0.00,4.50,100,100,100,75,25,100,100,75,75,7.50,3.00,0.00,0.00,0.00,0.00,0.00,0.00,0.00,0.00,0.00,Seacon Stadion De Koel
1802458800,Feb 12 2027 - 7:00pm,incomplete,N/A,Eindhoven,Volendam,N/A,26,0.00,0.00,0.00,0.00,0,0,0,0,0,0,"","",-1,-1,-1,-1,-1,-1,-1,-1,-1,-1,-1,-1,-1,-1,-1,-1,-1,-1,-1,-1,1.50,0.84,0.00,0.00,4.00,75,75,75,75,75,75,75,75,100,8.00,2.00,0.00,0.00,0.00,0.00,0.00,0.00,0.00,0.00,0.00,Jan Louwers Stadion
1802458800,Feb 12 2027 - 7:00pm,incomplete,N/A,NAC Breda,Dordrecht,N/A,26,1.50,1.00,1.50,1.00,0,0,0,0,0,0,"","",-1,-1,-1,-1,-1,-1,-1,-1,-1,-1,-1,-1,-1,-1,-1,-1,-1,-1,-1,-1,2.32,1.49,0.00,0.00,3.75,75,100,75,75,25,0,100,75,100,13.00,7.00,0.00,0.00,0.00,0.00,0.00,0.00,0.00,0.00,0.00,Rat Verlegh Stadion
1802458800,Feb 12 2027 - 7:00pm,incomplete,N/A,De Graafschap,Emmen,N/A,26,0.00,3.00,0.00,3.00,0,0,0,0,0,0,"","",-1,-1,-1,-1,-1,-1,-1,-1,-1,-1,-1,-1,-1,-1,-1,-1,-1,-1,-1,-1,2.10,2.73,0.00,0.00,8.50,100,100,100,100,100,100,100,100,100,14.00,6.00,0.00,0.00,0.00,0.00,0.00,0.00,0.00,0.00,0.00,Stadion De Vijverberg
1802458800,Feb 12 2027 - 7:00pm,incomplete,N/A,Oss,AZ II,N/A,26,0.00,1.50,0.00,1.50,0,0,0,0,0,0,"","",-1,-1,-1,-1,-1,-1,-1,-1,-1,-1,-1,-1,-1,-1,-1,-1,-1,-1,-1,-1,1.17,1.86,0.00,0.00,4.25,100,100,100,50,25,25,75,100,100,6.00,2.50,0.00,0.00,0.00,0.00,0.00,0.00,0.00,0.00,0.00,Frans Heesen Stadion
1802458800,Feb 12 2027 - 7:00pm,incomplete,N/A,Almere City,Den Bosch,N/A,26,3.00,0.00,3.00,0.00,0,0,0,0,0,0,"","",-1,-1,-1,-1,-1,-1,-1,-1,-1,-1,-1,-1,-1,-1,-1,-1,-1,-1,-1,-1,1.20,1.18,0.00,0.00,4.50,100,100,100,100,50,50,100,100,100,9.00,2.00,0.00,0.00,0.00,0.00,0.00,0.00,0.00,0.00,0.00,Yanmar Stadion
1802458800,Feb 12 2027 - 7:00pm,incomplete,N/A,RKC Waalwijk,Heracles,N/A,26,1.00,3.00,1.00,3.00,0,0,0,0,0,0,"","",-1,-1,-1,-1,-1,-1,-1,-1,-1,-1,-1,-1,-1,-1,-1,-1,-1,-1,-1,-1,1.67,2.31,0.00,0.00,5.50,100,100,100,100,50,50,100,100,100,10.00,2.50,0.00,0.00,0.00,0.00,0.00,0.00,0.00,0.00,0.00,Mandemakers Stadion
1802532600,Feb 13 2027 - 3:30pm,incomplete,N/A,MVV,Ajax II,N/A,26,3.00,0.00,3.00,0.00,0,0,0,0,0,0,"","",-1,-1,-1,-1,-1,-1,-1,-1,-1,-1,-1,-1,-1,-1,-1,-1,-1,-1,-1,-1,1.30,1.26,0.00,0.00,3.00,75,75,75,25,25,50,75,25,75,7.50,4.50,0.00,0.00,0.00,0.00,0.00,0.00,0.00,0.00,0.00,De Geusselt
1802718000,Feb 15 2027 - 7:00pm,incomplete,N/A,PSV II,Helmond Sport,N/A,26,3.00,0.00,3.00,0.00,0,0,0,0,0,0,"","",-1,-1,-1,-1,-1,-1,-1,-1,-1,-1,-1,-1,-1,-1,-1,-1,-1,-1,-1,-1,2.18,0.63,0.00,0.00,3.00,75,75,75,25,25,75,100,25,75,7.50,4.00,0.00,0.00,0.00,0.00,0.00,0.00,0.00,0.00,0.00,Sportcomplex De Herdgang
1803063600,Feb 19 2027 - 7:00pm,incomplete,N/A,Volendam,NAC Breda,N/A,27,3.00,3.00,3.00,3.00,0,0,0,0,0,0,"","",-1,-1,-1,-1,-1,-1,-1,-1,-1,-1,-1,-1,-1,-1,-1,-1,-1,-1,-1,-1,1.51,2.32,0.00,0.00,3.00,50,100,100,0,0,0,100,100,100,15.00,2.00,0.00,0.00,0.00,0.00,0.00,0.00,0.00,0.00,0.00,Kras Stadion
1803063600,Feb 19 2027 - 7:00pm,incomplete,N/A,Oss,Heracles,N/A,27,0.00,3.00,0.00,3.00,0,0,0,0,0,0,"","",-1,-1,-1,-1,-1,-1,-1,-1,-1,-1,-1,-1,-1,-1,-1,-1,-1,-1,-1,-1,1.17,2.31,0.00,0.00,5.00,100,100,100,50,50,50,100,100,100,9.00,2.50,0.00,0.00,0.00,0.00,0.00,0.00,0.00,0.00,0.00,Frans Heesen Stadion
1803063600,Feb 19 2027 - 7:00pm,incomplete,N/A,Vitesse,Roda JC,N/A,27,0.50,1.50,0.50,1.50,0,0,0,0,0,0,"","",-1,-1,-1,-1,-1,-1,-1,-1,-1,-1,-1,-1,-1,-1,-1,-1,-1,-1,-1,-1,1.77,1.08,0.00,0.00,1.75,25,50,25,0,0,0,50,25,75,9.00,4.00,0.00,0.00,0.00,0.00,0.00,0.00,0.00,0.00,0.00,GelreDome
1803063600,Feb 19 2027 - 7:00pm,incomplete,N/A,Dordrecht,De Graafschap,N/A,27,1.50,0.50,1.50,0.50,0,0,0,0,0,0,"","",-1,-1,-1,-1,-1,-1,-1,-1,-1,-1,-1,-1,-1,-1,-1,-1,-1,-1,-1,-1,1.72,1.60,0.00,0.00,2.25,75,75,50,0,0,75,100,0,0,11.50,4.00,0.00,0.00,0.00,0.00,0.00,0.00,0.00,0.00,0.00,Riwal Hoogwerkers Stadion
1803063600,Feb 19 2027 - 7:00pm,incomplete,N/A,VVV,Almere City,N/A,27,1.50,2.00,1.50,2.00,0,0,0,0,0,0,"","",-1,-1,-1,-1,-1,-1,-1,-1,-1,-1,-1,-1,-1,-1,-1,-1,-1,-1,-1,-1,1.16,1.91,0.00,0.00,3.75,75,100,75,25,25,50,50,75,75,8.50,3.50,0.00,0.00,0.00,0.00,0.00,0.00,0.00,0.00,0.00,Seacon Stadion De Koel
1803063600,Feb 19 2027 - 7:00pm,incomplete,N/A,Emmen,Eindhoven,N/A,27,3.00,1.50,3.00,1.50,0,0,0,0,0,0,"","",-1,-1,-1,-1,-1,-1,-1,-1,-1,-1,-1,-1,-1,-1,-1,-1,-1,-1,-1,-1,1.74,1.02,0.00,0.00,3.25,50,50,50,50,25,25,25,50,100,4.00,3.50,0.00,0.00,0.00,0.00,0.00,0.00,0.00,0.00,0.00,N/A
1803137400,Feb 20 2027 - 3:30pm,incomplete,N/A,Helmond Sport,MVV,N/A,27,1.00,3.00,1.00,3.00,0,0,0,0,0,0,"","",-1,-1,-1,-1,-1,-1,-1,-1,-1,-1,-1,-1,-1,-1,-1,-1,-1,-1,-1,-1,0.97,1.77,0.00,0.00,3.50,100,100,50,50,50,75,100,50,75,7.00,3.50,0.00,0.00,0.00,0.00,0.00,0.00,0.00,0.00,0.00,SolarUnie Stadion
1803322800,Feb 22 2027 - 7:00pm,incomplete,N/A,Utrecht II,PSV II,N/A,27,0.00,0.00,0.00,0.00,0,0,0,0,0,0,"","",-1,-1,-1,-1,-1,-1,-1,-1,-1,-1,-1,-1,-1,-1,-1,-1,-1,-1,-1,-1,1.38,2.23,0.00,0.00,4.75,100,100,100,100,25,100,100,100,100,9.50,2.00,0.00,0.00,0.00,0.00,0.00,0.00,0.00,0.00,0.00,N/A
1803322800,Feb 22 2027 - 7:00pm,incomplete,N/A,Ajax II,Den Bosch,N/A,27,0.00,0.00,0.00,0.00,0,0,0,0,0,0,"","",-1,-1,-1,-1,-1,-1,-1,-1,-1,-1,-1,-1,-1,-1,-1,-1,-1,-1,-1,-1,1.34,1.18,0.00,0.00,7.50,100,100,100,100,100,50,100,100,100,9.00,3.00,0.00,0.00,0.00,0.00,0.00,0.00,0.00,0.00,0.00,Sportpark De Toekomst 
1803322800,Feb 22 2027 - 7:00pm,incomplete,N/A,AZ II,RKC Waalwijk,N/A,27,0.00,1.00,0.00,1.00,0,0,0,0,0,0,"","",-1,-1,-1,-1,-1,-1,-1,-1,-1,-1,-1,-1,-1,-1,-1,-1,-1,-1,-1,-1,1.31,1.75,0.00,0.00,1.50,50,50,0,0,0,0,50,0,100,8.00,3.00,0.00,0.00,0.00,0.00,0.00,0.00,0.00,0.00,0.00,AFAS Trainingscomplex
1803668400,Feb 26 2027 - 7:00pm,incomplete,N/A,Almere City,MVV,N/A,28,3.00,3.00,3.00,3.00,0,0,0,0,0,0,"","",-1,-1,-1,-1,-1,-1,-1,-1,-1,-1,-1,-1,-1,-1,-1,-1,-1,-1,-1,-1,1.20,1.77,0.00,0.00,4.50,100,100,100,100,50,100,100,100,100,5.00,2.00,0.00,0.00,0.00,0.00,0.00,0.00,0.00,0.00,0.00,Yanmar Stadion
1803668400,Feb 26 2027 - 7:00pm,incomplete,N/A,Dordrecht,Oss,N/A,28,1.50,0.00,1.50,0.00,0,0,0,0,0,0,"","",-1,-1,-1,-1,-1,-1,-1,-1,-1,-1,-1,-1,-1,-1,-1,-1,-1,-1,-1,-1,1.72,1.22,0.00,0.00,2.00,25,50,50,0,0,25,100,25,25,15.00,3.50,0.00,0.00,0.00,0.00,0.00,0.00,0.00,0.00,0.00,Riwal Hoogwerkers Stadion
1803668400,Feb 26 2027 - 7:00pm,incomplete,N/A,NAC Breda,Vitesse,N/A,28,1.50,3.00,1.50,3.00,0,0,0,0,0,0,"","",-1,-1,-1,-1,-1,-1,-1,-1,-1,-1,-1,-1,-1,-1,-1,-1,-1,-1,-1,-1,2.32,2.11,0.00,0.00,3.75,75,100,75,75,25,50,100,75,100,11.00,5.00,0.00,0.00,0.00,0.00,0.00,0.00,0.00,0.00,0.00,Rat Verlegh Stadion
1803668400,Feb 26 2027 - 7:00pm,incomplete,N/A,De Graafschap,Ajax II,N/A,28,0.00,0.00,0.00,0.00,0,0,0,0,0,0,"","",-1,-1,-1,-1,-1,-1,-1,-1,-1,-1,-1,-1,-1,-1,-1,-1,-1,-1,-1,-1,2.10,1.26,0.00,0.00,5.50,100,100,100,75,75,75,100,75,75,8.50,8.00,0.00,0.00,0.00,0.00,0.00,0.00,0.00,0.00,0.00,Stadion De Vijverberg
1803668400,Feb 26 2027 - 7:00pm,incomplete,N/A,PSV II,VVV,N/A,28,3.00,3.00,3.00,3.00,0,0,0,0,0,0,"","",-1,-1,-1,-1,-1,-1,-1,-1,-1,-1,-1,-1,-1,-1,-1,-1,-1,-1,-1,-1,2.18,0.88,0.00,0.00,2.50,25,75,25,25,25,25,100,25,75,7.50,4.00,0.00,0.00,0.00,0.00,0.00,0.00,0.00,0.00,0.00,Sportcomplex De Herdgang
1803668400,Feb 26 2027 - 7:00pm,incomplete,N/A,Heracles,Utrecht II,N/A,28,3.00,0.00,3.00,0.00,0,0,0,0,0,0,"","",-1,-1,-1,-1,-1,-1,-1,-1,-1,-1,-1,-1,-1,-1,-1,-1,-1,-1,-1,-1,3.49,1.50,0.00,0.00,4.00,100,100,100,50,50,50,100,50,100,16.00,1.00,0.00,0.00,0.00,0.00,0.00,0.00,0.00,0.00,0.00,Polman Stadion
1803668400,Feb 26 2027 - 7:00pm,incomplete,N/A,Roda JC,Eindhoven,N/A,28,3.00,1.50,3.00,1.50,0,0,0,0,0,0,"","",-1,-1,-1,-1,-1,-1,-1,-1,-1,-1,-1,-1,-1,-1,-1,-1,-1,-1,-1,-1,1.83,1.02,0.00,0.00,3.50,75,75,75,25,25,75,75,25,100,10.00,0.50,0.00,0.00,0.00,0.00,0.00,0.00,0.00,0.00,0.00,Parkstad Limburg Stadion
1803668400,Feb 26 2027 - 7:00pm,incomplete,N/A,AZ II,Emmen,N/A,28,0.00,3.00,0.00,3.00,0,0,0,0,0,0,"","",-1,-1,-1,-1,-1,-1,-1,-1,-1,-1,-1,-1,-1,-1,-1,-1,-1,-1,-1,-1,1.31,2.73,0.00,0.00,5.50,50,50,50,50,50,50,50,50,100,14.00,2.00,0.00,0.00,0.00,0.00,0.00,0.00,0.00,0.00,0.00,AFAS Trainingscomplex
1803668400,Feb 26 2027 - 7:00pm,incomplete,N/A,Den Bosch,Volendam,N/A,28,2.00,0.00,2.00,0.00,0,0,0,0,0,0,"","",-1,-1,-1,-1,-1,-1,-1,-1,-1,-1,-1,-1,-1,-1,-1,-1,-1,-1,-1,-1,1.98,0.84,0.00,0.00,3.75,75,75,50,50,50,50,50,75,100,8.50,2.50,0.00,0.00,0.00,0.00,0.00,0.00,0.00,0.00,0.00,Stadion De Vliert
1803668400,Feb 26 2027 - 7:00pm,incomplete,N/A,RKC Waalwijk,Helmond Sport,N/A,28,1.00,0.00,1.00,0.00,0,0,0,0,0,0,"","",-1,-1,-1,-1,-1,-1,-1,-1,-1,-1,-1,-1,-1,-1,-1,-1,-1,-1,-1,-1,1.67,0.63,0.00,0.00,3.50,100,100,100,50,0,50,100,50,100,5.00,4.00,0.00,0.00,0.00,0.00,0.00,0.00,0.00,0.00,0.00,Mandemakers Stadion
1804273200,Mar 05 2027 - 7:00pm,incomplete,N/A,Emmen,Dordrecht,N/A,29,3.00,1.00,3.00,1.00,0,0,0,0,0,0,"","",-1,-1,-1,-1,-1,-1,-1,-1,-1,-1,-1,-1,-1,-1,-1,-1,-1,-1,-1,-1,1.74,1.49,0.00,0.00,3.25,75,75,75,75,0,0,50,75,100,7.00,7.00,0.00,0.00,0.00,0.00,0.00,0.00,0.00,0.00,0.00,N/A
1804273200,Mar 05 2027 - 7:00pm,incomplete,N/A,MVV,AZ II,N/A,29,3.00,1.50,3.00,1.50,0,0,0,0,0,0,"","",-1,-1,-1,-1,-1,-1,-1,-1,-1,-1,-1,-1,-1,-1,-1,-1,-1,-1,-1,-1,1.30,1.86,0.00,0.00,3.75,75,75,75,50,25,50,50,50,100,7.00,3.00,0.00,0.00,0.00,0.00,0.00,0.00,0.00,0.00,0.00,De Geusselt
1804273200,Mar 05 2027 - 7:00pm,incomplete,N/A,Volendam,RKC Waalwijk,N/A,29,3.00,1.00,3.00,1.00,0,0,0,0,0,0,"","",-1,-1,-1,-1,-1,-1,-1,-1,-1,-1,-1,-1,-1,-1,-1,-1,-1,-1,-1,-1,1.51,1.75,0.00,0.00,2.50,50,100,50,0,0,0,100,50,100,10.00,3.00,0.00,0.00,0.00,0.00,0.00,0.00,0.00,0.00,0.00,Kras Stadion
1804273200,Mar 05 2027 - 7:00pm,incomplete,N/A,VVV,Ajax II,N/A,29,1.50,0.00,1.50,0.00,0,0,0,0,0,0,"","",-1,-1,-1,-1,-1,-1,-1,-1,-1,-1,-1,-1,-1,-1,-1,-1,-1,-1,-1,-1,1.16,1.26,0.00,0.00,4.50,100,100,100,50,50,75,100,50,50,8.00,4.00,0.00,0.00,0.00,0.00,0.00,0.00,0.00,0.00,0.00,Seacon Stadion De Koel
1804273200,Mar 05 2027 - 7:00pm,incomplete,N/A,NAC Breda,Helmond Sport,N/A,29,1.50,0.00,1.50,0.00,0,0,0,0,0,0,"","",-1,-1,-1,-1,-1,-1,-1,-1,-1,-1,-1,-1,-1,-1,-1,-1,-1,-1,-1,-1,2.32,0.63,0.00,0.00,3.25,75,100,75,25,25,50,100,25,100,9.00,6.00,0.00,0.00,0.00,0.00,0.00,0.00,0.00,0.00,0.00,Rat Verlegh Stadion
1804273200,Mar 05 2027 - 7:00pm,incomplete,N/A,Eindhoven,Utrecht II,N/A,29,0.00,0.00,0.00,0.00,0,0,0,0,0,0,"","",-1,-1,-1,-1,-1,-1,-1,-1,-1,-1,-1,-1,-1,-1,-1,-1,-1,-1,-1,-1,1.50,1.50,0.00,0.00,4.00,100,100,100,50,50,100,100,50,100,11.00,1.00,0.00,0.00,0.00,0.00,0.00,0.00,0.00,0.00,0.00,Jan Louwers Stadion
1804347000,Mar 06 2027 - 3:30pm,incomplete,N/A,Roda JC,Oss,N/A,29,3.00,0.00,3.00,0.00,0,0,0,0,0,0,"","",-1,-1,-1,-1,-1,-1,-1,-1,-1,-1,-1,-1,-1,-1,-1,-1,-1,-1,-1,-1,1.83,1.22,0.00,0.00,2.50,50,75,75,0,0,50,100,25,75,15.50,1.50,0.00,0.00,0.00,0.00,0.00,0.00,0.00,0.00,0.00,Parkstad Limburg Stadion
1804418100,Mar 07 2027 - 11:15am,incomplete,N/A,Vitesse,Den Bosch,N/A,29,0.50,0.00,0.50,0.00,0,0,0,0,0,0,"","",-1,-1,-1,-1,-1,-1,-1,-1,-1,-1,-1,-1,-1,-1,-1,-1,-1,-1,-1,-1,1.77,1.18,0.00,0.00,3.75,75,100,75,50,50,0,75,75,100,12.50,3.00,0.00,0.00,0.00,0.00,0.00,0.00,0.00,0.00,0.00,GelreDome
1804434300,Mar 07 2027 - 3:45pm,incomplete,N/A,Almere City,De Graafschap,N/A,29,3.00,0.50,3.00,0.50,0,0,0,0,0,0,"","",-1,-1,-1,-1,-1,-1,-1,-1,-1,-1,-1,-1,-1,-1,-1,-1,-1,-1,-1,-1,1.20,1.60,0.00,0.00,3.25,100,100,75,50,0,100,100,50,50,7.00,3.00,0.00,0.00,0.00,0.00,0.00,0.00,0.00,0.00,0.00,Yanmar Stadion
1804532400,Mar 08 2027 - 7:00pm,incomplete,N/A,PSV II,Heracles,N/A,29,3.00,3.00,3.00,3.00,0,0,0,0,0,0,"","",-1,-1,-1,-1,-1,-1,-1,-1,-1,-1,-1,-1,-1,-1,-1,-1,-1,-1,-1,-1,2.18,2.31,0.00,0.00,5.00,75,75,75,75,75,75,100,75,75,12.50,2.50,0.00,0.00,0.00,0.00,0.00,0.00,0.00,0.00,0.00,Sportcomplex De Herdgang
1804878000,Mar 12 2027 - 7:00pm,incomplete,N/A,RKC Waalwijk,Vitesse,N/A,30,1.00,3.00,1.00,3.00,0,0,0,0,0,0,"","",-1,-1,-1,-1,-1,-1,-1,-1,-1,-1,-1,-1,-1,-1,-1,-1,-1,-1,-1,-1,1.67,2.11,0.00,0.00,4.00,100,100,100,100,0,50,100,100,100,7.00,3.00,0.00,0.00,0.00,0.00,0.00,0.00,0.00,0.00,0.00,Mandemakers Stadion
1804878000,Mar 12 2027 - 7:00pm,incomplete,N/A,De Graafschap,Volendam,N/A,30,0.00,0.00,0.00,0.00,0,0,0,0,0,0,"","",-1,-1,-1,-1,-1,-1,-1,-1,-1,-1,-1,-1,-1,-1,-1,-1,-1,-1,-1,-1,2.10,0.84,0.00,0.00,5.00,75,75,75,75,75,75,75,75,100,7.00,7.00,0.00,0.00,0.00,0.00,0.00,0.00,0.00,0.00,0.00,Stadion De Vijverberg
1804878000,Mar 12 2027 - 7:00pm,incomplete,N/A,Heracles,MVV,N/A,30,3.00,3.00,3.00,3.00,0,0,0,0,0,0,"","",-1,-1,-1,-1,-1,-1,-1,-1,-1,-1,-1,-1,-1,-1,-1,-1,-1,-1,-1,-1,3.49,1.77,0.00,0.00,5.00,100,100,100,100,100,50,100,100,100,13.00,1.00,0.00,0.00,0.00,0.00,0.00,0.00,0.00,0.00,0.00,Polman Stadion
1804878000,Mar 12 2027 - 7:00pm,incomplete,N/A,Den Bosch,Emmen,N/A,30,2.00,3.00,2.00,3.00,0,0,0,0,0,0,"","",-1,-1,-1,-1,-1,-1,-1,-1,-1,-1,-1,-1,-1,-1,-1,-1,-1,-1,-1,-1,1.98,2.73,0.00,0.00,7.25,100,100,75,75,75,75,75,100,100,15.50,1.50,0.00,0.00,0.00,0.00,0.00,0.00,0.00,0.00,0.00,Stadion De Vliert
1804878000,Mar 12 2027 - 7:00pm,incomplete,N/A,Helmond Sport,Roda JC,N/A,30,1.00,1.50,1.00,1.50,0,0,0,0,0,0,"","",-1,-1,-1,-1,-1,-1,-1,-1,-1,-1,-1,-1,-1,-1,-1,-1,-1,-1,-1,-1,0.97,1.08,0.00,0.00,1.50,50,50,0,0,0,25,75,0,50,7.50,4.50,0.00,0.00,0.00,0.00,0.00,0.00,0.00,0.00,0.00,SolarUnie Stadion
1804878000,Mar 12 2027 - 7:00pm,incomplete,N/A,Dordrecht,Eindhoven,N/A,30,1.50,1.50,1.50,1.50,0,0,0,0,0,0,"","",-1,-1,-1,-1,-1,-1,-1,-1,-1,-1,-1,-1,-1,-1,-1,-1,-1,-1,-1,-1,1.72,1.02,0.00,0.00,3.00,50,50,50,25,25,50,75,25,50,9.50,2.50,0.00,0.00,0.00,0.00,0.00,0.00,0.00,0.00,0.00,Riwal Hoogwerkers Stadion
1804951800,Mar 13 2027 - 3:30pm,incomplete,N/A,Oss,PSV II,N/A,30,0.00,0.00,0.00,0.00,0,0,0,0,0,0,"","",-1,-1,-1,-1,-1,-1,-1,-1,-1,-1,-1,-1,-1,-1,-1,-1,-1,-1,-1,-1,1.17,2.23,0.00,0.00,3.50,100,100,100,50,0,50,100,100,100,10.00,2.00,0.00,0.00,0.00,0.00,0.00,0.00,0.00,0.00,0.00,Frans Heesen Stadion
1805137200,Mar 15 2027 - 7:00pm,incomplete,N/A,AZ II,VVV,N/A,30,0.00,3.00,0.00,3.00,0,0,0,0,0,0,"","",-1,-1,-1,-1,-1,-1,-1,-1,-1,-1,-1,-1,-1,-1,-1,-1,-1,-1,-1,-1,1.31,0.88,0.00,0.00,1.50,0,50,0,0,0,0,50,0,100,6.00,4.00,0.00,0.00,0.00,0.00,0.00,0.00,0.00,0.00,0.00,AFAS Trainingscomplex
1805137200,Mar 15 2027 - 7:00pm,incomplete,N/A,Utrecht II,NAC Breda,N/A,30,0.00,3.00,0.00,3.00,0,0,0,0,0,0,"","",-1,-1,-1,-1,-1,-1,-1,-1,-1,-1,-1,-1,-1,-1,-1,-1,-1,-1,-1,-1,1.38,2.32,0.00,0.00,4.25,100,100,100,50,25,50,100,100,100,10.50,2.00,0.00,0.00,0.00,0.00,0.00,0.00,0.00,0.00,0.00,N/A
1805137200,Mar 15 2027 - 7:00pm,incomplete,N/A,Ajax II,Almere City,N/A,30,0.00,2.00,0.00,2.00,0,0,0,0,0,0,"","",-1,-1,-1,-1,-1,-1,-1,-1,-1,-1,-1,-1,-1,-1,-1,-1,-1,-1,-1,-1,1.34,1.91,0.00,0.00,6.25,75,100,75,50,50,50,50,100,100,7.00,4.50,0.00,0.00,0.00,0.00,0.00,0.00,0.00,0.00,0.00,Sportpark De Toekomst 
1805482800,Mar 19 2027 - 7:00pm,incomplete,N/A,Den Bosch,Heracles,N/A,31,2.00,3.00,2.00,3.00,0,0,0,0,0,0,"","",-1,-1,-1,-1,-1,-1,-1,-1,-1,-1,-1,-1,-1,-1,-1,-1,-1,-1,-1,-1,1.98,2.31,0.00,0.00,5.75,100,100,75,75,75,75,75,100,100,12.50,2.00,0.00,0.00,0.00,0.00,0.00,0.00,0.00,0.00,0.00,Stadion De Vliert
1805482800,Mar 19 2027 - 7:00pm,incomplete,N/A,Volendam,PSV II,N/A,31,3.00,0.00,3.00,0.00,0,0,0,0,0,0,"","",-1,-1,-1,-1,-1,-1,-1,-1,-1,-1,-1,-1,-1,-1,-1,-1,-1,-1,-1,-1,1.51,2.23,0.00,0.00,3.50,50,100,100,50,0,50,100,100,100,14.00,2.00,0.00,0.00,0.00,0.00,0.00,0.00,0.00,0.00,0.00,Kras Stadion
1805482800,Mar 19 2027 - 7:00pm,incomplete,N/A,RKC Waalwijk,Oss,N/A,31,1.00,0.00,1.00,0.00,0,0,0,0,0,0,"","",-1,-1,-1,-1,-1,-1,-1,-1,-1,-1,-1,-1,-1,-1,-1,-1,-1,-1,-1,-1,1.67,1.22,0.00,0.00,3.00,50,75,75,50,0,0,100,75,75,11.50,2.50,0.00,0.00,0.00,0.00,0.00,0.00,0.00,0.00,0.00,Mandemakers Stadion
1805482800,Mar 19 2027 - 7:00pm,incomplete,N/A,Vitesse,Utrecht II,N/A,31,0.50,0.00,0.50,0.00,0,0,0,0,0,0,"","",-1,-1,-1,-1,-1,-1,-1,-1,-1,-1,-1,-1,-1,-1,-1,-1,-1,-1,-1,-1,1.77,1.50,0.00,0.00,2.75,75,100,75,0,0,50,75,25,100,11.50,3.00,0.00,0.00,0.00,0.00,0.00,0.00,0.00,0.00,0.00,GelreDome
1805482800,Mar 19 2027 - 7:00pm,incomplete,N/A,NAC Breda,AZ II,N/A,31,1.50,1.50,1.50,1.50,0,0,0,0,0,0,"","",-1,-1,-1,-1,-1,-1,-1,-1,-1,-1,-1,-1,-1,-1,-1,-1,-1,-1,-1,-1,2.32,1.86,0.00,0.00,4.50,75,100,75,75,50,25,75,75,100,11.00,4.50,0.00,0.00,0.00,0.00,0.00,0.00,0.00,0.00,0.00,Rat Verlegh Stadion
1805482800,Mar 19 2027 - 7:00pm,incomplete,N/A,Almere City,Dordrecht,N/A,31,3.00,1.00,3.00,1.00,0,0,0,0,0,0,"","",-1,-1,-1,-1,-1,-1,-1,-1,-1,-1,-1,-1,-1,-1,-1,-1,-1,-1,-1,-1,1.20,1.49,0.00,0.00,4.00,100,100,100,100,0,50,100,100,100,8.00,5.00,0.00,0.00,0.00,0.00,0.00,0.00,0.00,0.00,0.00,Yanmar Stadion
1805482800,Mar 19 2027 - 7:00pm,incomplete,N/A,Eindhoven,Helmond Sport,N/A,31,0.00,0.00,0.00,0.00,0,0,0,0,0,0,"","",-1,-1,-1,-1,-1,-1,-1,-1,-1,-1,-1,-1,-1,-1,-1,-1,-1,-1,-1,-1,1.50,0.63,0.00,0.00,4.00,100,100,100,50,50,100,100,50,100,7.00,3.00,0.00,0.00,0.00,0.00,0.00,0.00,0.00,0.00,0.00,Jan Louwers Stadion
1805482800,Mar 19 2027 - 7:00pm,incomplete,N/A,Emmen,VVV,N/A,31,3.00,3.00,3.00,3.00,0,0,0,0,0,0,"","",-1,-1,-1,-1,-1,-1,-1,-1,-1,-1,-1,-1,-1,-1,-1,-1,-1,-1,-1,-1,1.74,0.88,0.00,0.00,2.25,25,75,25,25,0,0,50,25,100,3.00,6.00,0.00,0.00,0.00,0.00,0.00,0.00,0.00,0.00,0.00,N/A
1805482800,Mar 19 2027 - 7:00pm,incomplete,N/A,Roda JC,Ajax II,N/A,31,3.00,0.00,3.00,0.00,0,0,0,0,0,0,"","",-1,-1,-1,-1,-1,-1,-1,-1,-1,-1,-1,-1,-1,-1,-1,-1,-1,-1,-1,-1,1.83,1.26,0.00,0.00,3.50,100,100,100,25,25,75,100,25,75,11.50,3.00,0.00,0.00,0.00,0.00,0.00,0.00,0.00,0.00,0.00,Parkstad Limburg Stadion
1805556600,Mar 20 2027 - 3:30pm,incomplete,N/A,MVV,De Graafschap,N/A,31,3.00,0.50,3.00,0.50,0,0,0,0,0,0,"","",-1,-1,-1,-1,-1,-1,-1,-1,-1,-1,-1,-1,-1,-1,-1,-1,-1,-1,-1,-1,1.30,1.60,0.00,0.00,2.25,75,75,50,0,0,75,75,0,50,8.00,3.50,0.00,0.00,0.00,0.00,0.00,0.00,0.00,0.00,0.00,De Geusselt
1806688800,Apr 02 2027 - 6:00pm,incomplete,N/A,Dordrecht,Volendam,N/A,32,1.50,0.00,1.50,0.00,0,0,0,0,0,0,"","",-1,-1,-1,-1,-1,-1,-1,-1,-1,-1,-1,-1,-1,-1,-1,-1,-1,-1,-1,-1,1.72,0.84,0.00,0.00,2.50,50,50,50,25,25,50,75,25,50,9.50,4.00,0.00,0.00,0.00,0.00,0.00,0.00,0.00,0.00,0.00,Riwal Hoogwerkers Stadion
1806688800,Apr 02 2027 - 6:00pm,incomplete,N/A,MVV,Emmen,N/A,32,3.00,3.00,3.00,3.00,0,0,0,0,0,0,"","",-1,-1,-1,-1,-1,-1,-1,-1,-1,-1,-1,-1,-1,-1,-1,-1,-1,-1,-1,-1,1.30,2.73,0.00,0.00,6.00,75,75,75,50,50,75,75,50,100,13.00,2.50,0.00,0.00,0.00,0.00,0.00,0.00,0.00,0.00,0.00,De Geusselt
1806688800,Apr 02 2027 - 6:00pm,incomplete,N/A,VVV,NAC Breda,N/A,32,1.50,3.00,1.50,3.00,0,0,0,0,0,0,"","",-1,-1,-1,-1,-1,-1,-1,-1,-1,-1,-1,-1,-1,-1,-1,-1,-1,-1,-1,-1,1.16,2.32,0.00,0.00,4.00,100,100,100,25,25,50,100,75,75,12.50,2.00,0.00,0.00,0.00,0.00,0.00,0.00,0.00,0.00,0.00,Seacon Stadion De Koel
1806688800,Apr 02 2027 - 6:00pm,incomplete,N/A,Helmond Sport,Almere City,N/A,32,1.00,2.00,1.00,2.00,0,0,0,0,0,0,"","",-1,-1,-1,-1,-1,-1,-1,-1,-1,-1,-1,-1,-1,-1,-1,-1,-1,-1,-1,-1,0.97,1.91,0.00,0.00,2.25,75,100,25,0,0,25,50,50,75,9.00,5.00,0.00,0.00,0.00,0.00,0.00,0.00,0.00,0.00,0.00,SolarUnie Stadion
1806688800,Apr 02 2027 - 6:00pm,incomplete,N/A,Oss,Den Bosch,N/A,32,0.00,0.00,0.00,0.00,0,0,0,0,0,0,"","",-1,-1,-1,-1,-1,-1,-1,-1,-1,-1,-1,-1,-1,-1,-1,-1,-1,-1,-1,-1,1.17,1.18,0.00,0.00,4.00,100,100,100,50,50,0,100,100,100,9.00,2.00,0.00,0.00,0.00,0.00,0.00,0.00,0.00,0.00,0.00,Frans Heesen Stadion
1806762600,Apr 03 2027 - 2:30pm,incomplete,N/A,Heracles,Eindhoven,N/A,32,3.00,1.50,3.00,1.50,0,0,0,0,0,0,"","",-1,-1,-1,-1,-1,-1,-1,-1,-1,-1,-1,-1,-1,-1,-1,-1,-1,-1,-1,-1,3.49,1.02,0.00,0.00,4.50,75,75,75,75,75,25,75,75,100,13.00,0.50,0.00,0.00,0.00,0.00,0.00,0.00,0.00,0.00,0.00,Polman Stadion
1806849900,Apr 04 2027 - 2:45pm,incomplete,N/A,De Graafschap,Roda JC,N/A,32,0.00,1.50,0.00,1.50,0,0,0,0,0,0,"","",-1,-1,-1,-1,-1,-1,-1,-1,-1,-1,-1,-1,-1,-1,-1,-1,-1,-1,-1,-1,2.10,1.08,0.00,0.00,4.00,50,50,50,50,50,50,75,50,75,7.50,7.00,0.00,0.00,0.00,0.00,0.00,0.00,0.00,0.00,0.00,Stadion De Vijverberg
1806948000,Apr 05 2027 - 6:00pm,incomplete,N/A,AZ II,Vitesse,N/A,32,0.00,3.00,0.00,3.00,0,0,0,0,0,0,"","",-1,-1,-1,-1,-1,-1,-1,-1,-1,-1,-1,-1,-1,-1,-1,-1,-1,-1,-1,-1,1.31,2.11,0.00,0.00,2.50,50,50,50,50,0,50,50,50,100,8.00,3.00,0.00,0.00,0.00,0.00,0.00,0.00,0.00,0.00,0.00,AFAS Trainingscomplex
1806948000,Apr 05 2027 - 6:00pm,incomplete,N/A,Ajax II,Utrecht II,N/A,32,0.00,0.00,0.00,0.00,0,0,0,0,0,0,"","",-1,-1,-1,-1,-1,-1,-1,-1,-1,-1,-1,-1,-1,-1,-1,-1,-1,-1,-1,-1,1.34,1.50,0.00,0.00,6.50,100,100,100,50,50,100,100,50,100,8.00,3.00,0.00,0.00,0.00,0.00,0.00,0.00,0.00,0.00,0.00,Sportpark De Toekomst 
1806948000,Apr 05 2027 - 6:00pm,incomplete,N/A,PSV II,RKC Waalwijk,N/A,32,3.00,1.00,3.00,1.00,0,0,0,0,0,0,"","",-1,-1,-1,-1,-1,-1,-1,-1,-1,-1,-1,-1,-1,-1,-1,-1,-1,-1,-1,-1,2.18,1.75,0.00,0.00,2.50,75,75,25,25,25,25,100,25,75,9.50,3.00,0.00,0.00,0.00,0.00,0.00,0.00,0.00,0.00,0.00,Sportcomplex De Herdgang
1807293600,Apr 09 2027 - 6:00pm,incomplete,N/A,De Graafschap,VVV,N/A,33,0.00,3.00,0.00,3.00,0,0,0,0,0,0,"","",-1,-1,-1,-1,-1,-1,-1,-1,-1,-1,-1,-1,-1,-1,-1,-1,-1,-1,-1,-1,2.10,0.88,0.00,0.00,4.50,50,100,50,50,50,50,100,50,100,6.00,8.00,0.00,0.00,0.00,0.00,0.00,0.00,0.00,0.00,0.00,Stadion De Vijverberg
1807293600,Apr 09 2027 - 6:00pm,incomplete,N/A,Emmen,Vitesse,N/A,33,3.00,3.00,3.00,3.00,0,0,0,0,0,0,"","",-1,-1,-1,-1,-1,-1,-1,-1,-1,-1,-1,-1,-1,-1,-1,-1,-1,-1,-1,-1,1.74,2.11,0.00,0.00,3.25,75,75,75,75,0,50,50,75,100,5.00,5.00,0.00,0.00,0.00,0.00,0.00,0.00,0.00,0.00,0.00,N/A
1807293600,Apr 09 2027 - 6:00pm,incomplete,N/A,Dordrecht,Helmond Sport,N/A,33,1.50,0.00,1.50,0.00,0,0,0,0,0,0,"","",-1,-1,-1,-1,-1,-1,-1,-1,-1,-1,-1,-1,-1,-1,-1,-1,-1,-1,-1,-1,1.72,0.63,0.00,0.00,2.50,75,75,75,0,0,75,100,0,50,8.50,5.00,0.00,0.00,0.00,0.00,0.00,0.00,0.00,0.00,0.00,Riwal Hoogwerkers Stadion
1807293600,Apr 09 2027 - 6:00pm,incomplete,N/A,Almere City,RKC Waalwijk,N/A,33,3.00,1.00,3.00,1.00,0,0,0,0,0,0,"","",-1,-1,-1,-1,-1,-1,-1,-1,-1,-1,-1,-1,-1,-1,-1,-1,-1,-1,-1,-1,1.20,1.75,0.00,0.00,3.00,100,100,50,50,0,50,100,50,100,6.00,3.00,0.00,0.00,0.00,0.00,0.00,0.00,0.00,0.00,0.00,Yanmar Stadion
1807293600,Apr 09 2027 - 6:00pm,incomplete,N/A,Den Bosch,NAC Breda,N/A,33,2.00,3.00,2.00,3.00,0,0,0,0,0,0,"","",-1,-1,-1,-1,-1,-1,-1,-1,-1,-1,-1,-1,-1,-1,-1,-1,-1,-1,-1,-1,1.98,2.32,0.00,0.00,3.75,100,100,75,25,25,25,75,100,100,14.50,1.50,0.00,0.00,0.00,0.00,0.00,0.00,0.00,0.00,0.00,Stadion De Vliert
1807293600,Apr 09 2027 - 6:00pm,incomplete,N/A,Eindhoven,Oss,N/A,33,0.00,0.00,0.00,0.00,0,0,0,0,0,0,"","",-1,-1,-1,-1,-1,-1,-1,-1,-1,-1,-1,-1,-1,-1,-1,-1,-1,-1,-1,-1,1.50,1.22,0.00,0.00,3.50,50,75,75,50,50,50,100,75,75,13.50,1.50,0.00,0.00,0.00,0.00,0.00,0.00,0.00,0.00,0.00,Jan Louwers Stadion
1807367400,Apr 10 2027 - 2:30pm,incomplete,N/A,Volendam,Heracles,N/A,33,3.00,3.00,3.00,3.00,0,0,0,0,0,0,"","",-1,-1,-1,-1,-1,-1,-1,-1,-1,-1,-1,-1,-1,-1,-1,-1,-1,-1,-1,-1,1.51,2.31,0.00,0.00,5.00,50,100,100,50,50,50,100,100,100,13.00,2.50,0.00,0.00,0.00,0.00,0.00,0.00,0.00,0.00,0.00,Kras Stadion
1807454700,Apr 11 2027 - 2:45pm,incomplete,N/A,Roda JC,MVV,N/A,33,3.00,3.00,3.00,3.00,0,0,0,0,0,0,"","",-1,-1,-1,-1,-1,-1,-1,-1,-1,-1,-1,-1,-1,-1,-1,-1,-1,-1,-1,-1,1.83,1.77,0.00,0.00,4.00,100,100,100,50,50,100,100,50,100,10.00,1.00,0.00,0.00,0.00,0.00,0.00,0.00,0.00,0.00,0.00,Parkstad Limburg Stadion
1807552800,Apr 12 2027 - 6:00pm,incomplete,N/A,Ajax II,PSV II,N/A,33,0.00,0.00,0.00,0.00,0,0,0,0,0,0,"","",-1,-1,-1,-1,-1,-1,-1,-1,-1,-1,-1,-1,-1,-1,-1,-1,-1,-1,-1,-1,1.34,2.23,0.00,0.00,7.00,100,100,100,100,50,100,100,100,100,10.00,3.00,0.00,0.00,0.00,0.00,0.00,0.00,0.00,0.00,0.00,Sportpark De Toekomst 
1807552800,Apr 12 2027 - 6:00pm,incomplete,N/A,Utrecht II,AZ II,N/A,33,0.00,1.50,0.00,1.50,0,0,0,0,0,0,"","",-1,-1,-1,-1,-1,-1,-1,-1,-1,-1,-1,-1,-1,-1,-1,-1,-1,-1,-1,-1,1.38,1.86,0.00,0.00,5.50,100,100,100,100,50,75,75,100,100,5.50,2.50,0.00,0.00,0.00,0.00,0.00,0.00,0.00,0.00,0.00,N/A
1807898400,Apr 16 2027 - 6:00pm,incomplete,N/A,NAC Breda,Almere City,N/A,34,1.50,2.00,1.50,2.00,0,0,0,0,0,0,"","",-1,-1,-1,-1,-1,-1,-1,-1,-1,-1,-1,-1,-1,-1,-1,-1,-1,-1,-1,-1,2.32,1.91,0.00,0.00,3.00,50,100,50,25,25,0,50,75,100,12.00,5.50,0.00,0.00,0.00,0.00,0.00,0.00,0.00,0.00,0.00,Rat Verlegh Stadion
1807898400,Apr 16 2027 - 6:00pm,incomplete,N/A,Oss,Emmen,N/A,34,0.00,3.00,0.00,3.00,0,0,0,0,0,0,"","",-1,-1,-1,-1,-1,-1,-1,-1,-1,-1,-1,-1,-1,-1,-1,-1,-1,-1,-1,-1,1.17,2.73,0.00,0.00,6.50,100,100,100,50,50,50,100,100,100,12.00,2.00,0.00,0.00,0.00,0.00,0.00,0.00,0.00,0.00,0.00,Frans Heesen Stadion
1807898400,Apr 16 2027 - 6:00pm,incomplete,N/A,Helmond Sport,Den Bosch,N/A,34,1.00,0.00,1.00,0.00,0,0,0,0,0,0,"","",-1,-1,-1,-1,-1,-1,-1,-1,-1,-1,-1,-1,-1,-1,-1,-1,-1,-1,-1,-1,0.97,1.18,0.00,0.00,3.50,100,100,50,50,50,25,100,50,75,11.00,3.50,0.00,0.00,0.00,0.00,0.00,0.00,0.00,0.00,0.00,SolarUnie Stadion
1807898400,Apr 16 2027 - 6:00pm,incomplete,N/A,Heracles,Ajax II,N/A,34,3.00,0.00,3.00,0.00,0,0,0,0,0,0,"","",-1,-1,-1,-1,-1,-1,-1,-1,-1,-1,-1,-1,-1,-1,-1,-1,-1,-1,-1,-1,3.49,1.26,0.00,0.00,4.50,100,100,100,75,75,25,100,75,75,14.50,3.00,0.00,0.00,0.00,0.00,0.00,0.00,0.00,0.00,0.00,Polman Stadion
1807898400,Apr 16 2027 - 6:00pm,incomplete,N/A,Vitesse,Dordrecht,N/A,34,0.50,1.00,0.50,1.00,0,0,0,0,0,0,"","",-1,-1,-1,-1,-1,-1,-1,-1,-1,-1,-1,-1,-1,-1,-1,-1,-1,-1,-1,-1,1.77,1.49,0.00,0.00,3.25,75,100,75,50,0,0,75,75,100,11.50,6.00,0.00,0.00,0.00,0.00,0.00,0.00,0.00,0.00,0.00,GelreDome
1807898400,Apr 16 2027 - 6:00pm,incomplete,N/A,RKC Waalwijk,Eindhoven,N/A,34,1.00,1.50,1.00,1.50,0,0,0,0,0,0,"","",-1,-1,-1,-1,-1,-1,-1,-1,-1,-1,-1,-1,-1,-1,-1,-1,-1,-1,-1,-1,1.67,1.02,0.00,0.00,4.00,75,75,75,75,25,25,75,75,100,6.00,1.50,0.00,0.00,0.00,0.00,0.00,0.00,0.00,0.00,0.00,Mandemakers Stadion
1807972200,Apr 17 2027 - 2:30pm,incomplete,N/A,VVV,MVV,N/A,34,1.50,3.00,1.50,3.00,0,0,0,0,0,0,"","",-1,-1,-1,-1,-1,-1,-1,-1,-1,-1,-1,-1,-1,-1,-1,-1,-1,-1,-1,-1,1.16,1.77,0.00,0.00,5.00,100,100,100,75,75,100,100,75,75,6.50,2.00,0.00,0.00,0.00,0.00,0.00,0.00,0.00,0.00,0.00,Seacon Stadion De Koel
1808157600,Apr 19 2027 - 6:00pm,incomplete,N/A,PSV II,Roda JC,N/A,34,3.00,1.50,3.00,1.50,0,0,0,0,0,0,"","",-1,-1,-1,-1,-1,-1,-1,-1,-1,-1,-1,-1,-1,-1,-1,-1,-1,-1,-1,-1,2.18,1.08,0.00,0.00,2.00,25,25,25,25,25,25,75,25,50,9.00,3.00,0.00,0.00,0.00,0.00,0.00,0.00,0.00,0.00,0.00,Sportcomplex De Herdgang
1808157600,Apr 19 2027 - 6:00pm,incomplete,N/A,AZ II,De Graafschap,N/A,34,0.00,0.50,0.00,0.50,0,0,0,0,0,0,"","",-1,-1,-1,-1,-1,-1,-1,-1,-1,-1,-1,-1,-1,-1,-1,-1,-1,-1,-1,-1,1.31,1.60,0.00,0.00,1.75,50,50,25,0,0,50,50,0,50,9.00,3.00,0.00,0.00,0.00,0.00,0.00,0.00,0.00,0.00,0.00,AFAS Trainingscomplex
1808157600,Apr 19 2027 - 6:00pm,incomplete,N/A,Utrecht II,Volendam,N/A,34,0.00,0.00,0.00,0.00,0,0,0,0,0,0,"","",-1,-1,-1,-1,-1,-1,-1,-1,-1,-1,-1,-1,-1,-1,-1,-1,-1,-1,-1,-1,1.38,0.84,0.00,0.00,4.25,75,75,75,75,50,75,75,75,100,4.50,3.00,0.00,0.00,0.00,0.00,0.00,0.00,0.00,0.00,0.00,N/A
1808503200,Apr 23 2027 - 6:00pm,incomplete,N/A,Emmen,Heracles,N/A,35,3.00,3.00,3.00,3.00,0,0,0,0,0,0,"","",-1,-1,-1,-1,-1,-1,-1,-1,-1,-1,-1,-1,-1,-1,-1,-1,-1,-1,-1,-1,1.74,2.31,0.00,0.00,4.75,75,75,75,75,50,50,50,75,100,8.00,4.50,0.00,0.00,0.00,0.00,0.00,0.00,0.00,0.00,0.00,N/A
1808503200,Apr 23 2027 - 6:00pm,incomplete,N/A,Volendam,Roda JC,N/A,35,3.00,1.50,3.00,1.50,0,0,0,0,0,0,"","",-1,-1,-1,-1,-1,-1,-1,-1,-1,-1,-1,-1,-1,-1,-1,-1,-1,-1,-1,-1,1.51,1.08,0.00,0.00,2.00,0,50,50,0,0,0,75,50,75,9.50,3.00,0.00,0.00,0.00,0.00,0.00,0.00,0.00,0.00,0.00,Kras Stadion
1808503200,Apr 23 2027 - 6:00pm,incomplete,N/A,Den Bosch,AZ II,N/A,35,2.00,1.50,2.00,1.50,0,0,0,0,0,0,"","",-1,-1,-1,-1,-1,-1,-1,-1,-1,-1,-1,-1,-1,-1,-1,-1,-1,-1,-1,-1,1.98,1.86,0.00,0.00,5.00,100,100,75,75,50,50,50,100,100,9.50,2.00,0.00,0.00,0.00,0.00,0.00,0.00,0.00,0.00,0.00,Stadion De Vliert
1808503200,Apr 23 2027 - 6:00pm,incomplete,N/A,Almere City,Oss,N/A,35,3.00,0.00,3.00,0.00,0,0,0,0,0,0,"","",-1,-1,-1,-1,-1,-1,-1,-1,-1,-1,-1,-1,-1,-1,-1,-1,-1,-1,-1,-1,1.20,1.22,0.00,0.00,3.00,50,75,75,50,0,50,100,75,75,10.50,2.50,0.00,0.00,0.00,0.00,0.00,0.00,0.00,0.00,0.00,Yanmar Stadion
1808503200,Apr 23 2027 - 6:00pm,incomplete,N/A,Eindhoven,VVV,N/A,35,0.00,3.00,0.00,3.00,0,0,0,0,0,0,"","",-1,-1,-1,-1,-1,-1,-1,-1,-1,-1,-1,-1,-1,-1,-1,-1,-1,-1,-1,-1,1.50,0.88,0.00,0.00,3.50,50,100,50,50,50,50,100,50,100,7.00,3.00,0.00,0.00,0.00,0.00,0.00,0.00,0.00,0.00,0.00,Jan Louwers Stadion
1808503200,Apr 23 2027 - 6:00pm,incomplete,N/A,Dordrecht,PSV II,N/A,35,1.50,0.00,1.50,0.00,0,0,0,0,0,0,"","",-1,-1,-1,-1,-1,-1,-1,-1,-1,-1,-1,-1,-1,-1,-1,-1,-1,-1,-1,-1,1.72,2.23,0.00,0.00,3.00,75,75,75,50,0,75,100,50,50,14.50,3.00,0.00,0.00,0.00,0.00,0.00,0.00,0.00,0.00,0.00,Riwal Hoogwerkers Stadion
1808503200,Apr 23 2027 - 6:00pm,incomplete,N/A,MVV,NAC Breda,N/A,35,3.00,3.00,3.00,3.00,0,0,0,0,0,0,"","",-1,-1,-1,-1,-1,-1,-1,-1,-1,-1,-1,-1,-1,-1,-1,-1,-1,-1,-1,-1,1.30,2.32,0.00,0.00,2.50,75,75,75,0,0,25,75,50,100,12.00,2.50,0.00,0.00,0.00,0.00,0.00,0.00,0.00,0.00,0.00,De Geusselt
1808577000,Apr 24 2027 - 2:30pm,incomplete,N/A,Helmond Sport,Ajax II,N/A,35,1.00,0.00,1.00,0.00,0,0,0,0,0,0,"","",-1,-1,-1,-1,-1,-1,-1,-1,-1,-1,-1,-1,-1,-1,-1,-1,-1,-1,-1,-1,0.97,1.26,0.00,0.00,3.00,100,100,50,25,25,50,100,25,50,8.50,5.50,0.00,0.00,0.00,0.00,0.00,0.00,0.00,0.00,0.00,SolarUnie Stadion
1808648100,Apr 25 2027 - 10:15am,incomplete,N/A,De Graafschap,Vitesse,N/A,35,0.00,3.00,0.00,3.00,0,0,0,0,0,0,"","",-1,-1,-1,-1,-1,-1,-1,-1,-1,-1,-1,-1,-1,-1,-1,-1,-1,-1,-1,-1,2.10,2.11,0.00,0.00,5.50,100,100,100,100,50,100,100,100,100,8.00,7.00,0.00,0.00,0.00,0.00,0.00,0.00,0.00,0.00,0.00,Stadion De Vijverberg
1808664300,Apr 25 2027 - 2:45pm,incomplete,N/A,RKC Waalwijk,Utrecht II,N/A,35,1.00,0.00,1.00,0.00,0,0,0,0,0,0,"","",-1,-1,-1,-1,-1,-1,-1,-1,-1,-1,-1,-1,-1,-1,-1,-1,-1,-1,-1,-1,1.67,1.50,0.00,0.00,3.50,100,100,100,50,0,50,100,50,100,9.00,2.00,0.00,0.00,0.00,0.00,0.00,0.00,0.00,0.00,0.00,Mandemakers Stadion
1809108000,Apr 30 2027 - 6:00pm,incomplete,N/A,Oss,De Graafschap,N/A,36,0.00,0.50,0.00,0.50,0,0,0,0,0,0,"","",-1,-1,-1,-1,-1,-1,-1,-1,-1,-1,-1,-1,-1,-1,-1,-1,-1,-1,-1,-1,1.17,1.60,0.00,0.00,2.75,100,100,75,0,0,50,100,50,50,7.00,3.00,0.00,0.00,0.00,0.00,0.00,0.00,0.00,0.00,0.00,Frans Heesen Stadion
1809108000,Apr 30 2027 - 6:00pm,incomplete,N/A,NAC Breda,RKC Waalwijk,N/A,36,1.50,1.00,1.50,1.00,0,0,0,0,0,0,"","",-1,-1,-1,-1,-1,-1,-1,-1,-1,-1,-1,-1,-1,-1,-1,-1,-1,-1,-1,-1,2.32,1.75,0.00,0.00,2.75,75,100,25,25,25,0,100,25,100,11.00,5.00,0.00,0.00,0.00,0.00,0.00,0.00,0.00,0.00,0.00,Rat Verlegh Stadion
1809108000,Apr 30 2027 - 6:00pm,incomplete,N/A,Roda JC,Emmen,N/A,36,3.00,3.00,3.00,3.00,0,0,0,0,0,0,"","",-1,-1,-1,-1,-1,-1,-1,-1,-1,-1,-1,-1,-1,-1,-1,-1,-1,-1,-1,-1,1.83,2.73,0.00,0.00,6.50,100,100,100,50,50,100,100,50,100,17.00,1.00,0.00,0.00,0.00,0.00,0.00,0.00,0.00,0.00,0.00,Parkstad Limburg Stadion
1809108000,Apr 30 2027 - 6:00pm,incomplete,N/A,Vitesse,Volendam,N/A,36,0.50,0.00,0.50,0.00,0,0,0,0,0,0,"","",-1,-1,-1,-1,-1,-1,-1,-1,-1,-1,-1,-1,-1,-1,-1,-1,-1,-1,-1,-1,1.77,0.84,0.00,0.00,2.75,50,75,50,25,25,25,50,50,100,8.50,4.00,0.00,0.00,0.00,0.00,0.00,0.00,0.00,0.00,0.00,GelreDome
1809108000,Apr 30 2027 - 6:00pm,incomplete,N/A,Heracles,Almere City,N/A,36,3.00,2.00,3.00,2.00,0,0,0,0,0,0,"","",-1,-1,-1,-1,-1,-1,-1,-1,-1,-1,-1,-1,-1,-1,-1,-1,-1,-1,-1,-1,3.49,1.91,0.00,0.00,3.75,75,100,75,50,50,0,50,100,100,15.00,2.50,0.00,0.00,0.00,0.00,0.00,0.00,0.00,0.00,0.00,Polman Stadion
1809181800,May 01 2027 - 2:30pm,incomplete,N/A,VVV,Helmond Sport,N/A,36,1.50,0.00,1.50,0.00,0,0,0,0,0,0,"","",-1,-1,-1,-1,-1,-1,-1,-1,-1,-1,-1,-1,-1,-1,-1,-1,-1,-1,-1,-1,1.16,0.63,0.00,0.00,4.00,100,100,100,25,25,100,100,25,75,5.50,4.00,0.00,0.00,0.00,0.00,0.00,0.00,0.00,0.00,0.00,Seacon Stadion De Koel
1809367200,May 03 2027 - 6:00pm,incomplete,N/A,Utrecht II,Den Bosch,N/A,36,0.00,0.00,0.00,0.00,0,0,0,0,0,0,"","",-1,-1,-1,-1,-1,-1,-1,-1,-1,-1,-1,-1,-1,-1,-1,-1,-1,-1,-1,-1,1.38,1.18,0.00,0.00,5.25,100,100,100,100,75,50,100,100,100,8.50,2.00,0.00,0.00,0.00,0.00,0.00,0.00,0.00,0.00,0.00,N/A
1809367200,May 03 2027 - 6:00pm,incomplete,N/A,Ajax II,Eindhoven,N/A,36,0.00,1.50,0.00,1.50,0,0,0,0,0,0,"","",-1,-1,-1,-1,-1,-1,-1,-1,-1,-1,-1,-1,-1,-1,-1,-1,-1,-1,-1,-1,1.34,1.02,0.00,0.00,7.00,75,75,75,75,75,75,75,75,100,5.00,2.50,0.00,0.00,0.00,0.00,0.00,0.00,0.00,0.00,0.00,Sportpark De Toekomst 
1809367200,May 03 2027 - 6:00pm,incomplete,N/A,AZ II,Dordrecht,N/A,36,0.00,1.00,0.00,1.00,0,0,0,0,0,0,"","",-1,-1,-1,-1,-1,-1,-1,-1,-1,-1,-1,-1,-1,-1,-1,-1,-1,-1,-1,-1,1.31,1.49,0.00,0.00,2.50,50,50,50,50,0,0,50,50,100,10.00,5.00,0.00,0.00,0.00,0.00,0.00,0.00,0.00,0.00,0.00,AFAS Trainingscomplex
1809367200,May 03 2027 - 6:00pm,incomplete,N/A,PSV II,MVV,N/A,36,3.00,3.00,3.00,3.00,0,0,0,0,0,0,"","",-1,-1,-1,-1,-1,-1,-1,-1,-1,-1,-1,-1,-1,-1,-1,-1,-1,-1,-1,-1,2.18,1.77,0.00,0.00,4.00,75,75,75,75,75,75,100,75,75,8.50,2.00,0.00,0.00,0.00,0.00,0.00,0.00,0.00,0.00,0.00,Sportcomplex De Herdgang
1809712800,May 07 2027 - 6:00pm,incomplete,N/A,Eindhoven,NAC Breda,N/A,37,0.00,3.00,0.00,3.00,0,0,0,0,0,0,"","",-1,-1,-1,-1,-1,-1,-1,-1,-1,-1,-1,-1,-1,-1,-1,-1,-1,-1,-1,-1,1.50,2.32,0.00,0.00,4.00,100,100,100,50,50,50,100,100,100,14.00,1.00,0.00,0.00,0.00,0.00,0.00,0.00,0.00,0.00,0.00,Jan Louwers Stadion
1809712800,May 07 2027 - 6:00pm,incomplete,N/A,Emmen,Utrecht II,N/A,37,3.00,0.00,3.00,0.00,0,0,0,0,0,0,"","",-1,-1,-1,-1,-1,-1,-1,-1,-1,-1,-1,-1,-1,-1,-1,-1,-1,-1,-1,-1,1.74,1.50,0.00,0.00,2.75,75,75,75,25,0,50,50,25,100,7.00,4.00,0.00,0.00,0.00,0.00,0.00,0.00,0.00,0.00,0.00,N/A
1809712800,May 07 2027 - 6:00pm,incomplete,N/A,Ajax II,Oss,N/A,37,0.00,0.00,0.00,0.00,0,0,0,0,0,0,"","",-1,-1,-1,-1,-1,-1,-1,-1,-1,-1,-1,-1,-1,-1,-1,-1,-1,-1,-1,-1,1.34,1.22,0.00,0.00,6.00,50,75,75,50,50,50,100,75,75,10.50,3.50,0.00,0.00,0.00,0.00,0.00,0.00,0.00,0.00,0.00,Sportpark De Toekomst 
1809712800,May 07 2027 - 6:00pm,incomplete,N/A,De Graafschap,PSV II,N/A,37,0.00,0.00,0.00,0.00,0,0,0,0,0,0,"","",-1,-1,-1,-1,-1,-1,-1,-1,-1,-1,-1,-1,-1,-1,-1,-1,-1,-1,-1,-1,2.10,2.23,0.00,0.00,5.50,100,100,100,100,50,100,100,100,100,12.00,6.00,0.00,0.00,0.00,0.00,0.00,0.00,0.00,0.00,0.00,Stadion De Vijverberg
1809712800,May 07 2027 - 6:00pm,incomplete,N/A,RKC Waalwijk,VVV,N/A,37,1.00,3.00,1.00,3.00,0,0,0,0,0,0,"","",-1,-1,-1,-1,-1,-1,-1,-1,-1,-1,-1,-1,-1,-1,-1,-1,-1,-1,-1,-1,1.67,0.88,0.00,0.00,3.00,50,100,50,50,0,0,100,50,100,5.00,4.00,0.00,0.00,0.00,0.00,0.00,0.00,0.00,0.00,0.00,Mandemakers Stadion
1809712800,May 07 2027 - 6:00pm,incomplete,N/A,Volendam,MVV,N/A,37,3.00,3.00,3.00,3.00,0,0,0,0,0,0,"","",-1,-1,-1,-1,-1,-1,-1,-1,-1,-1,-1,-1,-1,-1,-1,-1,-1,-1,-1,-1,1.51,1.77,0.00,0.00,4.00,50,100,100,50,50,50,100,100,100,9.00,2.00,0.00,0.00,0.00,0.00,0.00,0.00,0.00,0.00,0.00,Kras Stadion
1809712800,May 07 2027 - 6:00pm,incomplete,N/A,Helmond Sport,Vitesse,N/A,37,1.00,3.00,1.00,3.00,0,0,0,0,0,0,"","",-1,-1,-1,-1,-1,-1,-1,-1,-1,-1,-1,-1,-1,-1,-1,-1,-1,-1,-1,-1,0.97,2.11,0.00,0.00,3.00,100,100,50,50,0,75,100,50,75,8.00,4.50,0.00,0.00,0.00,0.00,0.00,0.00,0.00,0.00,0.00,SolarUnie Stadion
1809712800,May 07 2027 - 6:00pm,incomplete,N/A,Almere City,AZ II,N/A,37,3.00,1.50,3.00,1.50,0,0,0,0,0,0,"","",-1,-1,-1,-1,-1,-1,-1,-1,-1,-1,-1,-1,-1,-1,-1,-1,-1,-1,-1,-1,1.20,1.86,0.00,0.00,4.75,100,100,100,100,25,75,75,100,100,6.00,2.50,0.00,0.00,0.00,0.00,0.00,0.00,0.00,0.00,0.00,Yanmar Stadion
1809712800,May 07 2027 - 6:00pm,incomplete,N/A,Heracles,Dordrecht,N/A,37,3.00,1.00,3.00,1.00,0,0,0,0,0,0,"","",-1,-1,-1,-1,-1,-1,-1,-1,-1,-1,-1,-1,-1,-1,-1,-1,-1,-1,-1,-1,3.49,1.49,0.00,0.00,4.50,100,100,100,100,50,0,100,100,100,16.00,4.00,0.00,0.00,0.00,0.00,0.00,0.00,0.00,0.00,0.00,Polman Stadion
1809712800,May 07 2027 - 6:00pm,incomplete,N/A,Den Bosch,Roda JC,N/A,37,2.00,1.50,2.00,1.50,0,0,0,0,0,0,"","",-1,-1,-1,-1,-1,-1,-1,-1,-1,-1,-1,-1,-1,-1,-1,-1,-1,-1,-1,-1,1.98,1.08,0.00,0.00,2.75,50,50,25,25,25,25,50,50,75,9.00,2.50,0.00,0.00,0.00,0.00,0.00,0.00,0.00,0.00,0.00,Stadion De Vliert
1810317600,May 14 2027 - 6:00pm,incomplete,N/A,Roda JC,Almere City,N/A,38,3.00,2.00,3.00,2.00,0,0,0,0,0,0,"","",-1,-1,-1,-1,-1,-1,-1,-1,-1,-1,-1,-1,-1,-1,-1,-1,-1,-1,-1,-1,1.83,1.91,0.00,0.00,2.75,75,100,75,0,0,50,50,50,100,12.00,2.50,0.00,0.00,0.00,0.00,0.00,0.00,0.00,0.00,0.00,Parkstad Limburg Stadion
1810317600,May 14 2027 - 6:00pm,incomplete,N/A,Oss,Volendam,N/A,38,0.00,0.00,0.00,0.00,0,0,0,0,0,0,"","",-1,-1,-1,-1,-1,-1,-1,-1,-1,-1,-1,-1,-1,-1,-1,-1,-1,-1,-1,-1,1.17,0.84,0.00,0.00,3.00,75,75,75,25,25,25,75,75,100,5.00,3.00,0.00,0.00,0.00,0.00,0.00,0.00,0.00,0.00,0.00,Frans Heesen Stadion
1810317600,May 14 2027 - 6:00pm,incomplete,N/A,AZ II,Ajax II,N/A,38,0.00,0.00,0.00,0.00,0,0,0,0,0,0,"","",-1,-1,-1,-1,-1,-1,-1,-1,-1,-1,-1,-1,-1,-1,-1,-1,-1,-1,-1,-1,1.31,1.26,0.00,0.00,2.50,50,50,50,25,25,25,50,25,75,8.50,4.00,0.00,0.00,0.00,0.00,0.00,0.00,0.00,0.00,0.00,AFAS Trainingscomplex
1810317600,May 14 2027 - 6:00pm,incomplete,N/A,Utrecht II,Helmond Sport,N/A,38,0.00,0.00,0.00,0.00,0,0,0,0,0,0,"","",-1,-1,-1,-1,-1,-1,-1,-1,-1,-1,-1,-1,-1,-1,-1,-1,-1,-1,-1,-1,1.38,0.63,0.00,0.00,4.25,100,100,100,50,25,100,100,50,100,3.50,4.00,0.00,0.00,0.00,0.00,0.00,0.00,0.00,0.00,0.00,N/A
1810317600,May 14 2027 - 6:00pm,incomplete,N/A,Dordrecht,RKC Waalwijk,N/A,38,1.50,1.00,1.50,1.00,0,0,0,0,0,0,"","",-1,-1,-1,-1,-1,-1,-1,-1,-1,-1,-1,-1,-1,-1,-1,-1,-1,-1,-1,-1,1.72,1.75,0.00,0.00,2.00,75,75,25,0,0,25,100,0,50,10.50,4.00,0.00,0.00,0.00,0.00,0.00,0.00,0.00,0.00,0.00,Riwal Hoogwerkers Stadion
1810317600,May 14 2027 - 6:00pm,incomplete,N/A,PSV II,Emmen,N/A,38,3.00,3.00,3.00,3.00,0,0,0,0,0,0,"","",-1,-1,-1,-1,-1,-1,-1,-1,-1,-1,-1,-1,-1,-1,-1,-1,-1,-1,-1,-1,2.18,2.73,0.00,0.00,6.50,75,75,75,75,75,75,100,75,75,15.50,2.00,0.00,0.00,0.00,0.00,0.00,0.00,0.00,0.00,0.00,Sportcomplex De Herdgang
1810317600,May 14 2027 - 6:00pm,incomplete,N/A,VVV,Den Bosch,N/A,38,1.50,0.00,1.50,0.00,0,0,0,0,0,0,"","",-1,-1,-1,-1,-1,-1,-1,-1,-1,-1,-1,-1,-1,-1,-1,-1,-1,-1,-1,-1,1.16,1.18,0.00,0.00,5.00,100,100,100,75,75,50,100,75,75,10.50,2.00,0.00,0.00,0.00,0.00,0.00,0.00,0.00,0.00,0.00,Seacon Stadion De Koel
1810317600,May 14 2027 - 6:00pm,incomplete,N/A,Vitesse,Heracles,N/A,38,0.50,3.00,0.50,3.00,0,0,0,0,0,0,"","",-1,-1,-1,-1,-1,-1,-1,-1,-1,-1,-1,-1,-1,-1,-1,-1,-1,-1,-1,-1,1.77,2.31,0.00,0.00,4.75,75,100,75,50,50,50,75,75,100,12.50,3.50,0.00,0.00,0.00,0.00,0.00,0.00,0.00,0.00,0.00,GelreDome
1810317600,May 14 2027 - 6:00pm,incomplete,N/A,MVV,Eindhoven,N/A,38,3.00,1.50,3.00,1.50,0,0,0,0,0,0,"","",-1,-1,-1,-1,-1,-1,-1,-1,-1,-1,-1,-1,-1,-1,-1,-1,-1,-1,-1,-1,1.30,1.02,0.00,0.00,3.00,50,50,50,25,25,50,50,25,100,6.00,2.00,0.00,0.00,0.00,0.00,0.00,0.00,0.00,0.00,0.00,De Geusselt
1810317600,May 14 2027 - 6:00pm,incomplete,N/A,NAC Breda,De Graafschap,N/A,38,1.50,0.50,1.50,0.50,0,0,0,0,0,0,"","",-1,-1,-1,-1,-1,-1,-1,-1,-1,-1,-1,-1,-1,-1,-1,-1,-1,-1,-1,-1,2.32,1.60,0.00,0.00,3.00,75,100,50,25,25,50,100,25,50,12.00,5.00,0.00,0.00,0.00,0.00,0.00,0.00,0.00,0.00,0.00,Rat Verlegh Stadion
